-- phpMyAdmin SQL Dump
-- version 4.8.5
-- https://www.phpmyadmin.net/
--
-- Host: 127.0.0.1
-- Waktu pembuatan: 26 Jun 2020 pada 11.45
-- Versi server: 10.1.40-MariaDB
-- Versi PHP: 7.3.5

SET SQL_MODE = "NO_AUTO_VALUE_ON_ZERO";
SET AUTOCOMMIT = 0;
START TRANSACTION;
SET time_zone = "+00:00";


/*!40101 SET @OLD_CHARACTER_SET_CLIENT=@@CHARACTER_SET_CLIENT */;
/*!40101 SET @OLD_CHARACTER_SET_RESULTS=@@CHARACTER_SET_RESULTS */;
/*!40101 SET @OLD_COLLATION_CONNECTION=@@COLLATION_CONNECTION */;
/*!40101 SET NAMES utf8mb4 */;

--
-- Database: `ojs2_eltek`
--

-- --------------------------------------------------------

--
-- Struktur dari tabel `access_keys`
--

CREATE TABLE `access_keys` (
  `access_key_id` bigint(20) NOT NULL,
  `context` varchar(40) NOT NULL,
  `key_hash` varchar(40) NOT NULL,
  `user_id` bigint(20) NOT NULL,
  `assoc_id` bigint(20) DEFAULT NULL,
  `expiry_date` datetime NOT NULL
) ENGINE=InnoDB DEFAULT CHARSET=utf8;

-- --------------------------------------------------------

--
-- Struktur dari tabel `announcements`
--

CREATE TABLE `announcements` (
  `announcement_id` bigint(20) NOT NULL,
  `assoc_type` smallint(6) DEFAULT NULL,
  `assoc_id` bigint(20) NOT NULL,
  `type_id` bigint(20) DEFAULT NULL,
  `date_expire` datetime DEFAULT NULL,
  `date_posted` datetime NOT NULL
) ENGINE=InnoDB DEFAULT CHARSET=utf8;

-- --------------------------------------------------------

--
-- Struktur dari tabel `announcement_settings`
--

CREATE TABLE `announcement_settings` (
  `announcement_id` bigint(20) NOT NULL,
  `locale` varchar(14) NOT NULL DEFAULT '',
  `setting_name` varchar(255) NOT NULL,
  `setting_value` text,
  `setting_type` varchar(6) NOT NULL
) ENGINE=InnoDB DEFAULT CHARSET=utf8;

-- --------------------------------------------------------

--
-- Struktur dari tabel `announcement_types`
--

CREATE TABLE `announcement_types` (
  `type_id` bigint(20) NOT NULL,
  `assoc_type` smallint(6) DEFAULT NULL,
  `assoc_id` bigint(20) NOT NULL
) ENGINE=InnoDB DEFAULT CHARSET=utf8;

-- --------------------------------------------------------

--
-- Struktur dari tabel `announcement_type_settings`
--

CREATE TABLE `announcement_type_settings` (
  `type_id` bigint(20) NOT NULL,
  `locale` varchar(14) NOT NULL DEFAULT '',
  `setting_name` varchar(255) NOT NULL,
  `setting_value` text,
  `setting_type` varchar(6) NOT NULL
) ENGINE=InnoDB DEFAULT CHARSET=utf8;

-- --------------------------------------------------------

--
-- Struktur dari tabel `authors`
--

CREATE TABLE `authors` (
  `author_id` bigint(20) NOT NULL,
  `submission_id` bigint(20) NOT NULL,
  `primary_contact` tinyint(4) NOT NULL DEFAULT '0',
  `seq` double NOT NULL DEFAULT '0',
  `country` varchar(90) DEFAULT NULL,
  `email` varchar(90) NOT NULL,
  `url` varchar(2047) DEFAULT NULL,
  `user_group_id` bigint(20) DEFAULT NULL,
  `include_in_browse` tinyint(4) NOT NULL DEFAULT '1'
) ENGINE=InnoDB DEFAULT CHARSET=utf8;

--
-- Dumping data untuk tabel `authors`
--

INSERT INTO `authors` (`author_id`, `submission_id`, `primary_contact`, `seq`, `country`, `email`, `url`, `user_group_id`, `include_in_browse`) VALUES
(2, 6, 0, 1, 'ID', 'utomoheru@gmail.com', '', 235, 1),
(3, 6, 0, 2, 'ID', 'dwisujanarti@gmail.com', '', 235, 1),
(4, 7, 0, 1, 'ID', 'shintamaharanitrivena@gmail.com', '', 235, 1),
(5, 7, 0, 2, 'ID', 'rena.f@polinema.ac.id', '', 235, 1),
(6, 7, 0, 3, 'ID', 'lina.b@polinema.ac.id', '', 235, 1),
(7, 7, 0, 4, 'ID', 'triveevelina@gmail.com', '', 235, 1),
(8, 7, 0, 5, 'ID', 'nila.f@polinema.ac.id', '', 235, 1),
(9, 8, 0, 1, 'ID', 'tri.istining@polinema.ac.id', '', 235, 1),
(10, 10, 0, 1, 'ID', 'triveevelina@gmail.com', '', 235, 1),
(11, 10, 0, 2, 'ID', 'shintamaharanitrivena@gmail.com', '', 235, 1),
(12, 10, 0, 3, 'ID', 'fauzipoltek@gmail.com', '', 235, 1),
(13, 11, 0, 1, 'ID', 'm.maskan@polinema.ac.id', '', 235, 1),
(14, 11, 0, 2, 'ID', 'Achmad.S@polinema.ac.id', '', 235, 1),
(15, 12, 0, 1, 'ID', 'FullNurtjahjani@gmail.com', '', 235, 1),
(16, 12, 0, 2, 'ID', 'Abdullah.H@polinema.ac.id', '', 235, 1),
(17, 12, 0, 3, 'ID', 'Eny.W@polinema.ac.id', '', 235, 1),
(18, 13, 0, 1, 'ID', 'fauzipoltek@gmail.com', '', 235, 1),
(19, 13, 0, 2, 'ID', 'eko.b@polinema.ac.id', '', 235, 1),
(20, 13, 0, 3, 'ID', 'Ayu.s@polinema.ac.id', '', 235, 1),
(21, 13, 0, 4, 'ID', 'kartika.i@polinema.ac.id', '', 235, 1),
(22, 13, 0, 5, 'ID', 'fahmi.m@polinema.ac.id', '', 235, 1),
(23, 14, 0, 1, 'ID', 'Nilawati.F@polinema.ac.id', '', 235, 1),
(24, 14, 0, 2, 'ID', 'barorohlestari@gmail.com', '', 235, 1),
(25, 14, 0, 3, 'ID', 'farika.n@polinema.ac.id', '', 235, 1),
(26, 14, 0, 4, 'ID', 'achmad.z@polinema.ac.id', '', 235, 1),
(27, 14, 0, 5, 'ID', 'Yosi.a@polinema.ac.id', '', 235, 1),
(28, 15, 0, 1, 'ID', 'helmy.adisaksana@polinema.ac.id', '', 235, 1),
(29, 15, 0, 2, 'ID', 'Fadloli@polinema.ac.id', '', 235, 1),
(30, 15, 0, 3, 'ID', 'Titien.i@polinema.ac.id', '', 235, 1),
(31, 15, 0, 4, 'ID', 'Ane.F@polinema.ac.id', '', 235, 1),
(32, 15, 0, 5, 'ID', 'Jatrifia.o@polinema.ac.id', '', 235, 1),
(33, 16, 0, 1, 'ID', 'Lilies.Nur@polinema.ac.id', '', 235, 1),
(34, 16, 0, 2, 'ID', 'nila.fh@polinema.ac.id', '', 235, 1),
(35, 16, 0, 3, 'ID', 'Siti.nurbaya@polinema.ac.id', '', 235, 1),
(36, 16, 0, 4, 'ID', 'Mustofa.Hadi@polinema.ac.id', '', 235, 1),
(37, 16, 0, 5, 'ID', 'Halid.Hasan@polinema.ac.id', '', 235, 1),
(38, 17, 0, 1, 'ID', 'EllynEka@polinema.ac.id', '', 235, 1),
(39, 17, 0, 2, 'ID', 'Pudji.h@polinema.ac.id', '', 235, 1),
(40, 17, 0, 3, 'ID', 'Siti.Nurbaya@polinema.ac.id', '', 235, 1),
(41, 17, 0, 4, 'ID', 'Halid.Hasan@polinema.ac.id', '', 235, 1),
(42, 17, 0, 5, 'ID', 'Bambang.Suryanto@polinema.ac.id', '', 235, 1),
(43, 18, 0, 1, 'ID', 'Eko.H@polinema.ac.id', '', 235, 1),
(44, 18, 0, 2, 'ID', 'Nurchajat@polinema.ac.id', '', 235, 1),
(45, 18, 0, 3, 'ID', 'vinan.viyus@polinema.ac.id', '', 235, 1),
(46, 18, 0, 4, 'ID', 'Maskuri@polinema.ac.id', '', 235, 1),
(47, 18, 0, 5, 'ID', 'Subagiyo@polinema.ac.id', '', 235, 1),
(48, 19, 0, 1, 'ID', 'Subagiyo@polinema.ac.id', '', 235, 1),
(49, 19, 0, 2, 'ID', 'Haris.p@polinema.ac.id', '', 235, 1),
(50, 19, 0, 3, 'ID', 'samsul.hadi@polinema.ac.id', '', 235, 1),
(51, 19, 0, 4, 'ID', 'Riyanto.Heri@polinema.ac.id', '', 235, 1),
(52, 19, 0, 5, 'ID', 'Sarjiyana@polinema.ac.id', '', 235, 1),
(53, 20, 0, 1, 'ID', 'utsman.syah@polinema.ac.id', '', 235, 1),
(54, 20, 0, 2, 'ID', 'satworo.adiwidodo@polinema.ac.id', '', 235, 1),
(55, 20, 0, 3, 'ID', 'Riyanto.Heri@polinema.ac.id', '', 235, 1),
(56, 20, 0, 4, 'ID', 'haris.puspito@polinema.ac.id', '', 235, 1),
(57, 20, 0, 5, 'ID', 'elkafaisal13@gmail.com', '', 235, 1),
(58, 21, 0, 1, 'ID', 'shadis172.gh@gmail.com', '', 235, 1),
(59, 21, 0, 2, 'ID', 'Zahra.Jannah@polinema.ac.id', '', 235, 1),
(60, 21, 0, 3, 'ID', 'Pondi.Udianto@polinema.ac.id', '', 235, 1),
(61, 21, 0, 4, 'ID', 'Lisa.Agustriyana@polinema.ac.id', '', 235, 1),
(62, 21, 0, 5, 'ID', 'Nurchajat@polinema.ac.id', '', 235, 1),
(63, 22, 0, 1, 'ID', 'Santoso@polinema.ac.id', '', 235, 1),
(64, 22, 0, 2, 'ID', 'maskuri@polinema.ac.id', '', 235, 1),
(65, 22, 0, 3, 'ID', 'aksan.takwin@polinema.ac.id', '', 235, 1),
(66, 22, 0, 4, 'ID', 'Sudarmadji@polinema.ac.id', '', 235, 1),
(67, 22, 0, 5, 'ID', 'khambali@polinema.ac.id', '', 235, 1),
(68, 22, 0, 6, 'ID', 'Sulistyono@polinema.ac.id', '', 235, 1),
(69, 23, 0, 1, 'ID', 'anang.takwanto@polinema.ac.id', '', 235, 1),
(70, 23, 0, 2, 'ID', 'prayitno@polinema.ac.id', '', 235, 1),
(71, 23, 0, 3, 'ID', 'Zakijah.Irfin@polinema.ac.id', '', 235, 1),
(72, 23, 0, 4, 'ID', 'Hadi.Priya@polinema.ac.id', '', 235, 1),
(73, 24, 0, 1, 'ID', 'Hariyadi.Singgih@polinema.ac.id', '', 235, 1),
(74, 24, 0, 2, 'ID', 'Subiyantoro@polinema.ac.id', '', 235, 1),
(75, 24, 0, 3, 'ID', 'Yulianto@polinema.ac.id', '', 235, 1),
(76, 24, 0, 4, 'ID', 'siswoko@polinema.ac.id', '', 235, 1),
(77, 24, 0, 5, 'ID', 'Herman.Hariyadi@polinema.ac.id', '', 235, 1),
(78, 25, 0, 1, 'ID', 'Fathoni@polinema.ac.id', '', 235, 1),
(79, 25, 0, 2, 'ID', 'Agus.Pracoyo@polinema.ac.id', '', 235, 1),
(80, 25, 0, 3, 'ID', 'Budhy.Setiawan@polinema.ac.id', '', 235, 1),
(81, 25, 0, 4, 'ID', 'Hariadi.Singgih@polinema.ac.id', '', 235, 1),
(82, 25, 0, 5, 'ID', 'Sungkono@polinema.ac.id', '', 235, 1),
(83, 26, 0, 1, 'ID', 'Koesmarijanto@polinema.ac.id', '', 235, 1),
(84, 26, 0, 2, 'ID', 'hudiono@polinema.ac.id', '', 235, 1),
(85, 26, 0, 3, 'ID', 'Nugroho.Suharto@polinema.ac.id', '', 235, 1),
(86, 26, 0, 4, 'ID', 'Aad.Hariyadi@polinema.ac.id', '', 235, 1),
(87, 27, 0, 1, 'ID', 'moh.noor@polinema.ac.id', '', 235, 1),
(88, 27, 0, 2, 'ID', 'ferdian.ronilaya@polinema.ac.id', '', 235, 1),
(89, 27, 0, 3, 'ID', 'Irwan.H@polinema.ac.id', '', 235, 1),
(90, 27, 0, 4, 'ID', 'Fahmi.H@polinema.ac.id', '', 235, 1),
(91, 27, 0, 5, 'ID', 'Rohmanita.D@polinema.ac.id', '', 235, 1),
(92, 28, 0, 1, 'ID', 'Joni.d@polinema.ac.id', '', 235, 1),
(93, 29, 0, 1, 'ID', 'masreviastuti@gmail.com', '', 235, 1),
(94, 29, 0, 2, 'ID', 'mahmudatul.h@polinema.ac.id', '', 235, 1),
(95, 29, 0, 3, 'ID', 'fullchis.n@polinema.ac.id', '', 235, 1),
(96, 29, 0, 4, 'ID', 'lilies.n@polinema.ac.id', '', 235, 1),
(97, 29, 0, 5, 'ID', 'lilies.n@polinema.ac.id', '', 235, 1),
(98, 29, 0, 6, 'ID', 'kadek.s@polinema.ac.id', '', 235, 1),
(99, 30, 0, 1, 'ID', 'barorohlestari@gmail.com', '', 235, 1),
(100, 30, 0, 2, 'ID', 'pudji.h@polinema.ac.id', '', 235, 1),
(101, 30, 0, 3, 'ID', 'ellyn.e@polinema.ac.id', '', 235, 1),
(102, 30, 0, 4, 'ID', 'heru.u@polinema.ac.id', '', 235, 1),
(103, 30, 0, 5, 'ID', 'diana.e@polinema.ac.id', '', 235, 1),
(104, 31, 0, 1, 'ID', 'Umi.khabibah@polinema.ac.id', '', 235, 1),
(105, 32, 0, 1, 'ID', 'sugeng.b@polinema.ac.id', '', 235, 1),
(106, 32, 0, 2, 'ID', 'dandung.n@polinema.ac.id', '', 235, 1),
(107, 32, 0, 3, 'ID', 'joko.s@polinema.ac.id', '', 235, 1),
(108, 32, 0, 4, 'ID', 'm.maskan@polinema.ac.id', '', 235, 1),
(109, 32, 0, 5, 'ID', 'tatiana.k@polinema.ac.id', '', 235, 1),
(110, 32, 0, 6, 'ID', 'nilafh@yahoo.co.id', '', 235, 1),
(111, 33, 0, 1, 'ID', 'imam.mulyono@polinema.ac.id', '', 235, 1),
(112, 33, 0, 2, 'ID', 'kartika.dewi@polinema.ac.id', '', 235, 1),
(113, 33, 0, 3, 'ID', 'rsetiawan@polinema.ac.id', '', 235, 1),
(114, 33, 0, 4, 'ID', 'sumiadji@polinema.ac.id', '', 235, 1),
(115, 33, 0, 5, 'ID', 'padma.andriana@polinema.ac.id', '', 235, 1),
(116, 34, 0, 1, 'ID', 'muhammadmuwidha03@gmail.com', '', 235, 1),
(117, 34, 0, 2, 'ID', 'nur.i@polinemaac.id', '', 235, 1),
(118, 34, 0, 3, 'ID', 'Himmah@polinema.ac.id', '', 235, 1),
(119, 34, 0, 4, 'ID', 'Yusna@polinema.ac.id', '', 235, 1),
(120, 34, 0, 5, 'ID', 'Nurafni@polinema.ac.id', '', 235, 1),
(121, 35, 0, 1, 'ID', 'hilda.cahyani@polinema.ac.id', '', 235, 1),
(122, 35, 0, 2, 'ID', 'sugeng.hariyanto@polinema.ac.id', '', 235, 1),
(123, 35, 0, 3, 'ID', 'sigit.budisantoso@polinema.ac.id', '', 235, 1),
(124, 35, 0, 4, 'ID', 'abdullah.helmy@polinema.ac.id', '', 235, 1),
(125, 35, 0, 5, 'ID', 'muqit@polinema.ac.id', '', 235, 1),
(126, 36, 0, 1, 'ID', 'nur.salam@polinema.ac.id', '', 235, 1),
(127, 36, 0, 2, 'ID', 'kun.mustain@polinema.ac.id', '', 235, 1),
(128, 36, 0, 3, 'ID', 'heru21119@gmail.com', '', 235, 1),
(129, 36, 0, 4, 'ID', 'henny.purwaningsih@polinema.ac.id', '', 235, 1),
(130, 36, 0, 5, 'ID', 'polimatuk@gmail.com', '', 235, 1),
(131, 37, 0, 1, 'ID', 'Subekhi.h@polinema.ac.id', '', 235, 1),
(132, 37, 0, 2, 'ID', 'rita.darmayanti@polinema.ac.id', '', 235, 1),
(133, 37, 0, 3, 'ID', 'Lia.a@polinema.ac.id', '', 235, 1),
(134, 37, 0, 4, 'ID', 'R.Setiawan@polinema.ac.id', '', 235, 1),
(135, 37, 0, 5, 'ID', 'Futuh.H@polinema.ac.id', '', 235, 1);

-- --------------------------------------------------------

--
-- Struktur dari tabel `author_settings`
--

CREATE TABLE `author_settings` (
  `author_id` bigint(20) NOT NULL,
  `locale` varchar(14) NOT NULL DEFAULT '',
  `setting_name` varchar(255) NOT NULL,
  `setting_value` text,
  `setting_type` varchar(6) NOT NULL
) ENGINE=InnoDB DEFAULT CHARSET=utf8;

--
-- Dumping data untuk tabel `author_settings`
--

INSERT INTO `author_settings` (`author_id`, `locale`, `setting_name`, `setting_value`, `setting_type`) VALUES
(2, '', 'orcid', '', 'string'),
(2, 'en_US', 'affiliation', '', 'string'),
(2, 'en_US', 'biography', '', 'string'),
(2, 'en_US', 'familyName', '', 'string'),
(2, 'en_US', 'givenName', '', 'string'),
(2, 'en_US', 'preferredPublicName', '', 'string'),
(2, 'id_ID', 'affiliation', 'Politeknik Negeri Malang', 'string'),
(2, 'id_ID', 'biography', '', 'string'),
(2, 'id_ID', 'familyName', '', 'string'),
(2, 'id_ID', 'givenName', 'Heru Utomo', 'string'),
(2, 'id_ID', 'preferredPublicName', '', 'string'),
(3, '', 'orcid', '', 'string'),
(3, 'en_US', 'affiliation', '', 'string'),
(3, 'en_US', 'biography', '', 'string'),
(3, 'en_US', 'familyName', '', 'string'),
(3, 'en_US', 'givenName', '', 'string'),
(3, 'en_US', 'preferredPublicName', '', 'string'),
(3, 'id_ID', 'affiliation', 'Politeknik Negeri Malang', 'string'),
(3, 'id_ID', 'biography', '', 'string'),
(3, 'id_ID', 'familyName', '', 'string'),
(3, 'id_ID', 'givenName', ' Dwi Sudjanarti', 'string'),
(3, 'id_ID', 'preferredPublicName', '', 'string'),
(4, '', 'orcid', '', 'string'),
(4, 'en_US', 'affiliation', 'Politeknik Negeri Malang', 'string'),
(4, 'en_US', 'biography', '', 'string'),
(4, 'en_US', 'familyName', '', 'string'),
(4, 'en_US', 'givenName', '', 'string'),
(4, 'en_US', 'preferredPublicName', '', 'string'),
(4, 'id_ID', 'affiliation', 'Politeknik Negeri Malang', 'string'),
(4, 'id_ID', 'biography', '', 'string'),
(4, 'id_ID', 'familyName', '', 'string'),
(4, 'id_ID', 'givenName', 'Shinta Maharani Trivena', 'string'),
(4, 'id_ID', 'preferredPublicName', '', 'string'),
(5, '', 'orcid', '', 'string'),
(5, 'en_US', 'affiliation', '', 'string'),
(5, 'en_US', 'biography', '', 'string'),
(5, 'en_US', 'familyName', '', 'string'),
(5, 'en_US', 'givenName', '', 'string'),
(5, 'en_US', 'preferredPublicName', '', 'string'),
(5, 'id_ID', 'affiliation', 'Politeknik Negeri Malang', 'string'),
(5, 'id_ID', 'biography', '', 'string'),
(5, 'id_ID', 'familyName', '', 'string'),
(5, 'id_ID', 'givenName', ' Rena Feri Wijayanti', 'string'),
(5, 'id_ID', 'preferredPublicName', '', 'string'),
(6, '', 'orcid', '', 'string'),
(6, 'en_US', 'affiliation', '', 'string'),
(6, 'en_US', 'biography', '', 'string'),
(6, 'en_US', 'familyName', '', 'string'),
(6, 'en_US', 'givenName', ' Lina Budiarti', 'string'),
(6, 'en_US', 'preferredPublicName', '', 'string'),
(6, 'id_ID', 'affiliation', '', 'string'),
(6, 'id_ID', 'biography', '', 'string'),
(6, 'id_ID', 'familyName', '', 'string'),
(6, 'id_ID', 'givenName', ' Lina Budiarti', 'string'),
(6, 'id_ID', 'preferredPublicName', '', 'string'),
(7, '', 'orcid', '', 'string'),
(7, 'en_US', 'affiliation', 'Politeknik Negeri Malang', 'string'),
(7, 'en_US', 'biography', '', 'string'),
(7, 'en_US', 'familyName', '', 'string'),
(7, 'en_US', 'givenName', '', 'string'),
(7, 'en_US', 'preferredPublicName', '', 'string'),
(7, 'id_ID', 'affiliation', 'Politeknik Negeri Malang', 'string'),
(7, 'id_ID', 'biography', '', 'string'),
(7, 'id_ID', 'familyName', '', 'string'),
(7, 'id_ID', 'givenName', 'Tri Yulistyawati Evelina', 'string'),
(7, 'id_ID', 'preferredPublicName', '', 'string'),
(8, '', 'orcid', '', 'string'),
(8, 'en_US', 'affiliation', 'Politeknik Negeri Malang', 'string'),
(8, 'en_US', 'biography', '', 'string'),
(8, 'en_US', 'familyName', '', 'string'),
(8, 'en_US', 'givenName', 'Nilawati Fiernaningsih', 'string'),
(8, 'en_US', 'preferredPublicName', '', 'string'),
(8, 'id_ID', 'affiliation', 'Politeknik Negeri Malang', 'string'),
(8, 'id_ID', 'biography', '', 'string'),
(8, 'id_ID', 'familyName', '', 'string'),
(8, 'id_ID', 'givenName', 'Nilawati Fiernaningsih', 'string'),
(8, 'id_ID', 'preferredPublicName', '', 'string'),
(9, '', 'orcid', '', 'string'),
(9, 'en_US', 'affiliation', 'Politeknik Negeri Malang', 'string'),
(9, 'en_US', 'biography', '', 'string'),
(9, 'en_US', 'familyName', '', 'string'),
(9, 'en_US', 'givenName', 'Tri Istining Wardani', 'string'),
(9, 'en_US', 'preferredPublicName', '', 'string'),
(9, 'id_ID', 'affiliation', 'Politeknik Negeri Malang', 'string'),
(9, 'id_ID', 'biography', '<p>Administrasi Niaga</p>', 'string'),
(9, 'id_ID', 'familyName', '', 'string'),
(9, 'id_ID', 'givenName', 'Tri Istining Wardani', 'string'),
(9, 'id_ID', 'preferredPublicName', '', 'string'),
(10, '', 'orcid', '', 'string'),
(10, 'en_US', 'affiliation', 'Politeknik Negeri Malang', 'string'),
(10, 'en_US', 'biography', '', 'string'),
(10, 'en_US', 'familyName', '', 'string'),
(10, 'en_US', 'givenName', 'Tri Yulistyawati Evelina', 'string'),
(10, 'en_US', 'preferredPublicName', '', 'string'),
(10, 'id_ID', 'affiliation', 'Politeknik Negeri Malang', 'string'),
(10, 'id_ID', 'biography', '<p>Administrasi Niaga</p>', 'string'),
(10, 'id_ID', 'familyName', '', 'string'),
(10, 'id_ID', 'givenName', 'Tri Yulistyawati Evelina', 'string'),
(10, 'id_ID', 'preferredPublicName', '', 'string'),
(11, '', 'orcid', '', 'string'),
(11, 'en_US', 'affiliation', 'Politeknik Negeri Malang', 'string'),
(11, 'en_US', 'biography', '', 'string'),
(11, 'en_US', 'familyName', '', 'string'),
(11, 'en_US', 'givenName', 'Shinta Maharani Trievena', 'string'),
(11, 'en_US', 'preferredPublicName', '', 'string'),
(11, 'id_ID', 'affiliation', 'Politeknik Negeri Malang', 'string'),
(11, 'id_ID', 'biography', '<p>Administrasi Niaga</p>', 'string'),
(11, 'id_ID', 'familyName', '', 'string'),
(11, 'id_ID', 'givenName', 'Shinta Maharani Trievena', 'string'),
(11, 'id_ID', 'preferredPublicName', '', 'string'),
(12, '', 'orcid', '', 'string'),
(12, 'en_US', 'affiliation', 'Politeknik Negeri Malang', 'string'),
(12, 'en_US', 'biography', '', 'string'),
(12, 'en_US', 'familyName', '', 'string'),
(12, 'en_US', 'givenName', 'Ahmad Fauzi', 'string'),
(12, 'en_US', 'preferredPublicName', '', 'string'),
(12, 'id_ID', 'affiliation', 'Politeknik Negeri Malang', 'string'),
(12, 'id_ID', 'biography', '<p>Administrasi Bisnis</p>', 'string'),
(12, 'id_ID', 'familyName', '', 'string'),
(12, 'id_ID', 'givenName', 'Ahmad Fauzi', 'string'),
(12, 'id_ID', 'preferredPublicName', '', 'string'),
(13, '', 'orcid', '', 'string'),
(13, 'en_US', 'affiliation', 'Politeknik Negeri Malang', 'string'),
(13, 'en_US', 'biography', '', 'string'),
(13, 'en_US', 'familyName', '', 'string'),
(13, 'en_US', 'givenName', 'Mohammad Maskan', 'string'),
(13, 'en_US', 'preferredPublicName', '', 'string'),
(13, 'id_ID', 'affiliation', 'Politeknik Negeri Malang', 'string'),
(13, 'id_ID', 'biography', '', 'string'),
(13, 'id_ID', 'familyName', '', 'string'),
(13, 'id_ID', 'givenName', 'Mohammad Maskan', 'string'),
(13, 'id_ID', 'preferredPublicName', '', 'string'),
(14, '', 'orcid', '', 'string'),
(14, 'en_US', 'affiliation', 'Politeknik Negeri Malang', 'string'),
(14, 'en_US', 'biography', '', 'string'),
(14, 'en_US', 'familyName', '', 'string'),
(14, 'en_US', 'givenName', '', 'string'),
(14, 'en_US', 'preferredPublicName', '', 'string'),
(14, 'id_ID', 'affiliation', 'Politeknik Negeri Malang', 'string'),
(14, 'id_ID', 'biography', '', 'string'),
(14, 'id_ID', 'familyName', '', 'string'),
(14, 'id_ID', 'givenName', 'Achmad Suyono', 'string'),
(14, 'id_ID', 'preferredPublicName', '', 'string'),
(15, '', 'orcid', '', 'string'),
(15, 'en_US', 'affiliation', 'Politeknik Negeri Malang', 'string'),
(15, 'en_US', 'biography', '', 'string'),
(15, 'en_US', 'familyName', '', 'string'),
(15, 'en_US', 'givenName', '', 'string'),
(15, 'en_US', 'preferredPublicName', '', 'string'),
(15, 'id_ID', 'affiliation', 'Politeknik Negeri Malang', 'string'),
(15, 'id_ID', 'biography', '', 'string'),
(15, 'id_ID', 'familyName', '', 'string'),
(15, 'id_ID', 'givenName', 'Fullchis Nurtjahjani', 'string'),
(15, 'id_ID', 'preferredPublicName', '', 'string'),
(16, '', 'orcid', '', 'string'),
(16, 'en_US', 'affiliation', 'Politeknik Negeri Malang', 'string'),
(16, 'en_US', 'biography', '', 'string'),
(16, 'en_US', 'familyName', '', 'string'),
(16, 'en_US', 'givenName', 'Abdullah Helmy', 'string'),
(16, 'en_US', 'preferredPublicName', '', 'string'),
(16, 'id_ID', 'affiliation', 'Politeknik Negeri Malang', 'string'),
(16, 'id_ID', 'biography', '', 'string'),
(16, 'id_ID', 'familyName', '', 'string'),
(16, 'id_ID', 'givenName', 'Abdullah Helmy', 'string'),
(16, 'id_ID', 'preferredPublicName', '', 'string'),
(17, '', 'orcid', '', 'string'),
(17, 'en_US', 'affiliation', 'Politeknik Negeri Malang', 'string'),
(17, 'en_US', 'biography', '', 'string'),
(17, 'en_US', 'familyName', '', 'string'),
(17, 'en_US', 'givenName', 'Eny Widiyowati', 'string'),
(17, 'en_US', 'preferredPublicName', '', 'string'),
(17, 'id_ID', 'affiliation', 'Politeknik Negeri Malang', 'string'),
(17, 'id_ID', 'biography', '', 'string'),
(17, 'id_ID', 'familyName', '', 'string'),
(17, 'id_ID', 'givenName', 'Eny Widiyowati', 'string'),
(17, 'id_ID', 'preferredPublicName', '', 'string'),
(18, '', 'orcid', '', 'string'),
(18, 'en_US', 'affiliation', 'Politeknik Negeri Malang', 'string'),
(18, 'en_US', 'biography', '', 'string'),
(18, 'en_US', 'familyName', '', 'string'),
(18, 'en_US', 'givenName', 'Ahmad Fauzi', 'string'),
(18, 'en_US', 'preferredPublicName', '', 'string'),
(18, 'id_ID', 'affiliation', 'Politeknik Negeri Malang', 'string'),
(18, 'id_ID', 'biography', '<p>Administrasi Niaga</p>', 'string'),
(18, 'id_ID', 'familyName', '', 'string'),
(18, 'id_ID', 'givenName', 'Ahmad Fauzi', 'string'),
(18, 'id_ID', 'preferredPublicName', '', 'string'),
(19, '', 'orcid', '', 'string'),
(19, 'en_US', 'affiliation', 'Politeknik Negeri Malang', 'string'),
(19, 'en_US', 'biography', '', 'string'),
(19, 'en_US', 'familyName', '', 'string'),
(19, 'en_US', 'givenName', 'Eko Boedi Santoso', 'string'),
(19, 'en_US', 'preferredPublicName', '', 'string'),
(19, 'id_ID', 'affiliation', 'Politeknik Negeri Malang', 'string'),
(19, 'id_ID', 'biography', '<p>Administrasi Bisnis</p>', 'string'),
(19, 'id_ID', 'familyName', '', 'string'),
(19, 'id_ID', 'givenName', 'Eko Boedi Santoso', 'string'),
(19, 'id_ID', 'preferredPublicName', '', 'string'),
(20, '', 'orcid', '', 'string'),
(20, 'en_US', 'affiliation', 'Politeknik Negeri Malang', 'string'),
(20, 'en_US', 'biography', '', 'string'),
(20, 'en_US', 'familyName', '', 'string'),
(20, 'en_US', 'givenName', 'Ayu Sulasari', 'string'),
(20, 'en_US', 'preferredPublicName', '', 'string'),
(20, 'id_ID', 'affiliation', 'Politeknik Negeri Malang', 'string'),
(20, 'id_ID', 'biography', '<p>Administrasi Bisnis</p>', 'string'),
(20, 'id_ID', 'familyName', '', 'string'),
(20, 'id_ID', 'givenName', 'Ayu Sulasari', 'string'),
(20, 'id_ID', 'preferredPublicName', '', 'string'),
(21, '', 'orcid', '', 'string'),
(21, 'en_US', 'affiliation', 'Politeknik Negeri Malang', 'string'),
(21, 'en_US', 'biography', '', 'string'),
(21, 'en_US', 'familyName', '', 'string'),
(21, 'en_US', 'givenName', 'Kartika Indah', 'string'),
(21, 'en_US', 'preferredPublicName', '', 'string'),
(21, 'id_ID', 'affiliation', 'Politeknik Negeri Malang', 'string'),
(21, 'id_ID', 'biography', '<p>Administrasi Bisnis</p>', 'string'),
(21, 'id_ID', 'familyName', '', 'string'),
(21, 'id_ID', 'givenName', 'Kartika Indah', 'string'),
(21, 'id_ID', 'preferredPublicName', '', 'string'),
(22, '', 'orcid', '', 'string'),
(22, 'en_US', 'affiliation', 'Politeknik Negeri Malang', 'string'),
(22, 'en_US', 'biography', '', 'string'),
(22, 'en_US', 'familyName', '', 'string'),
(22, 'en_US', 'givenName', 'Fahmi Muhammad', 'string'),
(22, 'en_US', 'preferredPublicName', '', 'string'),
(22, 'id_ID', 'affiliation', 'Politeknik Negeri Malang', 'string'),
(22, 'id_ID', 'biography', '<p>Administrasi Bisnis</p>', 'string'),
(22, 'id_ID', 'familyName', '', 'string'),
(22, 'id_ID', 'givenName', 'Fahmi Muhammad', 'string'),
(22, 'id_ID', 'preferredPublicName', '', 'string'),
(23, '', 'orcid', '', 'string'),
(23, 'en_US', 'affiliation', 'Politeknik Negeri Malang', 'string'),
(23, 'en_US', 'biography', '', 'string'),
(23, 'en_US', 'familyName', '', 'string'),
(23, 'en_US', 'givenName', 'Nilawati F', 'string'),
(23, 'en_US', 'preferredPublicName', '', 'string'),
(23, 'id_ID', 'affiliation', 'Politeknik Negeri Malang', 'string'),
(23, 'id_ID', 'biography', '', 'string'),
(23, 'id_ID', 'familyName', '', 'string'),
(23, 'id_ID', 'givenName', 'Nilawati F', 'string'),
(23, 'id_ID', 'preferredPublicName', '', 'string'),
(24, '', 'orcid', '', 'string'),
(24, 'en_US', 'affiliation', 'Politeknik Negeri Malang', 'string'),
(24, 'en_US', 'biography', '', 'string'),
(24, 'en_US', 'familyName', '', 'string'),
(24, 'en_US', 'givenName', 'Baroroh L', 'string'),
(24, 'en_US', 'preferredPublicName', '', 'string'),
(24, 'id_ID', 'affiliation', 'Politeknik Negeri Malang', 'string'),
(24, 'id_ID', 'biography', '', 'string'),
(24, 'id_ID', 'familyName', '', 'string'),
(24, 'id_ID', 'givenName', 'Baroroh L', 'string'),
(24, 'id_ID', 'preferredPublicName', '', 'string'),
(25, '', 'orcid', '', 'string'),
(25, 'en_US', 'affiliation', 'Politeknik Negeri Malang', 'string'),
(25, 'en_US', 'biography', '', 'string'),
(25, 'en_US', 'familyName', '', 'string'),
(25, 'en_US', 'givenName', 'Farika N', 'string'),
(25, 'en_US', 'preferredPublicName', '', 'string'),
(25, 'id_ID', 'affiliation', 'Politeknik Negeri Malang', 'string'),
(25, 'id_ID', 'biography', '', 'string'),
(25, 'id_ID', 'familyName', '', 'string'),
(25, 'id_ID', 'givenName', 'Farika N', 'string'),
(25, 'id_ID', 'preferredPublicName', '', 'string'),
(26, '', 'orcid', '', 'string'),
(26, 'en_US', 'affiliation', 'Politeknik Negeri Malang', 'string'),
(26, 'en_US', 'biography', '', 'string'),
(26, 'en_US', 'familyName', '', 'string'),
(26, 'en_US', 'givenName', 'Achmad Z', 'string'),
(26, 'en_US', 'preferredPublicName', '', 'string'),
(26, 'id_ID', 'affiliation', 'Politeknik Negeri Malang', 'string'),
(26, 'id_ID', 'biography', '', 'string'),
(26, 'id_ID', 'familyName', '', 'string'),
(26, 'id_ID', 'givenName', 'Achmad Z', 'string'),
(26, 'id_ID', 'preferredPublicName', '', 'string'),
(27, '', 'orcid', '', 'string'),
(27, 'en_US', 'affiliation', 'Politeknik Negeri Malang', 'string'),
(27, 'en_US', 'biography', '', 'string'),
(27, 'en_US', 'familyName', '', 'string'),
(27, 'en_US', 'givenName', 'Yosi A', 'string'),
(27, 'en_US', 'preferredPublicName', '', 'string'),
(27, 'id_ID', 'affiliation', 'Politeknik Negeri Malang', 'string'),
(27, 'id_ID', 'biography', '', 'string'),
(27, 'id_ID', 'familyName', '', 'string'),
(27, 'id_ID', 'givenName', 'Yosi A', 'string'),
(27, 'id_ID', 'preferredPublicName', '', 'string'),
(28, '', 'orcid', '', 'string'),
(28, 'en_US', 'affiliation', 'Politeknik Negeri Malang', 'string'),
(28, 'en_US', 'biography', '', 'string'),
(28, 'en_US', 'familyName', '', 'string'),
(28, 'en_US', 'givenName', 'Helmy Adisaksana', 'string'),
(28, 'en_US', 'preferredPublicName', '', 'string'),
(28, 'id_ID', 'affiliation', 'Politeknik Negeri Malang', 'string'),
(28, 'id_ID', 'biography', '', 'string'),
(28, 'id_ID', 'familyName', '', 'string'),
(28, 'id_ID', 'givenName', 'Helmy Adisaksana', 'string'),
(28, 'id_ID', 'preferredPublicName', '', 'string'),
(29, '', 'orcid', '', 'string'),
(29, 'en_US', 'affiliation', 'Politeknik Negeri Malang', 'string'),
(29, 'en_US', 'biography', '', 'string'),
(29, 'en_US', 'familyName', '', 'string'),
(29, 'en_US', 'givenName', 'Fadloli', 'string'),
(29, 'en_US', 'preferredPublicName', '', 'string'),
(29, 'id_ID', 'affiliation', 'Politeknik Negeri Malang', 'string'),
(29, 'id_ID', 'biography', '', 'string'),
(29, 'id_ID', 'familyName', '', 'string'),
(29, 'id_ID', 'givenName', 'Fadloli', 'string'),
(29, 'id_ID', 'preferredPublicName', '', 'string'),
(30, '', 'orcid', '', 'string'),
(30, 'en_US', 'affiliation', 'Politeknik Negeri Malang', 'string'),
(30, 'en_US', 'biography', '', 'string'),
(30, 'en_US', 'familyName', '', 'string'),
(30, 'en_US', 'givenName', 'Titien Indrianti', 'string'),
(30, 'en_US', 'preferredPublicName', '', 'string'),
(30, 'id_ID', 'affiliation', 'Politeknik Negeri Malang', 'string'),
(30, 'id_ID', 'biography', '', 'string'),
(30, 'id_ID', 'familyName', '', 'string'),
(30, 'id_ID', 'givenName', 'Titien Indrianti', 'string'),
(30, 'id_ID', 'preferredPublicName', '', 'string'),
(31, '', 'orcid', '', 'string'),
(31, 'en_US', 'affiliation', 'Politeknik Negeri Malang', 'string'),
(31, 'en_US', 'biography', '', 'string'),
(31, 'en_US', 'familyName', '', 'string'),
(31, 'en_US', 'givenName', 'Ane Fany Novitasari', 'string'),
(31, 'en_US', 'preferredPublicName', '', 'string'),
(31, 'id_ID', 'affiliation', 'Politeknik Negeri Malang', 'string'),
(31, 'id_ID', 'biography', '', 'string'),
(31, 'id_ID', 'familyName', '', 'string'),
(31, 'id_ID', 'givenName', 'Ane Fany Novitasari', 'string'),
(31, 'id_ID', 'preferredPublicName', '', 'string'),
(32, '', 'orcid', '', 'string'),
(32, 'en_US', 'affiliation', 'Politeknik Negeri Malang', 'string'),
(32, 'en_US', 'biography', '', 'string'),
(32, 'en_US', 'familyName', '', 'string'),
(32, 'en_US', 'givenName', '', 'string'),
(32, 'en_US', 'preferredPublicName', '', 'string'),
(32, 'id_ID', 'affiliation', 'Politeknik Negeri Malang', 'string'),
(32, 'id_ID', 'biography', '', 'string'),
(32, 'id_ID', 'familyName', '', 'string'),
(32, 'id_ID', 'givenName', 'Jatrifia Ongga Sinatrya', 'string'),
(32, 'id_ID', 'preferredPublicName', '', 'string'),
(33, '', 'orcid', '', 'string'),
(33, 'en_US', 'affiliation', 'Politeknik Negeri Malang', 'string'),
(33, 'en_US', 'biography', '', 'string'),
(33, 'en_US', 'familyName', '', 'string'),
(33, 'en_US', 'givenName', 'Lilies Nur Ainie', 'string'),
(33, 'en_US', 'preferredPublicName', '', 'string'),
(33, 'id_ID', 'affiliation', 'Politeknik Negeri Malang', 'string'),
(33, 'id_ID', 'biography', '', 'string'),
(33, 'id_ID', 'familyName', '', 'string'),
(33, 'id_ID', 'givenName', 'Lilies Nur Ainie', 'string'),
(33, 'id_ID', 'preferredPublicName', '', 'string'),
(34, '', 'orcid', '', 'string'),
(34, 'en_US', 'affiliation', 'Politeknik Negeri Malang', 'string'),
(34, 'en_US', 'biography', '', 'string'),
(34, 'en_US', 'familyName', '', 'string'),
(34, 'en_US', 'givenName', 'Nilawati Fiernaningsih ', 'string'),
(34, 'en_US', 'preferredPublicName', '', 'string'),
(34, 'id_ID', 'affiliation', 'Politeknik Negeri Malang', 'string'),
(34, 'id_ID', 'biography', '', 'string'),
(34, 'id_ID', 'familyName', '', 'string'),
(34, 'id_ID', 'givenName', 'Nilawati Fiernaningsih ', 'string'),
(34, 'id_ID', 'preferredPublicName', '', 'string'),
(35, '', 'orcid', '', 'string'),
(35, 'en_US', 'affiliation', 'Politeknik Negeri Malang', 'string'),
(35, 'en_US', 'biography', '', 'string'),
(35, 'en_US', 'familyName', '', 'string'),
(35, 'en_US', 'givenName', 'Siti Nurbaya', 'string'),
(35, 'en_US', 'preferredPublicName', '', 'string'),
(35, 'id_ID', 'affiliation', 'Politeknik Negeri Malang', 'string'),
(35, 'id_ID', 'biography', '', 'string'),
(35, 'id_ID', 'familyName', '', 'string'),
(35, 'id_ID', 'givenName', 'Siti Nurbaya', 'string'),
(35, 'id_ID', 'preferredPublicName', '', 'string'),
(36, '', 'orcid', '', 'string'),
(36, 'en_US', 'affiliation', 'Politeknik Negeri Malang', 'string'),
(36, 'en_US', 'biography', '', 'string'),
(36, 'en_US', 'familyName', '', 'string'),
(36, 'en_US', 'givenName', 'Mustofa Hadi', 'string'),
(36, 'en_US', 'preferredPublicName', '', 'string'),
(36, 'id_ID', 'affiliation', 'Politeknik Negeri Malang', 'string'),
(36, 'id_ID', 'biography', '', 'string'),
(36, 'id_ID', 'familyName', '', 'string'),
(36, 'id_ID', 'givenName', 'Mustofa Hadi', 'string'),
(36, 'id_ID', 'preferredPublicName', '', 'string'),
(37, '', 'orcid', '', 'string'),
(37, 'en_US', 'affiliation', 'Politeknik Negeri Malang', 'string'),
(37, 'en_US', 'biography', '', 'string'),
(37, 'en_US', 'familyName', '', 'string'),
(37, 'en_US', 'givenName', 'Halid Hasan', 'string'),
(37, 'en_US', 'preferredPublicName', '', 'string'),
(37, 'id_ID', 'affiliation', 'Politeknik Negeri Malang', 'string'),
(37, 'id_ID', 'biography', '', 'string'),
(37, 'id_ID', 'familyName', '', 'string'),
(37, 'id_ID', 'givenName', 'Halid Hasan', 'string'),
(37, 'id_ID', 'preferredPublicName', '', 'string'),
(38, '', 'orcid', '', 'string'),
(38, 'en_US', 'affiliation', 'Politeknik Negeri Malang', 'string'),
(38, 'en_US', 'biography', '', 'string'),
(38, 'en_US', 'familyName', '', 'string'),
(38, 'en_US', 'givenName', 'Ellyn Eka Wahyu', 'string'),
(38, 'en_US', 'preferredPublicName', '', 'string'),
(38, 'id_ID', 'affiliation', 'Politeknik Negeri Malang', 'string'),
(38, 'id_ID', 'biography', '<p>Administrasi Bisnis</p>', 'string'),
(38, 'id_ID', 'familyName', '', 'string'),
(38, 'id_ID', 'givenName', 'Ellyn Eka Wahyu', 'string'),
(38, 'id_ID', 'preferredPublicName', '', 'string'),
(39, '', 'orcid', '', 'string'),
(39, 'en_US', 'affiliation', 'Politeknik Negeri Malang', 'string'),
(39, 'en_US', 'biography', '', 'string'),
(39, 'en_US', 'familyName', '', 'string'),
(39, 'en_US', 'givenName', ' Pudji Herijanto', 'string'),
(39, 'en_US', 'preferredPublicName', '', 'string'),
(39, 'id_ID', 'affiliation', 'Politeknik Negeri Malang', 'string'),
(39, 'id_ID', 'biography', '<p>Administrasi Bisnis</p>', 'string'),
(39, 'id_ID', 'familyName', '', 'string'),
(39, 'id_ID', 'givenName', ' Pudji Herijanto', 'string'),
(39, 'id_ID', 'preferredPublicName', '', 'string'),
(40, '', 'orcid', '', 'string'),
(40, 'en_US', 'affiliation', 'Politeknik Negeri Malang', 'string'),
(40, 'en_US', 'biography', '', 'string'),
(40, 'en_US', 'familyName', '', 'string'),
(40, 'en_US', 'givenName', 'Siti Nurbaya', 'string'),
(40, 'en_US', 'preferredPublicName', '', 'string'),
(40, 'id_ID', 'affiliation', 'Politeknik Negeri Malang', 'string'),
(40, 'id_ID', 'biography', '<p>Administrasi Bisnis</p>', 'string'),
(40, 'id_ID', 'familyName', '', 'string'),
(40, 'id_ID', 'givenName', 'Siti Nurbaya', 'string'),
(40, 'id_ID', 'preferredPublicName', '', 'string'),
(41, '', 'orcid', '', 'string'),
(41, 'en_US', 'affiliation', 'Politeknik Negeri Malang', 'string'),
(41, 'en_US', 'biography', '', 'string'),
(41, 'en_US', 'familyName', '', 'string'),
(41, 'en_US', 'givenName', '', 'string'),
(41, 'en_US', 'preferredPublicName', '', 'string'),
(41, 'id_ID', 'affiliation', 'Politeknik Negeri Malang', 'string'),
(41, 'id_ID', 'biography', '<p>Administrasi Bisnis</p>', 'string'),
(41, 'id_ID', 'familyName', '', 'string'),
(41, 'id_ID', 'givenName', 'Halid Hasan', 'string'),
(41, 'id_ID', 'preferredPublicName', '', 'string'),
(42, '', 'orcid', '', 'string'),
(42, 'en_US', 'affiliation', 'Politeknik Negeri Malang', 'string'),
(42, 'en_US', 'biography', '', 'string'),
(42, 'en_US', 'familyName', '', 'string'),
(42, 'en_US', 'givenName', 'Bambang Suryanto', 'string'),
(42, 'en_US', 'preferredPublicName', '', 'string'),
(42, 'id_ID', 'affiliation', 'Politeknik Negeri Malang', 'string'),
(42, 'id_ID', 'biography', '<p>Administrasi Bisnis</p>', 'string'),
(42, 'id_ID', 'familyName', '', 'string'),
(42, 'id_ID', 'givenName', 'Bambang Suryanto', 'string'),
(42, 'id_ID', 'preferredPublicName', '', 'string'),
(43, '', 'orcid', '', 'string'),
(43, 'en_US', 'affiliation', 'Politeknik Negeri Malang', 'string'),
(43, 'en_US', 'biography', '', 'string'),
(43, 'en_US', 'familyName', '', 'string'),
(43, 'en_US', 'givenName', 'Eko Hendry Suyono', 'string'),
(43, 'en_US', 'preferredPublicName', '', 'string'),
(43, 'id_ID', 'affiliation', 'Politeknik Negeri Malang', 'string'),
(43, 'id_ID', 'biography', '<p>Teknik Mesin</p>', 'string'),
(43, 'id_ID', 'familyName', '', 'string'),
(43, 'id_ID', 'givenName', 'Eko Hendry Suyono', 'string'),
(43, 'id_ID', 'preferredPublicName', '', 'string'),
(44, '', 'orcid', '', 'string'),
(44, 'en_US', 'affiliation', 'Politeknik Negeri Malang', 'string'),
(44, 'en_US', 'biography', '', 'string'),
(44, 'en_US', 'familyName', '', 'string'),
(44, 'en_US', 'givenName', 'Nurchajat', 'string'),
(44, 'en_US', 'preferredPublicName', '', 'string'),
(44, 'id_ID', 'affiliation', 'Politeknik Negeri Malang', 'string'),
(44, 'id_ID', 'biography', '<p>Teknik Mesin</p>', 'string'),
(44, 'id_ID', 'familyName', '', 'string'),
(44, 'id_ID', 'givenName', 'Nurchajat', 'string'),
(44, 'id_ID', 'preferredPublicName', '', 'string'),
(45, '', 'orcid', '', 'string'),
(45, 'en_US', 'affiliation', 'Politeknik Negeri Malang', 'string'),
(45, 'en_US', 'biography', '', 'string'),
(45, 'en_US', 'familyName', '', 'string'),
(45, 'en_US', 'givenName', 'Vinan Viyus', 'string'),
(45, 'en_US', 'preferredPublicName', '', 'string'),
(45, 'id_ID', 'affiliation', 'Politeknik Negeri Malang', 'string'),
(45, 'id_ID', 'biography', '<p>Teknik Mesin</p>', 'string'),
(45, 'id_ID', 'familyName', '', 'string'),
(45, 'id_ID', 'givenName', 'Vinan Viyus', 'string'),
(45, 'id_ID', 'preferredPublicName', '', 'string'),
(46, '', 'orcid', '', 'string'),
(46, 'en_US', 'affiliation', 'Politeknik Negeri Malang', 'string'),
(46, 'en_US', 'biography', '', 'string'),
(46, 'en_US', 'familyName', '', 'string'),
(46, 'en_US', 'givenName', 'Maskuri', 'string'),
(46, 'en_US', 'preferredPublicName', '', 'string'),
(46, 'id_ID', 'affiliation', 'Politeknik Negeri Malang', 'string'),
(46, 'id_ID', 'biography', '<p>Teknik Mesin</p>', 'string'),
(46, 'id_ID', 'familyName', '', 'string'),
(46, 'id_ID', 'givenName', 'Maskuri', 'string'),
(46, 'id_ID', 'preferredPublicName', '', 'string'),
(47, '', 'orcid', '', 'string'),
(47, 'en_US', 'affiliation', 'Politeknik Negeri Malang', 'string'),
(47, 'en_US', 'biography', '', 'string'),
(47, 'en_US', 'familyName', '', 'string'),
(47, 'en_US', 'givenName', 'Subagiyo', 'string'),
(47, 'en_US', 'preferredPublicName', '', 'string'),
(47, 'id_ID', 'affiliation', 'Politeknik Negeri Malang', 'string'),
(47, 'id_ID', 'biography', '<p>Teknik Mesin</p>', 'string'),
(47, 'id_ID', 'familyName', '', 'string'),
(47, 'id_ID', 'givenName', 'Subagiyo', 'string'),
(47, 'id_ID', 'preferredPublicName', '', 'string'),
(48, '', 'orcid', '', 'string'),
(48, 'en_US', 'affiliation', 'Politeknik Negeri Malang', 'string'),
(48, 'en_US', 'biography', '<p>Teknik Mesin</p>', 'string'),
(48, 'en_US', 'familyName', '', 'string'),
(48, 'en_US', 'givenName', 'Subagiyo', 'string'),
(48, 'en_US', 'preferredPublicName', '', 'string'),
(48, 'id_ID', 'affiliation', 'Politeknik Negeri Malang', 'string'),
(48, 'id_ID', 'biography', '', 'string'),
(48, 'id_ID', 'familyName', '', 'string'),
(48, 'id_ID', 'givenName', 'Subagiyo', 'string'),
(48, 'id_ID', 'preferredPublicName', '', 'string'),
(49, '', 'orcid', '', 'string'),
(49, 'en_US', 'affiliation', 'Politeknik Negeri Malang', 'string'),
(49, 'en_US', 'biography', '<p>Teknik Mesin</p>', 'string'),
(49, 'en_US', 'familyName', '', 'string'),
(49, 'en_US', 'givenName', 'Haris Puspito Buwono', 'string'),
(49, 'en_US', 'preferredPublicName', '', 'string'),
(49, 'id_ID', 'affiliation', 'Politeknik Negeri Malang', 'string'),
(49, 'id_ID', 'biography', '', 'string'),
(49, 'id_ID', 'familyName', '', 'string'),
(49, 'id_ID', 'givenName', 'Haris Puspito Buwono', 'string'),
(49, 'id_ID', 'preferredPublicName', '', 'string'),
(50, '', 'orcid', '', 'string'),
(50, 'en_US', 'affiliation', 'Politeknik Negeri Malang', 'string'),
(50, 'en_US', 'biography', '<p>Teknik Mesin</p>', 'string'),
(50, 'en_US', 'familyName', '', 'string'),
(50, 'en_US', 'givenName', 'Samsul Hadi', 'string'),
(50, 'en_US', 'preferredPublicName', '', 'string'),
(50, 'id_ID', 'affiliation', 'Politeknik Negeri Malang', 'string'),
(50, 'id_ID', 'biography', '', 'string'),
(50, 'id_ID', 'familyName', '', 'string'),
(50, 'id_ID', 'givenName', 'Samsul Hadi', 'string'),
(50, 'id_ID', 'preferredPublicName', '', 'string'),
(51, '', 'orcid', '', 'string'),
(51, 'en_US', 'affiliation', 'Politeknik Negeri Malang', 'string'),
(51, 'en_US', 'biography', '<p>Teknik Mesin</p>', 'string'),
(51, 'en_US', 'familyName', '', 'string'),
(51, 'en_US', 'givenName', 'Riyanto Heri', 'string'),
(51, 'en_US', 'preferredPublicName', '', 'string'),
(51, 'id_ID', 'affiliation', 'Politeknik Negeri Malang', 'string'),
(51, 'id_ID', 'biography', '', 'string'),
(51, 'id_ID', 'familyName', '', 'string'),
(51, 'id_ID', 'givenName', 'Riyanto Heri', 'string'),
(51, 'id_ID', 'preferredPublicName', '', 'string'),
(52, '', 'orcid', '', 'string'),
(52, 'en_US', 'affiliation', 'Politeknik Negeri Malang', 'string'),
(52, 'en_US', 'biography', '<p>Teknik Mesin</p>', 'string'),
(52, 'en_US', 'familyName', '', 'string'),
(52, 'en_US', 'givenName', 'Sarjiyana', 'string'),
(52, 'en_US', 'preferredPublicName', '', 'string'),
(52, 'id_ID', 'affiliation', 'Politeknik Negeri Malang', 'string'),
(52, 'id_ID', 'biography', '', 'string'),
(52, 'id_ID', 'familyName', '', 'string'),
(52, 'id_ID', 'givenName', '', 'string'),
(52, 'id_ID', 'preferredPublicName', '', 'string'),
(53, '', 'orcid', '', 'string'),
(53, 'en_US', 'affiliation', 'Politeknik Negeri Malang', 'string'),
(53, 'en_US', 'biography', '', 'string'),
(53, 'en_US', 'familyName', '', 'string'),
(53, 'en_US', 'givenName', 'Utsman Syah Amrullah', 'string'),
(53, 'en_US', 'preferredPublicName', '', 'string'),
(53, 'id_ID', 'affiliation', 'Politeknik Negeri Malang', 'string'),
(53, 'id_ID', 'biography', '<p>Teknik Mesin</p>', 'string'),
(53, 'id_ID', 'familyName', '', 'string'),
(53, 'id_ID', 'givenName', 'Utsman Syah Amrullah', 'string'),
(53, 'id_ID', 'preferredPublicName', '', 'string'),
(54, '', 'orcid', '', 'string'),
(54, 'en_US', 'affiliation', 'Politeknik Negeri Malang', 'string'),
(54, 'en_US', 'biography', '', 'string'),
(54, 'en_US', 'familyName', '', 'string'),
(54, 'en_US', 'givenName', 'Satworo Adiwidodo', 'string'),
(54, 'en_US', 'preferredPublicName', '', 'string'),
(54, 'id_ID', 'affiliation', 'Politeknik Negeri Malang', 'string'),
(54, 'id_ID', 'biography', '<p>Teknik Mesin</p>', 'string'),
(54, 'id_ID', 'familyName', '', 'string'),
(54, 'id_ID', 'givenName', 'Satworo Adiwidodo', 'string'),
(54, 'id_ID', 'preferredPublicName', '', 'string'),
(55, '', 'orcid', '', 'string'),
(55, 'en_US', 'affiliation', 'Politeknik Negeri Malang', 'string'),
(55, 'en_US', 'biography', '', 'string'),
(55, 'en_US', 'familyName', '', 'string'),
(55, 'en_US', 'givenName', 'Riyanto Heri Nugroho', 'string'),
(55, 'en_US', 'preferredPublicName', '', 'string'),
(55, 'id_ID', 'affiliation', 'Politeknik Negeri Malang', 'string'),
(55, 'id_ID', 'biography', '<p>Teknik Mesin</p>', 'string'),
(55, 'id_ID', 'familyName', '', 'string'),
(55, 'id_ID', 'givenName', 'Riyanto Heri Nugroho', 'string'),
(55, 'id_ID', 'preferredPublicName', '', 'string'),
(56, '', 'orcid', '', 'string'),
(56, 'en_US', 'affiliation', 'Politeknik Negeri Malang', 'string'),
(56, 'en_US', 'biography', '', 'string'),
(56, 'en_US', 'familyName', '', 'string'),
(56, 'en_US', 'givenName', 'Haris Puspito Buwono', 'string'),
(56, 'en_US', 'preferredPublicName', '', 'string'),
(56, 'id_ID', 'affiliation', 'Politeknik Negeri Malang', 'string'),
(56, 'id_ID', 'biography', '<p>Teknik Mesin</p>', 'string'),
(56, 'id_ID', 'familyName', '', 'string'),
(56, 'id_ID', 'givenName', 'Haris Puspito Buwono', 'string'),
(56, 'id_ID', 'preferredPublicName', '', 'string'),
(57, '', 'orcid', '', 'string'),
(57, 'en_US', 'affiliation', 'Politeknik Negeri Malang', 'string'),
(57, 'en_US', 'biography', '', 'string'),
(57, 'en_US', 'familyName', '', 'string'),
(57, 'en_US', 'givenName', 'Elka Faisal', 'string'),
(57, 'en_US', 'preferredPublicName', '', 'string'),
(57, 'id_ID', 'affiliation', 'Politeknik Negeri Malang', 'string'),
(57, 'id_ID', 'biography', '<p>Teknik Mesin</p>', 'string'),
(57, 'id_ID', 'familyName', '', 'string'),
(57, 'id_ID', 'givenName', 'Elka Faisal', 'string'),
(57, 'id_ID', 'preferredPublicName', '', 'string'),
(58, '', 'orcid', '', 'string'),
(58, 'en_US', 'affiliation', 'Politeknik Negeri Malang', 'string'),
(58, 'en_US', 'biography', '', 'string'),
(58, 'en_US', 'familyName', '', 'string'),
(58, 'en_US', 'givenName', 'Sugeng Hadi Susilo', 'string'),
(58, 'en_US', 'preferredPublicName', '', 'string'),
(58, 'id_ID', 'affiliation', 'Politeknik Negeri Malang', 'string'),
(58, 'id_ID', 'biography', '<p>Teknik Mesin</p>', 'string'),
(58, 'id_ID', 'familyName', '', 'string'),
(58, 'id_ID', 'givenName', 'Sugeng Hadi Susilo', 'string'),
(58, 'id_ID', 'preferredPublicName', '', 'string'),
(59, '', 'orcid', '', 'string'),
(59, 'en_US', 'affiliation', 'Politeknik Negeri Malang', 'string'),
(59, 'en_US', 'biography', '', 'string'),
(59, 'en_US', 'familyName', '', 'string'),
(59, 'en_US', 'givenName', 'Zahratul Jannah', 'string'),
(59, 'en_US', 'preferredPublicName', '', 'string'),
(59, 'id_ID', 'affiliation', 'Politeknik Negeri Malang', 'string'),
(59, 'id_ID', 'biography', '<p>Teknik Mesin</p>', 'string'),
(59, 'id_ID', 'familyName', '', 'string'),
(59, 'id_ID', 'givenName', 'Zahratul Jannah', 'string'),
(59, 'id_ID', 'preferredPublicName', '', 'string'),
(60, '', 'orcid', '', 'string'),
(60, 'en_US', 'affiliation', 'Politeknik Negeri Malang', 'string'),
(60, 'en_US', 'biography', '', 'string'),
(60, 'en_US', 'familyName', '', 'string'),
(60, 'en_US', 'givenName', 'Pondi Udianto', 'string'),
(60, 'en_US', 'preferredPublicName', '', 'string'),
(60, 'id_ID', 'affiliation', 'Politeknik Negeri Malang', 'string'),
(60, 'id_ID', 'biography', '<p>Teknik Mesin</p>', 'string'),
(60, 'id_ID', 'familyName', '', 'string'),
(60, 'id_ID', 'givenName', 'Pondi Udianto', 'string'),
(60, 'id_ID', 'preferredPublicName', '', 'string'),
(61, '', 'orcid', '', 'string'),
(61, 'en_US', 'affiliation', 'Politeknik Negeri Malang', 'string'),
(61, 'en_US', 'biography', '', 'string'),
(61, 'en_US', 'familyName', '', 'string'),
(61, 'en_US', 'givenName', 'Lisa Agustriyana', 'string'),
(61, 'en_US', 'preferredPublicName', '', 'string'),
(61, 'id_ID', 'affiliation', 'Politeknik Negeri Malang', 'string'),
(61, 'id_ID', 'biography', '<p>Teknik Mesin</p>', 'string'),
(61, 'id_ID', 'familyName', '', 'string'),
(61, 'id_ID', 'givenName', 'Lisa Agustriyana', 'string'),
(61, 'id_ID', 'preferredPublicName', '', 'string'),
(62, '', 'orcid', '', 'string'),
(62, 'en_US', 'affiliation', 'Politeknik Negeri Malang', 'string'),
(62, 'en_US', 'biography', '', 'string'),
(62, 'en_US', 'familyName', '', 'string'),
(62, 'en_US', 'givenName', 'Nurchajat', 'string'),
(62, 'en_US', 'preferredPublicName', '', 'string'),
(62, 'id_ID', 'affiliation', 'Politeknik Negeri Malang', 'string'),
(62, 'id_ID', 'biography', '<p>Teknik Mesin</p>', 'string'),
(62, 'id_ID', 'familyName', '', 'string'),
(62, 'id_ID', 'givenName', 'Nurchajat', 'string'),
(62, 'id_ID', 'preferredPublicName', '', 'string'),
(63, '', 'orcid', '', 'string'),
(63, 'en_US', 'affiliation', 'Politeknik Negeri Malang', 'string'),
(63, 'en_US', 'biography', '', 'string'),
(63, 'en_US', 'familyName', '', 'string'),
(63, 'en_US', 'givenName', 'Santoso', 'string'),
(63, 'en_US', 'preferredPublicName', '', 'string'),
(63, 'id_ID', 'affiliation', 'Politeknik Negeri Malang', 'string'),
(63, 'id_ID', 'biography', '<p>Teknik Mesin</p>', 'string'),
(63, 'id_ID', 'familyName', '', 'string'),
(63, 'id_ID', 'givenName', 'Santoso', 'string'),
(63, 'id_ID', 'preferredPublicName', '', 'string'),
(64, '', 'orcid', '', 'string'),
(64, 'en_US', 'affiliation', 'Politeknik Negeri Malang', 'string'),
(64, 'en_US', 'biography', '', 'string'),
(64, 'en_US', 'familyName', '', 'string'),
(64, 'en_US', 'givenName', 'Maskuri', 'string'),
(64, 'en_US', 'preferredPublicName', '', 'string'),
(64, 'id_ID', 'affiliation', 'Politeknik Negeri Malang', 'string'),
(64, 'id_ID', 'biography', '<p>Teknik Mesin</p>', 'string'),
(64, 'id_ID', 'familyName', '', 'string'),
(64, 'id_ID', 'givenName', 'Maskuri', 'string'),
(64, 'id_ID', 'preferredPublicName', '', 'string'),
(65, '', 'orcid', '', 'string'),
(65, 'en_US', 'affiliation', 'Politeknik Negeri Malang', 'string'),
(65, 'en_US', 'biography', '', 'string'),
(65, 'en_US', 'familyName', '', 'string'),
(65, 'en_US', 'givenName', 'R.N. Aksan Takwin', 'string'),
(65, 'en_US', 'preferredPublicName', '', 'string'),
(65, 'id_ID', 'affiliation', 'Politeknik Negeri Malang', 'string'),
(65, 'id_ID', 'biography', '<p>Teknik Mesin</p>', 'string'),
(65, 'id_ID', 'familyName', '', 'string'),
(65, 'id_ID', 'givenName', 'R.N. Aksan Takwin', 'string'),
(65, 'id_ID', 'preferredPublicName', '', 'string'),
(66, '', 'orcid', '', 'string'),
(66, 'en_US', 'affiliation', 'Politeknik Negeri Malang', 'string'),
(66, 'en_US', 'biography', '', 'string'),
(66, 'en_US', 'familyName', '', 'string'),
(66, 'en_US', 'givenName', '', 'string'),
(66, 'en_US', 'preferredPublicName', '', 'string'),
(66, 'id_ID', 'affiliation', 'Politeknik Negeri Malang', 'string'),
(66, 'id_ID', 'biography', '<p>Teknik Mesin</p>', 'string'),
(66, 'id_ID', 'familyName', '', 'string'),
(66, 'id_ID', 'givenName', 'Sudarmadji', 'string'),
(66, 'id_ID', 'preferredPublicName', '', 'string'),
(67, '', 'orcid', '', 'string'),
(67, 'en_US', 'affiliation', 'Politeknik Negeri Malang', 'string'),
(67, 'en_US', 'biography', '', 'string'),
(67, 'en_US', 'familyName', '', 'string'),
(67, 'en_US', 'givenName', 'khambali', 'string'),
(67, 'en_US', 'preferredPublicName', '', 'string'),
(67, 'id_ID', 'affiliation', 'Politeknik Negeri Malang', 'string'),
(67, 'id_ID', 'biography', '<p>Teknik Mesin</p>', 'string'),
(67, 'id_ID', 'familyName', '', 'string'),
(67, 'id_ID', 'givenName', 'khambali', 'string'),
(67, 'id_ID', 'preferredPublicName', '', 'string'),
(68, '', 'orcid', '', 'string'),
(68, 'en_US', 'affiliation', 'Politeknik Negeri Malang', 'string'),
(68, 'en_US', 'biography', '', 'string'),
(68, 'en_US', 'familyName', '', 'string'),
(68, 'en_US', 'givenName', 'Sulistyono', 'string'),
(68, 'en_US', 'preferredPublicName', '', 'string'),
(68, 'id_ID', 'affiliation', 'Politeknik Negeri Malang', 'string'),
(68, 'id_ID', 'biography', '<p>Teknik Mesin</p>', 'string'),
(68, 'id_ID', 'familyName', '', 'string'),
(68, 'id_ID', 'givenName', 'Sulistyono', 'string'),
(68, 'id_ID', 'preferredPublicName', '', 'string'),
(69, '', 'orcid', '', 'string'),
(69, 'en_US', 'affiliation', 'Politeknik Negeri Malang', 'string'),
(69, 'en_US', 'biography', '', 'string'),
(69, 'en_US', 'familyName', '', 'string'),
(69, 'en_US', 'givenName', 'Anang Takwanto', 'string'),
(69, 'en_US', 'preferredPublicName', '', 'string'),
(69, 'id_ID', 'affiliation', 'Politeknik Negeri Malang', 'string'),
(69, 'id_ID', 'biography', '<p>Teknik Kimia</p>', 'string'),
(69, 'id_ID', 'familyName', '', 'string'),
(69, 'id_ID', 'givenName', 'Anang Takwanto', 'string'),
(69, 'id_ID', 'preferredPublicName', '', 'string'),
(70, '', 'orcid', '', 'string'),
(70, 'en_US', 'affiliation', 'Politeknik Negeri Malang', 'string'),
(70, 'en_US', 'biography', '', 'string'),
(70, 'en_US', 'familyName', '', 'string'),
(70, 'en_US', 'givenName', 'Prayitno', 'string'),
(70, 'en_US', 'preferredPublicName', '', 'string'),
(70, 'id_ID', 'affiliation', 'Politeknik Negeri Malang', 'string'),
(70, 'id_ID', 'biography', '<p>Teknik Kimia</p>', 'string'),
(70, 'id_ID', 'familyName', '', 'string'),
(70, 'id_ID', 'givenName', 'Prayitno', 'string'),
(70, 'id_ID', 'preferredPublicName', '', 'string'),
(71, '', 'orcid', '', 'string'),
(71, 'en_US', 'affiliation', 'Politeknik Negeri Malang', 'string'),
(71, 'en_US', 'biography', '', 'string'),
(71, 'en_US', 'familyName', '', 'string'),
(71, 'en_US', 'givenName', '', 'string'),
(71, 'en_US', 'preferredPublicName', '', 'string'),
(71, 'id_ID', 'affiliation', 'Politeknik Negeri Malang', 'string'),
(71, 'id_ID', 'biography', '<p>Teknik Kimia</p>', 'string'),
(71, 'id_ID', 'familyName', '', 'string'),
(71, 'id_ID', 'givenName', 'Zakijah Irfin', 'string'),
(71, 'id_ID', 'preferredPublicName', '', 'string'),
(72, '', 'orcid', '', 'string'),
(72, 'en_US', 'affiliation', 'Politeknik Negeri Malang', 'string'),
(72, 'en_US', 'biography', '', 'string'),
(72, 'en_US', 'familyName', '', 'string'),
(72, 'en_US', 'givenName', '', 'string'),
(72, 'en_US', 'preferredPublicName', '', 'string'),
(72, 'id_ID', 'affiliation', 'Politeknik Negeri Malang', 'string'),
(72, 'id_ID', 'biography', '<p>Teknik Kimia</p>', 'string'),
(72, 'id_ID', 'familyName', '', 'string'),
(72, 'id_ID', 'givenName', 'Hadi Priya Sudarminto', 'string'),
(72, 'id_ID', 'preferredPublicName', '', 'string'),
(73, '', 'orcid', '', 'string'),
(73, 'en_US', 'affiliation', 'Politeknik Negeri Malang', 'string'),
(73, 'en_US', 'biography', '<p>Teknik Elektro</p>', 'string'),
(73, 'en_US', 'familyName', '', 'string'),
(73, 'en_US', 'givenName', 'Hariyadi Singgih', 'string'),
(73, 'en_US', 'preferredPublicName', '', 'string'),
(73, 'id_ID', 'affiliation', 'Politeknik Negeri Malang', 'string'),
(73, 'id_ID', 'biography', '', 'string'),
(73, 'id_ID', 'familyName', '', 'string'),
(73, 'id_ID', 'givenName', 'Hariyadi Singgih', 'string'),
(73, 'id_ID', 'preferredPublicName', '', 'string'),
(74, '', 'orcid', '', 'string'),
(74, 'en_US', 'affiliation', 'Politeknik Negeri Malang', 'string'),
(74, 'en_US', 'biography', '<p>Teknik Elektro</p>', 'string'),
(74, 'en_US', 'familyName', '', 'string'),
(74, 'en_US', 'givenName', 'Subiyantoro', 'string'),
(74, 'en_US', 'preferredPublicName', '', 'string'),
(74, 'id_ID', 'affiliation', 'Politeknik Negeri Malang', 'string'),
(74, 'id_ID', 'biography', '', 'string'),
(74, 'id_ID', 'familyName', '', 'string'),
(74, 'id_ID', 'givenName', 'Subiyantoro', 'string'),
(74, 'id_ID', 'preferredPublicName', '', 'string'),
(75, '', 'orcid', '', 'string'),
(75, 'en_US', 'affiliation', 'Politeknik Negeri Malang', 'string'),
(75, 'en_US', 'biography', '', 'string'),
(75, 'en_US', 'familyName', '', 'string'),
(75, 'en_US', 'givenName', 'Yulianto', 'string'),
(75, 'en_US', 'preferredPublicName', '', 'string'),
(75, 'id_ID', 'affiliation', 'Politeknik Negeri Malang', 'string'),
(75, 'id_ID', 'biography', '', 'string'),
(75, 'id_ID', 'familyName', '', 'string'),
(75, 'id_ID', 'givenName', '', 'string'),
(75, 'id_ID', 'preferredPublicName', '', 'string'),
(76, '', 'orcid', '', 'string'),
(76, 'en_US', 'affiliation', 'Politeknik Negeri Malang', 'string'),
(76, 'en_US', 'biography', '<p>Teknik Elektro</p>', 'string'),
(76, 'en_US', 'familyName', '', 'string'),
(76, 'en_US', 'givenName', 'Siswoko', 'string'),
(76, 'en_US', 'preferredPublicName', '', 'string'),
(76, 'id_ID', 'affiliation', 'Politeknik Negeri Malang', 'string'),
(76, 'id_ID', 'biography', '', 'string'),
(76, 'id_ID', 'familyName', '', 'string'),
(76, 'id_ID', 'givenName', 'Siswoko', 'string'),
(76, 'id_ID', 'preferredPublicName', '', 'string'),
(77, '', 'orcid', '', 'string'),
(77, 'en_US', 'affiliation', 'Politeknik Negeri Malang', 'string'),
(77, 'en_US', 'biography', '<p>Teknik Elektro</p>', 'string'),
(77, 'en_US', 'familyName', '', 'string'),
(77, 'en_US', 'givenName', 'Herman Hariyadi', 'string'),
(77, 'en_US', 'preferredPublicName', '', 'string'),
(77, 'id_ID', 'affiliation', 'Politeknik Negeri Malang', 'string'),
(77, 'id_ID', 'biography', '', 'string'),
(77, 'id_ID', 'familyName', '', 'string'),
(77, 'id_ID', 'givenName', 'Herman Hariyadi', 'string'),
(77, 'id_ID', 'preferredPublicName', '', 'string'),
(78, '', 'orcid', '', 'string'),
(78, 'en_US', 'affiliation', 'Politeknik Negeri Malang', 'string'),
(78, 'en_US', 'biography', '', 'string'),
(78, 'en_US', 'familyName', '', 'string'),
(78, 'en_US', 'givenName', 'Fathoni', 'string'),
(78, 'en_US', 'preferredPublicName', '', 'string'),
(78, 'id_ID', 'affiliation', 'Politeknik Negeri Malang', 'string'),
(78, 'id_ID', 'biography', '<p>Teknik Elektro</p>', 'string'),
(78, 'id_ID', 'familyName', '', 'string'),
(78, 'id_ID', 'givenName', 'Fathoni', 'string'),
(78, 'id_ID', 'preferredPublicName', '', 'string'),
(79, '', 'orcid', '', 'string'),
(79, 'en_US', 'affiliation', 'Politeknik Negeri Malang', 'string'),
(79, 'en_US', 'biography', '', 'string'),
(79, 'en_US', 'familyName', '', 'string'),
(79, 'en_US', 'givenName', 'Agus Pracoyo', 'string'),
(79, 'en_US', 'preferredPublicName', '', 'string'),
(79, 'id_ID', 'affiliation', 'Politeknik Negeri Malang', 'string'),
(79, 'id_ID', 'biography', '<p>Teknik Elektro</p>', 'string'),
(79, 'id_ID', 'familyName', '', 'string'),
(79, 'id_ID', 'givenName', 'Agus Pracoyo', 'string'),
(79, 'id_ID', 'preferredPublicName', '', 'string'),
(80, '', 'orcid', '', 'string'),
(80, 'en_US', 'affiliation', 'Politeknik Negeri Malang', 'string'),
(80, 'en_US', 'biography', '', 'string'),
(80, 'en_US', 'familyName', '', 'string'),
(80, 'en_US', 'givenName', 'Budhy Setiawan', 'string'),
(80, 'en_US', 'preferredPublicName', '', 'string'),
(80, 'id_ID', 'affiliation', 'Politeknik Negeri Malang', 'string'),
(80, 'id_ID', 'biography', '<p>Teknik Elektro</p>', 'string'),
(80, 'id_ID', 'familyName', '', 'string'),
(80, 'id_ID', 'givenName', 'Budhy Setiawan', 'string'),
(80, 'id_ID', 'preferredPublicName', '', 'string'),
(81, '', 'orcid', '', 'string'),
(81, 'en_US', 'affiliation', 'Politeknik Negeri Malang', 'string'),
(81, 'en_US', 'biography', '', 'string'),
(81, 'en_US', 'familyName', '', 'string'),
(81, 'en_US', 'givenName', 'Hariadi Singgih', 'string'),
(81, 'en_US', 'preferredPublicName', '', 'string'),
(81, 'id_ID', 'affiliation', 'Politeknik Negeri Malang', 'string'),
(81, 'id_ID', 'biography', '<p>Teknik Elektro</p>', 'string'),
(81, 'id_ID', 'familyName', '', 'string'),
(81, 'id_ID', 'givenName', 'Hariadi Singgih', 'string'),
(81, 'id_ID', 'preferredPublicName', '', 'string'),
(82, '', 'orcid', '', 'string'),
(82, 'en_US', 'affiliation', 'Politeknik Negeri Malang', 'string'),
(82, 'en_US', 'biography', '', 'string'),
(82, 'en_US', 'familyName', '', 'string'),
(82, 'en_US', 'givenName', 'Sungkono', 'string'),
(82, 'en_US', 'preferredPublicName', '', 'string'),
(82, 'id_ID', 'affiliation', 'Politeknik Negeri Malang', 'string'),
(82, 'id_ID', 'biography', '<p>Teknik Elektro</p>', 'string'),
(82, 'id_ID', 'familyName', '', 'string'),
(82, 'id_ID', 'givenName', 'Sungkono', 'string'),
(82, 'id_ID', 'preferredPublicName', '', 'string'),
(83, '', 'orcid', '', 'string'),
(83, 'en_US', 'affiliation', 'Politeknik Negeri Malang', 'string'),
(83, 'en_US', 'biography', '', 'string'),
(83, 'en_US', 'familyName', '', 'string'),
(83, 'en_US', 'givenName', 'Koesmarijanto', 'string'),
(83, 'en_US', 'preferredPublicName', '', 'string'),
(83, 'id_ID', 'affiliation', 'Politeknik Negeri Malang', 'string'),
(83, 'id_ID', 'biography', '<p>Teknik Telekomunikasi</p>', 'string'),
(83, 'id_ID', 'familyName', '', 'string'),
(83, 'id_ID', 'givenName', 'Koesmarijanto', 'string'),
(83, 'id_ID', 'preferredPublicName', '', 'string'),
(84, '', 'orcid', '', 'string'),
(84, 'en_US', 'affiliation', 'Politeknik Negeri Malang', 'string'),
(84, 'en_US', 'biography', '', 'string'),
(84, 'en_US', 'familyName', '', 'string'),
(84, 'en_US', 'givenName', 'Hudiono', 'string'),
(84, 'en_US', 'preferredPublicName', '', 'string'),
(84, 'id_ID', 'affiliation', 'Politeknik Negeri Malang', 'string'),
(84, 'id_ID', 'biography', '', 'string'),
(84, 'id_ID', 'familyName', '', 'string'),
(84, 'id_ID', 'givenName', 'Hudiono', 'string'),
(84, 'id_ID', 'preferredPublicName', '', 'string'),
(85, '', 'orcid', '', 'string'),
(85, 'en_US', 'affiliation', 'Politeknik Negeri Malang', 'string'),
(85, 'en_US', 'biography', '', 'string'),
(85, 'en_US', 'familyName', '', 'string'),
(85, 'en_US', 'givenName', 'Nugroho Suharto', 'string'),
(85, 'en_US', 'preferredPublicName', '', 'string'),
(85, 'id_ID', 'affiliation', 'Politeknik Negeri Malang', 'string'),
(85, 'id_ID', 'biography', '<p>Teknik Telekomunikasi</p>', 'string'),
(85, 'id_ID', 'familyName', '', 'string'),
(85, 'id_ID', 'givenName', 'Nugroho Suharto', 'string'),
(85, 'id_ID', 'preferredPublicName', '', 'string'),
(86, '', 'orcid', '', 'string'),
(86, 'en_US', 'affiliation', 'Politeknik Negeri Malang', 'string'),
(86, 'en_US', 'biography', '', 'string'),
(86, 'en_US', 'familyName', '', 'string'),
(86, 'en_US', 'givenName', '', 'string'),
(86, 'en_US', 'preferredPublicName', '', 'string'),
(86, 'id_ID', 'affiliation', 'Politeknik Negeri Malang', 'string'),
(86, 'id_ID', 'biography', '<p>Teknik Telekomunikasi</p>', 'string'),
(86, 'id_ID', 'familyName', '', 'string'),
(86, 'id_ID', 'givenName', 'Aad Hariyadi', 'string'),
(86, 'id_ID', 'preferredPublicName', '', 'string'),
(87, '', 'orcid', '', 'string'),
(87, 'en_US', 'affiliation', 'Politeknik Negeri Malang', 'string'),
(87, 'en_US', 'biography', '', 'string'),
(87, 'en_US', 'familyName', '', 'string'),
(87, 'en_US', 'givenName', 'M. Noor Hidayat', 'string'),
(87, 'en_US', 'preferredPublicName', '', 'string'),
(87, 'id_ID', 'affiliation', 'Politeknik Negeri Malang', 'string'),
(87, 'id_ID', 'biography', '<p>Teknik Listrik</p>', 'string'),
(87, 'id_ID', 'familyName', '', 'string'),
(87, 'id_ID', 'givenName', 'M. Noor Hidayat', 'string'),
(87, 'id_ID', 'preferredPublicName', '', 'string'),
(88, '', 'orcid', '', 'string'),
(88, 'en_US', 'affiliation', 'Politeknik Negeri Malang', 'string'),
(88, 'en_US', 'biography', '', 'string'),
(88, 'en_US', 'familyName', '', 'string'),
(88, 'en_US', 'givenName', 'Ferdian R', 'string'),
(88, 'en_US', 'preferredPublicName', '', 'string'),
(88, 'id_ID', 'affiliation', 'Politeknik Negeri Malang', 'string'),
(88, 'id_ID', 'biography', '<p>Teknik Listrik</p>', 'string'),
(88, 'id_ID', 'familyName', '', 'string'),
(88, 'id_ID', 'givenName', 'Ferdian R', 'string'),
(88, 'id_ID', 'preferredPublicName', '', 'string'),
(89, '', 'orcid', '', 'string'),
(89, 'en_US', 'affiliation', 'Politeknik Negeri Malang', 'string'),
(89, 'en_US', 'biography', '', 'string'),
(89, 'en_US', 'familyName', '', 'string'),
(89, 'en_US', 'givenName', '', 'string'),
(89, 'en_US', 'preferredPublicName', '', 'string'),
(89, 'id_ID', 'affiliation', 'Politeknik Negeri Malang', 'string'),
(89, 'id_ID', 'biography', '<p>Teknik Listrik</p>', 'string'),
(89, 'id_ID', 'familyName', '', 'string'),
(89, 'id_ID', 'givenName', 'Irwan HE', 'string'),
(89, 'id_ID', 'preferredPublicName', '', 'string'),
(90, '', 'orcid', '', 'string'),
(90, 'en_US', 'affiliation', 'Politeknik Negeri Malang', 'string'),
(90, 'en_US', 'biography', '', 'string'),
(90, 'en_US', 'familyName', '', 'string'),
(90, 'en_US', 'givenName', '', 'string'),
(90, 'en_US', 'preferredPublicName', '', 'string'),
(90, 'id_ID', 'affiliation', 'Politeknik Negeri Malang', 'string'),
(90, 'id_ID', 'biography', '<p>Teknik Listrik</p>', 'string'),
(90, 'id_ID', 'familyName', '', 'string'),
(90, 'id_ID', 'givenName', 'M. Fahmi H', 'string'),
(90, 'id_ID', 'preferredPublicName', '', 'string'),
(91, '', 'orcid', '', 'string'),
(91, 'en_US', 'affiliation', 'Politeknik Negeri Malang', 'string'),
(91, 'en_US', 'biography', '', 'string'),
(91, 'en_US', 'familyName', '', 'string'),
(91, 'en_US', 'givenName', 'Rohmanita D', 'string'),
(91, 'en_US', 'preferredPublicName', '', 'string'),
(91, 'id_ID', 'affiliation', 'Politeknik Negeri Malang', 'string'),
(91, 'id_ID', 'biography', '<p>Teknik Listrik</p>', 'string'),
(91, 'id_ID', 'familyName', '', 'string'),
(91, 'id_ID', 'givenName', 'Rohmanita D', 'string'),
(91, 'id_ID', 'preferredPublicName', '', 'string'),
(92, '', 'orcid', '', 'string'),
(92, 'en_US', 'affiliation', '', 'string'),
(92, 'en_US', 'biography', '', 'string'),
(92, 'en_US', 'familyName', '', 'string'),
(92, 'en_US', 'givenName', 'Joni Dwi Pribadi', 'string'),
(92, 'en_US', 'preferredPublicName', '', 'string'),
(92, 'id_ID', 'affiliation', 'Politeknik Negeri Malang', 'string'),
(92, 'id_ID', 'biography', '<p>Administrasi Niaga</p>', 'string'),
(92, 'id_ID', 'familyName', '', 'string'),
(92, 'id_ID', 'givenName', 'Joni Dwi Pribadi', 'string'),
(92, 'id_ID', 'preferredPublicName', '', 'string'),
(93, '', 'orcid', '', 'string'),
(93, 'en_US', 'affiliation', '', 'string'),
(93, 'en_US', 'biography', '', 'string'),
(93, 'en_US', 'familyName', '', 'string'),
(93, 'en_US', 'givenName', 'Masreviastuti', 'string'),
(93, 'en_US', 'preferredPublicName', '', 'string'),
(93, 'id_ID', 'affiliation', 'Politeknik Negeri Malang', 'string'),
(93, 'id_ID', 'biography', '', 'string'),
(93, 'id_ID', 'familyName', '', 'string'),
(93, 'id_ID', 'givenName', 'Masreviastuti', 'string'),
(93, 'id_ID', 'preferredPublicName', '', 'string'),
(94, '', 'orcid', '', 'string'),
(94, 'en_US', 'affiliation', '', 'string'),
(94, 'en_US', 'biography', '', 'string');
INSERT INTO `author_settings` (`author_id`, `locale`, `setting_name`, `setting_value`, `setting_type`) VALUES
(94, 'en_US', 'familyName', '', 'string'),
(94, 'en_US', 'givenName', ' Mahmudatul Himma', 'string'),
(94, 'en_US', 'preferredPublicName', '', 'string'),
(94, 'id_ID', 'affiliation', 'Politeknik Negeri Malang', 'string'),
(94, 'id_ID', 'biography', '', 'string'),
(94, 'id_ID', 'familyName', '', 'string'),
(94, 'id_ID', 'givenName', ' Mahmudatul Himma', 'string'),
(94, 'id_ID', 'preferredPublicName', '', 'string'),
(95, '', 'orcid', '', 'string'),
(95, 'en_US', 'affiliation', '', 'string'),
(95, 'en_US', 'biography', '', 'string'),
(95, 'en_US', 'familyName', '', 'string'),
(95, 'en_US', 'givenName', 'Fullchis Nurtjahjani', 'string'),
(95, 'en_US', 'preferredPublicName', '', 'string'),
(95, 'id_ID', 'affiliation', 'Politeknik Negeri Malang', 'string'),
(95, 'id_ID', 'biography', '', 'string'),
(95, 'id_ID', 'familyName', '', 'string'),
(95, 'id_ID', 'givenName', 'Fullchis Nurtjahjani', 'string'),
(95, 'id_ID', 'preferredPublicName', '', 'string'),
(96, '', 'orcid', '', 'string'),
(96, 'en_US', 'affiliation', '', 'string'),
(96, 'en_US', 'biography', '', 'string'),
(96, 'en_US', 'familyName', '', 'string'),
(96, 'en_US', 'givenName', ' Lilies Nur Aini', 'string'),
(96, 'en_US', 'preferredPublicName', '', 'string'),
(96, 'id_ID', 'affiliation', 'Politeknik Negeri Malang', 'string'),
(96, 'id_ID', 'biography', '', 'string'),
(96, 'id_ID', 'familyName', '', 'string'),
(96, 'id_ID', 'givenName', ' Lilies Nur Aini', 'string'),
(96, 'id_ID', 'preferredPublicName', '', 'string'),
(97, '', 'orcid', '', 'string'),
(97, 'en_US', 'affiliation', '', 'string'),
(97, 'en_US', 'biography', '', 'string'),
(97, 'en_US', 'familyName', '', 'string'),
(97, 'en_US', 'givenName', ' Lilies Nur Aini', 'string'),
(97, 'en_US', 'preferredPublicName', '', 'string'),
(97, 'id_ID', 'affiliation', 'Politeknik Negeri Malang', 'string'),
(97, 'id_ID', 'biography', '', 'string'),
(97, 'id_ID', 'familyName', '', 'string'),
(97, 'id_ID', 'givenName', ' Lilies Nur Aini', 'string'),
(97, 'id_ID', 'preferredPublicName', '', 'string'),
(98, '', 'orcid', '', 'string'),
(98, 'en_US', 'affiliation', '', 'string'),
(98, 'en_US', 'biography', '', 'string'),
(98, 'en_US', 'familyName', '', 'string'),
(98, 'en_US', 'givenName', ' Kadek Suarjuna ', 'string'),
(98, 'en_US', 'preferredPublicName', '', 'string'),
(98, 'id_ID', 'affiliation', 'Politeknik Negeri Malang', 'string'),
(98, 'id_ID', 'biography', '', 'string'),
(98, 'id_ID', 'familyName', '', 'string'),
(98, 'id_ID', 'givenName', ' Kadek Suarjuna ', 'string'),
(98, 'id_ID', 'preferredPublicName', '', 'string'),
(99, '', 'orcid', '', 'string'),
(99, 'en_US', 'affiliation', '', 'string'),
(99, 'en_US', 'biography', '', 'string'),
(99, 'en_US', 'familyName', '', 'string'),
(99, 'en_US', 'givenName', 'Baroroh Lestari', 'string'),
(99, 'en_US', 'preferredPublicName', '', 'string'),
(99, 'id_ID', 'affiliation', 'Politeknik Negeri Malang', 'string'),
(99, 'id_ID', 'biography', '', 'string'),
(99, 'id_ID', 'familyName', '', 'string'),
(99, 'id_ID', 'givenName', 'Baroroh Lestari', 'string'),
(99, 'id_ID', 'preferredPublicName', '', 'string'),
(100, '', 'orcid', '', 'string'),
(100, 'en_US', 'affiliation', '', 'string'),
(100, 'en_US', 'biography', '', 'string'),
(100, 'en_US', 'familyName', '', 'string'),
(100, 'en_US', 'givenName', 'Pudji Herijanto', 'string'),
(100, 'en_US', 'preferredPublicName', '', 'string'),
(100, 'id_ID', 'affiliation', 'Politeknik Negeri Malang', 'string'),
(100, 'id_ID', 'biography', '', 'string'),
(100, 'id_ID', 'familyName', '', 'string'),
(100, 'id_ID', 'givenName', 'Pudji Herijanto', 'string'),
(100, 'id_ID', 'preferredPublicName', '', 'string'),
(101, '', 'orcid', '', 'string'),
(101, 'en_US', 'affiliation', '', 'string'),
(101, 'en_US', 'biography', '', 'string'),
(101, 'en_US', 'familyName', '', 'string'),
(101, 'en_US', 'givenName', 'Ellyn Eka W', 'string'),
(101, 'en_US', 'preferredPublicName', '', 'string'),
(101, 'id_ID', 'affiliation', 'Politeknik Negeri Malang', 'string'),
(101, 'id_ID', 'biography', '', 'string'),
(101, 'id_ID', 'familyName', '', 'string'),
(101, 'id_ID', 'givenName', 'Ellyn Eka W', 'string'),
(101, 'id_ID', 'preferredPublicName', '', 'string'),
(102, '', 'orcid', '', 'string'),
(102, 'en_US', 'affiliation', '', 'string'),
(102, 'en_US', 'biography', '', 'string'),
(102, 'en_US', 'familyName', '', 'string'),
(102, 'en_US', 'givenName', 'Heru Utomo', 'string'),
(102, 'en_US', 'preferredPublicName', '', 'string'),
(102, 'id_ID', 'affiliation', 'Politeknik Negeri Malang', 'string'),
(102, 'id_ID', 'biography', '', 'string'),
(102, 'id_ID', 'familyName', '', 'string'),
(102, 'id_ID', 'givenName', 'Heru Utomo', 'string'),
(102, 'id_ID', 'preferredPublicName', '', 'string'),
(103, '', 'orcid', '', 'string'),
(103, 'en_US', 'affiliation', '', 'string'),
(103, 'en_US', 'biography', '', 'string'),
(103, 'en_US', 'familyName', '', 'string'),
(103, 'en_US', 'givenName', 'Diana Eka P', 'string'),
(103, 'en_US', 'preferredPublicName', '', 'string'),
(103, 'id_ID', 'affiliation', 'Politeknik Negeri Malang', 'string'),
(103, 'id_ID', 'biography', '', 'string'),
(103, 'id_ID', 'familyName', '', 'string'),
(103, 'id_ID', 'givenName', 'Diana Eka P', 'string'),
(103, 'id_ID', 'preferredPublicName', '', 'string'),
(104, '', 'orcid', '', 'string'),
(104, 'en_US', 'affiliation', '', 'string'),
(104, 'en_US', 'biography', '', 'string'),
(104, 'en_US', 'familyName', '', 'string'),
(104, 'en_US', 'givenName', 'Umi Khabibah ', 'string'),
(104, 'en_US', 'preferredPublicName', '', 'string'),
(104, 'id_ID', 'affiliation', 'Politeknik Negeri Malang', 'string'),
(104, 'id_ID', 'biography', '', 'string'),
(104, 'id_ID', 'familyName', '', 'string'),
(104, 'id_ID', 'givenName', 'Umi Khabibah ', 'string'),
(104, 'id_ID', 'preferredPublicName', '', 'string'),
(105, '', 'orcid', '', 'string'),
(105, 'en_US', 'affiliation', 'Politeknik Negeri Malang', 'string'),
(105, 'en_US', 'biography', '', 'string'),
(105, 'en_US', 'familyName', '', 'string'),
(105, 'en_US', 'givenName', 'R. Sugeng Basuki', 'string'),
(105, 'en_US', 'preferredPublicName', '', 'string'),
(105, 'id_ID', 'affiliation', '', 'string'),
(105, 'id_ID', 'biography', '', 'string'),
(105, 'id_ID', 'familyName', '', 'string'),
(105, 'id_ID', 'givenName', 'R. Sugeng Basuki', 'string'),
(105, 'id_ID', 'preferredPublicName', '', 'string'),
(106, '', 'orcid', '', 'string'),
(106, 'en_US', 'affiliation', 'Politeknik Negeri Malang', 'string'),
(106, 'en_US', 'biography', '', 'string'),
(106, 'en_US', 'familyName', '', 'string'),
(106, 'en_US', 'givenName', ' Dandung Novianto', 'string'),
(106, 'en_US', 'preferredPublicName', '', 'string'),
(106, 'id_ID', 'affiliation', '', 'string'),
(106, 'id_ID', 'biography', '', 'string'),
(106, 'id_ID', 'familyName', '', 'string'),
(106, 'id_ID', 'givenName', ' Dandung Novianto', 'string'),
(106, 'id_ID', 'preferredPublicName', '', 'string'),
(107, '', 'orcid', '', 'string'),
(107, 'en_US', 'affiliation', 'Politeknik Negeri Malang', 'string'),
(107, 'en_US', 'biography', '', 'string'),
(107, 'en_US', 'familyName', '', 'string'),
(107, 'en_US', 'givenName', 'Joko Samboro', 'string'),
(107, 'en_US', 'preferredPublicName', '', 'string'),
(107, 'id_ID', 'affiliation', '', 'string'),
(107, 'id_ID', 'biography', '', 'string'),
(107, 'id_ID', 'familyName', '', 'string'),
(107, 'id_ID', 'givenName', 'Joko Samboro', 'string'),
(107, 'id_ID', 'preferredPublicName', '', 'string'),
(108, '', 'orcid', '', 'string'),
(108, 'en_US', 'affiliation', 'Politeknik Negeri Malang', 'string'),
(108, 'en_US', 'biography', '', 'string'),
(108, 'en_US', 'familyName', '', 'string'),
(108, 'en_US', 'givenName', 'M. Maskan', 'string'),
(108, 'en_US', 'preferredPublicName', '', 'string'),
(108, 'id_ID', 'affiliation', '', 'string'),
(108, 'id_ID', 'biography', '', 'string'),
(108, 'id_ID', 'familyName', '', 'string'),
(108, 'id_ID', 'givenName', 'M. Maskan', 'string'),
(108, 'id_ID', 'preferredPublicName', '', 'string'),
(109, '', 'orcid', '', 'string'),
(109, 'en_US', 'affiliation', 'Politeknik Negeri Malang', 'string'),
(109, 'en_US', 'biography', '', 'string'),
(109, 'en_US', 'familyName', '', 'string'),
(109, 'en_US', 'givenName', 'Tatiana Kristianingsih ', 'string'),
(109, 'en_US', 'preferredPublicName', '', 'string'),
(109, 'id_ID', 'affiliation', '', 'string'),
(109, 'id_ID', 'biography', '', 'string'),
(109, 'id_ID', 'familyName', '', 'string'),
(109, 'id_ID', 'givenName', 'Tatiana Kristianingsih ', 'string'),
(109, 'id_ID', 'preferredPublicName', '', 'string'),
(110, '', 'orcid', '', 'string'),
(110, 'en_US', 'affiliation', 'Politeknik Negeri Malang', 'string'),
(110, 'en_US', 'biography', '', 'string'),
(110, 'en_US', 'familyName', '', 'string'),
(110, 'en_US', 'givenName', 'Nilawati Fiernaningsih', 'string'),
(110, 'en_US', 'preferredPublicName', '', 'string'),
(110, 'id_ID', 'affiliation', '', 'string'),
(110, 'id_ID', 'biography', '', 'string'),
(110, 'id_ID', 'familyName', '', 'string'),
(110, 'id_ID', 'givenName', 'Nilawati Fiernaningsih', 'string'),
(110, 'id_ID', 'preferredPublicName', '', 'string'),
(111, '', 'orcid', '', 'string'),
(111, 'en_US', 'affiliation', '', 'string'),
(111, 'en_US', 'biography', '', 'string'),
(111, 'en_US', 'familyName', '', 'string'),
(111, 'en_US', 'givenName', 'Imam Mulyono', 'string'),
(111, 'en_US', 'preferredPublicName', '', 'string'),
(111, 'id_ID', 'affiliation', 'Politeknik Negeri Malang', 'string'),
(111, 'id_ID', 'biography', '<p>Akuntansi</p>', 'string'),
(111, 'id_ID', 'familyName', '', 'string'),
(111, 'id_ID', 'givenName', 'Imam Mulyono', 'string'),
(111, 'id_ID', 'preferredPublicName', '', 'string'),
(112, '', 'orcid', '', 'string'),
(112, 'en_US', 'affiliation', '', 'string'),
(112, 'en_US', 'biography', '', 'string'),
(112, 'en_US', 'familyName', '', 'string'),
(112, 'en_US', 'givenName', 'Kartika Dewi SS', 'string'),
(112, 'en_US', 'preferredPublicName', '', 'string'),
(112, 'id_ID', 'affiliation', 'Politeknik Negeri Malang', 'string'),
(112, 'id_ID', 'biography', '<p>Akuntansi</p>', 'string'),
(112, 'id_ID', 'familyName', '', 'string'),
(112, 'id_ID', 'givenName', 'Kartika Dewi SS', 'string'),
(112, 'id_ID', 'preferredPublicName', '', 'string'),
(113, '', 'orcid', '', 'string'),
(113, 'en_US', 'affiliation', '', 'string'),
(113, 'en_US', 'biography', '', 'string'),
(113, 'en_US', 'familyName', '', 'string'),
(113, 'en_US', 'givenName', ' R Setiawan ', 'string'),
(113, 'en_US', 'preferredPublicName', '', 'string'),
(113, 'id_ID', 'affiliation', 'Politeknik Negeri Malang', 'string'),
(113, 'id_ID', 'biography', '<p>Akuntansi</p>', 'string'),
(113, 'id_ID', 'familyName', '', 'string'),
(113, 'id_ID', 'givenName', ' R Setiawan ', 'string'),
(113, 'id_ID', 'preferredPublicName', '', 'string'),
(114, '', 'orcid', '', 'string'),
(114, 'en_US', 'affiliation', '', 'string'),
(114, 'en_US', 'biography', '', 'string'),
(114, 'en_US', 'familyName', '', 'string'),
(114, 'en_US', 'givenName', 'Sumiadji', 'string'),
(114, 'en_US', 'preferredPublicName', '', 'string'),
(114, 'id_ID', 'affiliation', 'Politeknik Negeri Malang', 'string'),
(114, 'id_ID', 'biography', '<p>Akuntansi</p>', 'string'),
(114, 'id_ID', 'familyName', '', 'string'),
(114, 'id_ID', 'givenName', 'Sumiadji', 'string'),
(114, 'id_ID', 'preferredPublicName', '', 'string'),
(115, '', 'orcid', '', 'string'),
(115, 'en_US', 'affiliation', '', 'string'),
(115, 'en_US', 'biography', '', 'string'),
(115, 'en_US', 'familyName', '', 'string'),
(115, 'en_US', 'givenName', 'Padma Andriana', 'string'),
(115, 'en_US', 'preferredPublicName', '', 'string'),
(115, 'id_ID', 'affiliation', 'Politeknik Negeri Malang', 'string'),
(115, 'id_ID', 'biography', '<p>Akuntansi</p>', 'string'),
(115, 'id_ID', 'familyName', '', 'string'),
(115, 'id_ID', 'givenName', 'Padma Andriana', 'string'),
(115, 'id_ID', 'preferredPublicName', '', 'string'),
(116, '', 'orcid', '', 'string'),
(116, 'en_US', 'affiliation', '', 'string'),
(116, 'en_US', 'biography', '', 'string'),
(116, 'en_US', 'familyName', '', 'string'),
(116, 'en_US', 'givenName', 'Muwidha', 'string'),
(116, 'en_US', 'preferredPublicName', '', 'string'),
(116, 'id_ID', 'affiliation', '', 'string'),
(116, 'id_ID', 'biography', '', 'string'),
(116, 'id_ID', 'familyName', '', 'string'),
(116, 'id_ID', 'givenName', 'Muwidha', 'string'),
(116, 'id_ID', 'preferredPublicName', '', 'string'),
(117, '', 'orcid', '', 'string'),
(117, 'en_US', 'affiliation', '', 'string'),
(117, 'en_US', 'biography', '', 'string'),
(117, 'en_US', 'familyName', '', 'string'),
(117, 'en_US', 'givenName', 'Nur Indah', 'string'),
(117, 'en_US', 'preferredPublicName', '', 'string'),
(117, 'id_ID', 'affiliation', 'Politeknik Negeri Malang', 'string'),
(117, 'id_ID', 'biography', '', 'string'),
(117, 'id_ID', 'familyName', '', 'string'),
(117, 'id_ID', 'givenName', 'Nur Indah', 'string'),
(117, 'id_ID', 'preferredPublicName', '', 'string'),
(118, '', 'orcid', '', 'string'),
(118, 'en_US', 'affiliation', '', 'string'),
(118, 'en_US', 'biography', '', 'string'),
(118, 'en_US', 'familyName', '', 'string'),
(118, 'en_US', 'givenName', 'Himmah', 'string'),
(118, 'en_US', 'preferredPublicName', '', 'string'),
(118, 'id_ID', 'affiliation', 'Politeknik Negeri Malang', 'string'),
(118, 'id_ID', 'biography', '', 'string'),
(118, 'id_ID', 'familyName', '', 'string'),
(118, 'id_ID', 'givenName', 'Himmah', 'string'),
(118, 'id_ID', 'preferredPublicName', '', 'string'),
(119, '', 'orcid', '', 'string'),
(119, 'en_US', 'affiliation', '', 'string'),
(119, 'en_US', 'biography', '', 'string'),
(119, 'en_US', 'familyName', '', 'string'),
(119, 'en_US', 'givenName', ' Yusna', 'string'),
(119, 'en_US', 'preferredPublicName', '', 'string'),
(119, 'id_ID', 'affiliation', 'Politeknik Negeri Malang', 'string'),
(119, 'id_ID', 'biography', '', 'string'),
(119, 'id_ID', 'familyName', '', 'string'),
(119, 'id_ID', 'givenName', ' Yusna', 'string'),
(119, 'id_ID', 'preferredPublicName', '', 'string'),
(120, '', 'orcid', '', 'string'),
(120, 'en_US', 'affiliation', '', 'string'),
(120, 'en_US', 'biography', '', 'string'),
(120, 'en_US', 'familyName', '', 'string'),
(120, 'en_US', 'givenName', 'Nurafni ', 'string'),
(120, 'en_US', 'preferredPublicName', '', 'string'),
(120, 'id_ID', 'affiliation', 'Politeknik Negeri Malang', 'string'),
(120, 'id_ID', 'biography', '', 'string'),
(120, 'id_ID', 'familyName', '', 'string'),
(120, 'id_ID', 'givenName', 'Nurafni ', 'string'),
(120, 'id_ID', 'preferredPublicName', '', 'string'),
(121, '', 'orcid', '', 'string'),
(121, 'en_US', 'affiliation', '', 'string'),
(121, 'en_US', 'biography', '', 'string'),
(121, 'en_US', 'familyName', '', 'string'),
(121, 'en_US', 'givenName', 'Hilda Cahyani ', 'string'),
(121, 'en_US', 'preferredPublicName', '', 'string'),
(121, 'id_ID', 'affiliation', 'Politeknik Negeri Malang', 'string'),
(121, 'id_ID', 'biography', '', 'string'),
(121, 'id_ID', 'familyName', '', 'string'),
(121, 'id_ID', 'givenName', 'Hilda Cahyani ', 'string'),
(121, 'id_ID', 'preferredPublicName', '', 'string'),
(122, '', 'orcid', '', 'string'),
(122, 'en_US', 'affiliation', '', 'string'),
(122, 'en_US', 'biography', '', 'string'),
(122, 'en_US', 'familyName', '', 'string'),
(122, 'en_US', 'givenName', 'Sugeng Hariyanto ', 'string'),
(122, 'en_US', 'preferredPublicName', '', 'string'),
(122, 'id_ID', 'affiliation', 'Politeknik Negeri Malang', 'string'),
(122, 'id_ID', 'biography', '', 'string'),
(122, 'id_ID', 'familyName', '', 'string'),
(122, 'id_ID', 'givenName', 'Sugeng Hariyanto ', 'string'),
(122, 'id_ID', 'preferredPublicName', '', 'string'),
(123, '', 'orcid', '', 'string'),
(123, 'en_US', 'affiliation', '', 'string'),
(123, 'en_US', 'biography', '', 'string'),
(123, 'en_US', 'familyName', '', 'string'),
(123, 'en_US', 'givenName', 'Sigit Budisantoso', 'string'),
(123, 'en_US', 'preferredPublicName', '', 'string'),
(123, 'id_ID', 'affiliation', 'Politeknik Negeri Malang', 'string'),
(123, 'id_ID', 'biography', '', 'string'),
(123, 'id_ID', 'familyName', '', 'string'),
(123, 'id_ID', 'givenName', 'Sigit Budisantoso', 'string'),
(123, 'id_ID', 'preferredPublicName', '', 'string'),
(124, '', 'orcid', '', 'string'),
(124, 'en_US', 'affiliation', '', 'string'),
(124, 'en_US', 'biography', '', 'string'),
(124, 'en_US', 'familyName', '', 'string'),
(124, 'en_US', 'givenName', 'Abdullah Helmy', 'string'),
(124, 'en_US', 'preferredPublicName', '', 'string'),
(124, 'id_ID', 'affiliation', 'Politeknik Negeri Malang', 'string'),
(124, 'id_ID', 'biography', '', 'string'),
(124, 'id_ID', 'familyName', '', 'string'),
(124, 'id_ID', 'givenName', 'Abdullah Helmy', 'string'),
(124, 'id_ID', 'preferredPublicName', '', 'string'),
(125, '', 'orcid', '', 'string'),
(125, 'en_US', 'affiliation', '', 'string'),
(125, 'en_US', 'biography', '', 'string'),
(125, 'en_US', 'familyName', '', 'string'),
(125, 'en_US', 'givenName', 'Abdul Muqit ', 'string'),
(125, 'en_US', 'preferredPublicName', '', 'string'),
(125, 'id_ID', 'affiliation', 'Politeknik Negeri Malang', 'string'),
(125, 'id_ID', 'biography', '', 'string'),
(125, 'id_ID', 'familyName', '', 'string'),
(125, 'id_ID', 'givenName', 'Abdul Muqit', 'string'),
(125, 'id_ID', 'preferredPublicName', '', 'string'),
(126, '', 'orcid', '', 'string'),
(126, 'en_US', 'affiliation', '', 'string'),
(126, 'en_US', 'biography', '', 'string'),
(126, 'en_US', 'familyName', '', 'string'),
(126, 'en_US', 'givenName', 'Nur Salam', 'string'),
(126, 'en_US', 'preferredPublicName', '', 'string'),
(126, 'id_ID', 'affiliation', 'Politeknik Negeri Malang', 'string'),
(126, 'id_ID', 'biography', '', 'string'),
(126, 'id_ID', 'familyName', '', 'string'),
(126, 'id_ID', 'givenName', 'Nur Salam', 'string'),
(126, 'id_ID', 'preferredPublicName', '', 'string'),
(127, '', 'orcid', '', 'string'),
(127, 'en_US', 'affiliation', '', 'string'),
(127, 'en_US', 'biography', '', 'string'),
(127, 'en_US', 'familyName', '', 'string'),
(127, 'en_US', 'givenName', 'Kun Mustain', 'string'),
(127, 'en_US', 'preferredPublicName', '', 'string'),
(127, 'id_ID', 'affiliation', 'Politeknik Negeri Malang', 'string'),
(127, 'id_ID', 'biography', '', 'string'),
(127, 'id_ID', 'familyName', '', 'string'),
(127, 'id_ID', 'givenName', 'Kun Mustain', 'string'),
(127, 'id_ID', 'preferredPublicName', '', 'string'),
(128, '', 'orcid', '', 'string'),
(128, 'en_US', 'affiliation', '', 'string'),
(128, 'en_US', 'biography', '', 'string'),
(128, 'en_US', 'familyName', '', 'string'),
(128, 'en_US', 'givenName', ' Heru Prasetyo ', 'string'),
(128, 'en_US', 'preferredPublicName', '', 'string'),
(128, 'id_ID', 'affiliation', 'Politeknik Negeri Malang', 'string'),
(128, 'id_ID', 'biography', '', 'string'),
(128, 'id_ID', 'familyName', '', 'string'),
(128, 'id_ID', 'givenName', ' Heru Prasetyo ', 'string'),
(128, 'id_ID', 'preferredPublicName', '', 'string'),
(129, '', 'orcid', '', 'string'),
(129, 'en_US', 'affiliation', '', 'string'),
(129, 'en_US', 'biography', '', 'string'),
(129, 'en_US', 'familyName', '', 'string'),
(129, 'en_US', 'givenName', 'Henny Purwaningsih ', 'string'),
(129, 'en_US', 'preferredPublicName', '', 'string'),
(129, 'id_ID', 'affiliation', 'Politeknik Negeri Malang', 'string'),
(129, 'id_ID', 'biography', '', 'string'),
(129, 'id_ID', 'familyName', '', 'string'),
(129, 'id_ID', 'givenName', 'Henny Purwaningsih ', 'string'),
(129, 'id_ID', 'preferredPublicName', '', 'string'),
(130, '', 'orcid', '', 'string'),
(130, 'en_US', 'affiliation', '', 'string'),
(130, 'en_US', 'biography', '', 'string'),
(130, 'en_US', 'familyName', '', 'string'),
(130, 'en_US', 'givenName', 'Tutuk Widowati ', 'string'),
(130, 'en_US', 'preferredPublicName', '', 'string'),
(130, 'id_ID', 'affiliation', 'Politeknik Negeri Malang', 'string'),
(130, 'id_ID', 'biography', '', 'string'),
(130, 'id_ID', 'familyName', '', 'string'),
(130, 'id_ID', 'givenName', 'Tutuk Widowati ', 'string'),
(130, 'id_ID', 'preferredPublicName', '', 'string'),
(131, '', 'orcid', '', 'string'),
(131, 'en_US', 'affiliation', '', 'string'),
(131, 'en_US', 'biography', '', 'string'),
(131, 'en_US', 'familyName', '', 'string'),
(131, 'en_US', 'givenName', 'Subekhi Hadi Purnomo', 'string'),
(131, 'en_US', 'preferredPublicName', '', 'string'),
(131, 'id_ID', 'affiliation', 'Politeknik Negeri Malang', 'string'),
(131, 'id_ID', 'biography', '', 'string'),
(131, 'id_ID', 'familyName', '', 'string'),
(131, 'id_ID', 'givenName', 'Subekhi Hadi Purnomo', 'string'),
(131, 'id_ID', 'preferredPublicName', '', 'string'),
(132, '', 'orcid', '', 'string'),
(132, 'en_US', 'affiliation', '', 'string'),
(132, 'en_US', 'biography', '', 'string'),
(132, 'en_US', 'familyName', '', 'string'),
(132, 'en_US', 'givenName', 'Rita Darmayanti', 'string'),
(132, 'en_US', 'preferredPublicName', '', 'string'),
(132, 'id_ID', 'affiliation', 'Politeknik Negeri Malang', 'string'),
(132, 'id_ID', 'biography', '', 'string'),
(132, 'id_ID', 'familyName', '', 'string'),
(132, 'id_ID', 'givenName', 'Rita Darmayanti', 'string'),
(132, 'id_ID', 'preferredPublicName', '', 'string'),
(133, '', 'orcid', '', 'string'),
(133, 'en_US', 'affiliation', '', 'string'),
(133, 'en_US', 'biography', '', 'string'),
(133, 'en_US', 'familyName', '', 'string'),
(133, 'en_US', 'givenName', 'Lia Agustina', 'string'),
(133, 'en_US', 'preferredPublicName', '', 'string'),
(133, 'id_ID', 'affiliation', 'Politeknik Negeri Malang', 'string'),
(133, 'id_ID', 'biography', '', 'string'),
(133, 'id_ID', 'familyName', '', 'string'),
(133, 'id_ID', 'givenName', 'Lia Agustina', 'string'),
(133, 'id_ID', 'preferredPublicName', '', 'string'),
(134, '', 'orcid', '', 'string'),
(134, 'en_US', 'affiliation', '', 'string'),
(134, 'en_US', 'biography', '', 'string'),
(134, 'en_US', 'familyName', '', 'string'),
(134, 'en_US', 'givenName', 'R. Setiawan', 'string'),
(134, 'en_US', 'preferredPublicName', '', 'string'),
(134, 'id_ID', 'affiliation', 'Politeknik Negeri Malang', 'string'),
(134, 'id_ID', 'biography', '', 'string'),
(134, 'id_ID', 'familyName', '', 'string'),
(134, 'id_ID', 'givenName', 'R. Setiawan', 'string'),
(134, 'id_ID', 'preferredPublicName', '', 'string'),
(135, '', 'orcid', '', 'string'),
(135, 'en_US', 'affiliation', '', 'string'),
(135, 'en_US', 'biography', '', 'string'),
(135, 'en_US', 'familyName', '', 'string'),
(135, 'en_US', 'givenName', 'Futuh Handoyo ', 'string'),
(135, 'en_US', 'preferredPublicName', '', 'string'),
(135, 'id_ID', 'affiliation', 'Politeknik Negeri Malang', 'string'),
(135, 'id_ID', 'biography', '', 'string'),
(135, 'id_ID', 'familyName', '', 'string'),
(135, 'id_ID', 'givenName', 'Futuh Handoyo ', 'string'),
(135, 'id_ID', 'preferredPublicName', '', 'string');

-- --------------------------------------------------------

--
-- Struktur dari tabel `auth_sources`
--

CREATE TABLE `auth_sources` (
  `auth_id` bigint(20) NOT NULL,
  `title` varchar(60) NOT NULL,
  `plugin` varchar(32) NOT NULL,
  `auth_default` tinyint(4) NOT NULL DEFAULT '0',
  `settings` text
) ENGINE=InnoDB DEFAULT CHARSET=utf8;

-- --------------------------------------------------------

--
-- Struktur dari tabel `categories`
--

CREATE TABLE `categories` (
  `category_id` bigint(20) NOT NULL,
  `context_id` bigint(20) NOT NULL,
  `parent_id` bigint(20) NOT NULL,
  `seq` bigint(20) DEFAULT NULL,
  `path` varchar(255) NOT NULL,
  `image` text
) ENGINE=InnoDB DEFAULT CHARSET=utf8;

-- --------------------------------------------------------

--
-- Struktur dari tabel `category_settings`
--

CREATE TABLE `category_settings` (
  `category_id` bigint(20) NOT NULL,
  `locale` varchar(14) NOT NULL DEFAULT '',
  `setting_name` varchar(255) NOT NULL,
  `setting_value` text,
  `setting_type` varchar(6) NOT NULL
) ENGINE=InnoDB DEFAULT CHARSET=utf8;

-- --------------------------------------------------------

--
-- Struktur dari tabel `citations`
--

CREATE TABLE `citations` (
  `citation_id` bigint(20) NOT NULL,
  `submission_id` bigint(20) NOT NULL DEFAULT '0',
  `raw_citation` text,
  `seq` bigint(20) NOT NULL DEFAULT '0'
) ENGINE=InnoDB DEFAULT CHARSET=utf8;

-- --------------------------------------------------------

--
-- Struktur dari tabel `citation_settings`
--

CREATE TABLE `citation_settings` (
  `citation_id` bigint(20) NOT NULL,
  `locale` varchar(14) NOT NULL DEFAULT '',
  `setting_name` varchar(255) NOT NULL,
  `setting_value` text,
  `setting_type` varchar(6) NOT NULL
) ENGINE=InnoDB DEFAULT CHARSET=utf8;

-- --------------------------------------------------------

--
-- Struktur dari tabel `completed_payments`
--

CREATE TABLE `completed_payments` (
  `completed_payment_id` bigint(20) NOT NULL,
  `timestamp` datetime NOT NULL,
  `payment_type` bigint(20) NOT NULL,
  `context_id` bigint(20) NOT NULL,
  `user_id` bigint(20) DEFAULT NULL,
  `assoc_id` bigint(20) DEFAULT NULL,
  `amount` double NOT NULL,
  `currency_code_alpha` varchar(3) DEFAULT NULL,
  `payment_method_plugin_name` varchar(80) DEFAULT NULL
) ENGINE=InnoDB DEFAULT CHARSET=utf8;

-- --------------------------------------------------------

--
-- Struktur dari tabel `controlled_vocabs`
--

CREATE TABLE `controlled_vocabs` (
  `controlled_vocab_id` bigint(20) NOT NULL,
  `symbolic` varchar(64) NOT NULL,
  `assoc_type` bigint(20) NOT NULL DEFAULT '0',
  `assoc_id` bigint(20) NOT NULL DEFAULT '0'
) ENGINE=InnoDB DEFAULT CHARSET=utf8;

--
-- Dumping data untuk tabel `controlled_vocabs`
--

INSERT INTO `controlled_vocabs` (`controlled_vocab_id`, `symbolic`, `assoc_type`, `assoc_id`) VALUES
(8, 'interest', 0, 0),
(4, 'mods34-genre-marcgt', 0, 0),
(2, 'mods34-name-role-roleTerms-marcrelator', 0, 0),
(1, 'mods34-name-types', 0, 0),
(5, 'mods34-physicalDescription-form-marcform', 0, 0),
(3, 'mods34-typeOfResource', 0, 0),
(7, 'openurl10-book-genres', 0, 0),
(6, 'openurl10-journal-genres', 0, 0),
(68, 'submissionAgency', 1048585, 6),
(153, 'submissionAgency', 1048585, 7),
(224, 'submissionAgency', 1048585, 8),
(305, 'submissionAgency', 1048585, 10),
(376, 'submissionAgency', 1048585, 11),
(447, 'submissionAgency', 1048585, 12),
(518, 'submissionAgency', 1048585, 13),
(589, 'submissionAgency', 1048585, 14),
(660, 'submissionAgency', 1048585, 15),
(731, 'submissionAgency', 1048585, 16),
(802, 'submissionAgency', 1048585, 17),
(873, 'submissionAgency', 1048585, 18),
(944, 'submissionAgency', 1048585, 19),
(1015, 'submissionAgency', 1048585, 20),
(1086, 'submissionAgency', 1048585, 21),
(1157, 'submissionAgency', 1048585, 22),
(1237, 'submissionAgency', 1048585, 23),
(1311, 'submissionAgency', 1048585, 24),
(1382, 'submissionAgency', 1048585, 25),
(1453, 'submissionAgency', 1048585, 26),
(1524, 'submissionAgency', 1048585, 27),
(1595, 'submissionAgency', 1048585, 28),
(1666, 'submissionAgency', 1048585, 29),
(1737, 'submissionAgency', 1048585, 30),
(1808, 'submissionAgency', 1048585, 31),
(1879, 'submissionAgency', 1048585, 32),
(1950, 'submissionAgency', 1048585, 33),
(2021, 'submissionAgency', 1048585, 34),
(2092, 'submissionAgency', 1048585, 35),
(2163, 'submissionAgency', 1048585, 36),
(2234, 'submissionAgency', 1048585, 37),
(2305, 'submissionAgency', 1048585, 38),
(66, 'submissionDiscipline', 1048585, 6),
(151, 'submissionDiscipline', 1048585, 7),
(222, 'submissionDiscipline', 1048585, 8),
(303, 'submissionDiscipline', 1048585, 10),
(374, 'submissionDiscipline', 1048585, 11),
(445, 'submissionDiscipline', 1048585, 12),
(516, 'submissionDiscipline', 1048585, 13),
(587, 'submissionDiscipline', 1048585, 14),
(658, 'submissionDiscipline', 1048585, 15),
(729, 'submissionDiscipline', 1048585, 16),
(800, 'submissionDiscipline', 1048585, 17),
(871, 'submissionDiscipline', 1048585, 18),
(942, 'submissionDiscipline', 1048585, 19),
(1013, 'submissionDiscipline', 1048585, 20),
(1084, 'submissionDiscipline', 1048585, 21),
(1155, 'submissionDiscipline', 1048585, 22),
(1235, 'submissionDiscipline', 1048585, 23),
(1309, 'submissionDiscipline', 1048585, 24),
(1380, 'submissionDiscipline', 1048585, 25),
(1451, 'submissionDiscipline', 1048585, 26),
(1522, 'submissionDiscipline', 1048585, 27),
(1593, 'submissionDiscipline', 1048585, 28),
(1664, 'submissionDiscipline', 1048585, 29),
(1735, 'submissionDiscipline', 1048585, 30),
(1806, 'submissionDiscipline', 1048585, 31),
(1877, 'submissionDiscipline', 1048585, 32),
(1948, 'submissionDiscipline', 1048585, 33),
(2019, 'submissionDiscipline', 1048585, 34),
(2090, 'submissionDiscipline', 1048585, 35),
(2161, 'submissionDiscipline', 1048585, 36),
(2232, 'submissionDiscipline', 1048585, 37),
(2303, 'submissionDiscipline', 1048585, 38),
(64, 'submissionKeyword', 1048585, 6),
(149, 'submissionKeyword', 1048585, 7),
(220, 'submissionKeyword', 1048585, 8),
(301, 'submissionKeyword', 1048585, 10),
(372, 'submissionKeyword', 1048585, 11),
(443, 'submissionKeyword', 1048585, 12),
(514, 'submissionKeyword', 1048585, 13),
(585, 'submissionKeyword', 1048585, 14),
(656, 'submissionKeyword', 1048585, 15),
(727, 'submissionKeyword', 1048585, 16),
(798, 'submissionKeyword', 1048585, 17),
(869, 'submissionKeyword', 1048585, 18),
(940, 'submissionKeyword', 1048585, 19),
(1011, 'submissionKeyword', 1048585, 20),
(1082, 'submissionKeyword', 1048585, 21),
(1153, 'submissionKeyword', 1048585, 22),
(1233, 'submissionKeyword', 1048585, 23),
(1307, 'submissionKeyword', 1048585, 24),
(1378, 'submissionKeyword', 1048585, 25),
(1449, 'submissionKeyword', 1048585, 26),
(1520, 'submissionKeyword', 1048585, 27),
(1591, 'submissionKeyword', 1048585, 28),
(1662, 'submissionKeyword', 1048585, 29),
(1733, 'submissionKeyword', 1048585, 30),
(1804, 'submissionKeyword', 1048585, 31),
(1875, 'submissionKeyword', 1048585, 32),
(1946, 'submissionKeyword', 1048585, 33),
(2017, 'submissionKeyword', 1048585, 34),
(2088, 'submissionKeyword', 1048585, 35),
(2159, 'submissionKeyword', 1048585, 36),
(2230, 'submissionKeyword', 1048585, 37),
(2301, 'submissionKeyword', 1048585, 38),
(70, 'submissionLanguage', 1048585, 6),
(155, 'submissionLanguage', 1048585, 7),
(226, 'submissionLanguage', 1048585, 8),
(307, 'submissionLanguage', 1048585, 10),
(378, 'submissionLanguage', 1048585, 11),
(449, 'submissionLanguage', 1048585, 12),
(520, 'submissionLanguage', 1048585, 13),
(591, 'submissionLanguage', 1048585, 14),
(662, 'submissionLanguage', 1048585, 15),
(733, 'submissionLanguage', 1048585, 16),
(804, 'submissionLanguage', 1048585, 17),
(875, 'submissionLanguage', 1048585, 18),
(946, 'submissionLanguage', 1048585, 19),
(1017, 'submissionLanguage', 1048585, 20),
(1088, 'submissionLanguage', 1048585, 21),
(1159, 'submissionLanguage', 1048585, 22),
(1239, 'submissionLanguage', 1048585, 23),
(1313, 'submissionLanguage', 1048585, 24),
(1384, 'submissionLanguage', 1048585, 25),
(1455, 'submissionLanguage', 1048585, 26),
(1526, 'submissionLanguage', 1048585, 27),
(1597, 'submissionLanguage', 1048585, 28),
(1668, 'submissionLanguage', 1048585, 29),
(1739, 'submissionLanguage', 1048585, 30),
(1810, 'submissionLanguage', 1048585, 31),
(1881, 'submissionLanguage', 1048585, 32),
(1952, 'submissionLanguage', 1048585, 33),
(2023, 'submissionLanguage', 1048585, 34),
(2094, 'submissionLanguage', 1048585, 35),
(2165, 'submissionLanguage', 1048585, 36),
(2236, 'submissionLanguage', 1048585, 37),
(2307, 'submissionLanguage', 1048585, 38),
(62, 'submissionSubject', 1048585, 6),
(147, 'submissionSubject', 1048585, 7),
(218, 'submissionSubject', 1048585, 8),
(299, 'submissionSubject', 1048585, 10),
(370, 'submissionSubject', 1048585, 11),
(441, 'submissionSubject', 1048585, 12),
(512, 'submissionSubject', 1048585, 13),
(583, 'submissionSubject', 1048585, 14),
(654, 'submissionSubject', 1048585, 15),
(725, 'submissionSubject', 1048585, 16),
(796, 'submissionSubject', 1048585, 17),
(867, 'submissionSubject', 1048585, 18),
(938, 'submissionSubject', 1048585, 19),
(1009, 'submissionSubject', 1048585, 20),
(1080, 'submissionSubject', 1048585, 21),
(1151, 'submissionSubject', 1048585, 22),
(1231, 'submissionSubject', 1048585, 23),
(1305, 'submissionSubject', 1048585, 24),
(1376, 'submissionSubject', 1048585, 25),
(1447, 'submissionSubject', 1048585, 26),
(1518, 'submissionSubject', 1048585, 27),
(1589, 'submissionSubject', 1048585, 28),
(1660, 'submissionSubject', 1048585, 29),
(1731, 'submissionSubject', 1048585, 30),
(1802, 'submissionSubject', 1048585, 31),
(1873, 'submissionSubject', 1048585, 32),
(1944, 'submissionSubject', 1048585, 33),
(2015, 'submissionSubject', 1048585, 34),
(2086, 'submissionSubject', 1048585, 35),
(2157, 'submissionSubject', 1048585, 36),
(2228, 'submissionSubject', 1048585, 37),
(2299, 'submissionSubject', 1048585, 38);

-- --------------------------------------------------------

--
-- Struktur dari tabel `controlled_vocab_entries`
--

CREATE TABLE `controlled_vocab_entries` (
  `controlled_vocab_entry_id` bigint(20) NOT NULL,
  `controlled_vocab_id` bigint(20) NOT NULL,
  `seq` double DEFAULT NULL
) ENGINE=InnoDB DEFAULT CHARSET=utf8;

--
-- Dumping data untuk tabel `controlled_vocab_entries`
--

INSERT INTO `controlled_vocab_entries` (`controlled_vocab_entry_id`, `controlled_vocab_id`, `seq`) VALUES
(1, 1, 1),
(2, 1, 2),
(3, 1, 3),
(4, 2, 1),
(5, 2, 2),
(6, 2, 3),
(7, 2, 4),
(8, 2, 5),
(9, 2, 6),
(10, 2, 7),
(11, 3, 1),
(12, 3, 2),
(13, 3, 3),
(14, 4, 1),
(15, 4, 2),
(16, 4, 3),
(17, 4, 4),
(18, 4, 5),
(19, 4, 6),
(20, 4, 7),
(21, 4, 8),
(22, 4, 9),
(23, 4, 10),
(24, 4, 11),
(25, 4, 12),
(26, 5, 1),
(27, 5, 2),
(28, 6, 1),
(29, 6, 2),
(30, 6, 3),
(31, 6, 4),
(32, 6, 5),
(33, 6, 6),
(34, 6, 7),
(35, 7, 1),
(36, 7, 2),
(37, 7, 3),
(38, 7, 4),
(39, 7, 5),
(40, 7, 6),
(41, 7, 7),
(42, 8, 0),
(45, 64, 1),
(46, 64, 2),
(47, 149, 1),
(48, 149, 1),
(49, 220, 1),
(50, 220, 2),
(51, 220, 3),
(52, 301, 1),
(53, 301, 2),
(54, 301, 3),
(55, 372, 1),
(56, 372, 2),
(57, 443, 1),
(58, 443, 2),
(59, 443, 3),
(60, 514, 1),
(61, 514, 2),
(62, 514, 3),
(63, 514, 4),
(64, 585, 1),
(65, 585, 2),
(66, 585, 3),
(67, 585, 4),
(68, 585, 5),
(69, 656, 1),
(70, 656, 2),
(71, 727, 1),
(72, 727, 2),
(73, 727, 3),
(74, 798, 1),
(75, 798, 2),
(76, 798, 3),
(77, 869, 1),
(78, 869, 2),
(79, 869, 3),
(80, 1011, 1),
(81, 1011, 2),
(82, 1011, 3),
(83, 1011, 4),
(84, 1082, 1),
(85, 1082, 2),
(86, 1082, 3),
(87, 1153, 1),
(88, 1153, 2),
(89, 1153, 3),
(90, 1233, 1),
(91, 1233, 2),
(92, 1233, 3),
(93, 1307, 1),
(94, 1307, 2),
(95, 1307, 3),
(96, 1307, 4),
(97, 1378, 1),
(98, 1378, 2),
(99, 1378, 3),
(100, 1378, 4),
(101, 1449, 1),
(102, 1449, 2),
(103, 1449, 3),
(104, 1520, 1),
(105, 1520, 2),
(106, 1520, 3),
(107, 1591, 1),
(108, 1591, 2),
(109, 1591, 3),
(110, 1662, 1),
(111, 1662, 2),
(112, 1662, 3),
(113, 1662, 4),
(114, 1733, 1),
(115, 1733, 2),
(116, 1733, 3),
(117, 1875, 1),
(118, 1875, 2),
(119, 1875, 3),
(120, 1946, 1),
(121, 1946, 2),
(122, 1946, 3),
(123, 2017, 1),
(124, 2017, 2),
(125, 2088, 1),
(126, 2088, 2),
(127, 2088, 3),
(128, 2159, 1),
(129, 2159, 2),
(130, 2159, 3),
(131, 2159, 4),
(132, 2230, 1);

-- --------------------------------------------------------

--
-- Struktur dari tabel `controlled_vocab_entry_settings`
--

CREATE TABLE `controlled_vocab_entry_settings` (
  `controlled_vocab_entry_id` bigint(20) NOT NULL,
  `locale` varchar(14) NOT NULL DEFAULT '',
  `setting_name` varchar(255) NOT NULL,
  `setting_value` text,
  `setting_type` varchar(6) NOT NULL
) ENGINE=InnoDB DEFAULT CHARSET=utf8;

--
-- Dumping data untuk tabel `controlled_vocab_entry_settings`
--

INSERT INTO `controlled_vocab_entry_settings` (`controlled_vocab_entry_id`, `locale`, `setting_name`, `setting_value`, `setting_type`) VALUES
(1, '', 'name', 'personal', 'string'),
(2, '', 'name', 'corporate', 'string'),
(3, '', 'name', 'conference', 'string'),
(4, '', 'description', 'Author', 'string'),
(4, '', 'name', 'aut', 'string'),
(5, '', 'description', 'Contributor', 'string'),
(5, '', 'name', 'ctb', 'string'),
(6, '', 'description', 'Editor', 'string'),
(6, '', 'name', 'edt', 'string'),
(7, '', 'description', 'Illustrator', 'string'),
(7, '', 'name', 'ill', 'string'),
(8, '', 'description', 'Photographer', 'string'),
(8, '', 'name', 'pht', 'string'),
(9, '', 'description', 'Sponsor', 'string'),
(9, '', 'name', 'spn', 'string'),
(10, '', 'description', 'Translator', 'string'),
(10, '', 'name', 'trl', 'string'),
(11, '', 'name', 'multimedia', 'string'),
(12, '', 'name', 'still image', 'string'),
(13, '', 'name', 'text', 'string'),
(14, '', 'name', 'article', 'string'),
(15, '', 'name', 'book', 'string'),
(16, '', 'name', 'conference publication', 'string'),
(17, '', 'name', 'issue', 'string'),
(18, '', 'name', 'journal', 'string'),
(19, '', 'name', 'newspaper', 'string'),
(20, '', 'name', 'picture', 'string'),
(21, '', 'name', 'review', 'string'),
(22, '', 'name', 'periodical', 'string'),
(23, '', 'name', 'series', 'string'),
(24, '', 'name', 'thesis', 'string'),
(25, '', 'name', 'web site', 'string'),
(26, '', 'name', 'electronic', 'string'),
(27, '', 'name', 'print', 'string'),
(28, '', 'name', 'journal', 'string'),
(29, '', 'name', 'issue', 'string'),
(30, '', 'name', 'article', 'string'),
(31, '', 'name', 'proceeding', 'string'),
(32, '', 'name', 'conference', 'string'),
(33, '', 'name', 'preprint', 'string'),
(34, '', 'name', 'unknown', 'string'),
(35, '', 'name', 'book', 'string'),
(36, '', 'name', 'bookitem', 'string'),
(37, '', 'name', 'proceeding', 'string'),
(38, '', 'name', 'conference', 'string'),
(39, '', 'name', 'report', 'string'),
(40, '', 'name', 'document', 'string'),
(41, '', 'name', 'unknown', 'string'),
(42, '', 'interest', 'IOT', 'string'),
(45, 'id_ID', 'submissionKeyword', 'Desain Label', 'string'),
(46, 'id_ID', 'submissionKeyword', 'Coreldraw', 'string'),
(47, 'en_US', 'submissionKeyword', 'food business.', 'string'),
(48, 'id_ID', 'submissionKeyword', 'food business', 'string'),
(49, 'id_ID', 'submissionKeyword', 'Pemberdayaan Masyarakat', 'string'),
(50, 'id_ID', 'submissionKeyword', 'Peluang Usaha', 'string'),
(51, 'id_ID', 'submissionKeyword', 'Kaum Wanita', 'string'),
(52, 'id_ID', 'submissionKeyword', 'Manajemen Pemasaran', 'string'),
(53, 'id_ID', 'submissionKeyword', 'Industri kecil', 'string'),
(54, 'id_ID', 'submissionKeyword', 'Pelatihan Pemasaran', 'string'),
(55, 'id_ID', 'submissionKeyword', 'Pembelajaran', 'string'),
(56, 'id_ID', 'submissionKeyword', 'Internet', 'string'),
(57, 'id_ID', 'submissionKeyword', 'Teknologi', 'string'),
(58, 'id_ID', 'submissionKeyword', 'E-Commerce', 'string'),
(59, 'id_ID', 'submissionKeyword', 'Bisnis', 'string'),
(60, 'id_ID', 'submissionKeyword', 'learning', 'string'),
(61, 'id_ID', 'submissionKeyword', 'video', 'string'),
(62, 'id_ID', 'submissionKeyword', 'media', 'string'),
(63, 'id_ID', 'submissionKeyword', 'teacher', 'string'),
(64, 'id_ID', 'submissionKeyword', 'Pos PAUD', 'string'),
(65, 'id_ID', 'submissionKeyword', 'APE', 'string'),
(66, 'id_ID', 'submissionKeyword', 'Children\'s Motoric', 'string'),
(67, 'id_ID', 'submissionKeyword', 'Teacher', 'string'),
(68, 'id_ID', 'submissionKeyword', 'Putih Melati', 'string'),
(69, 'id_ID', 'submissionKeyword', 'Undang Undang', 'string'),
(70, 'id_ID', 'submissionKeyword', 'Pasal 54', 'string'),
(71, 'id_ID', 'submissionKeyword', 'bimbingan', 'string'),
(72, 'id_ID', 'submissionKeyword', 'pelatihan', 'string'),
(73, 'id_ID', 'submissionKeyword', 'pengembangan soft skill', 'string'),
(74, 'id_ID', 'submissionKeyword', 'Bimbingan', 'string'),
(75, 'id_ID', 'submissionKeyword', 'seni merajut', 'string'),
(76, 'id_ID', 'submissionKeyword', 'Ibu-ibu Komite Sekolah', 'string'),
(77, 'id_ID', 'submissionKeyword', 'Hang Ladder', 'string'),
(78, 'id_ID', 'submissionKeyword', 'berlatih', 'string'),
(79, 'id_ID', 'submissionKeyword', 'ketinggian', 'string'),
(80, 'id_ID', 'submissionKeyword', 'Masjid Aswaja', 'string'),
(81, 'id_ID', 'submissionKeyword', 'TPQ', 'string'),
(82, 'id_ID', 'submissionKeyword', 'Tiang net Badminton', 'string'),
(83, 'id_ID', 'submissionKeyword', 'portable', 'string'),
(84, 'id_ID', 'submissionKeyword', 'budidaya', 'string'),
(85, 'id_ID', 'submissionKeyword', 'golden melon', 'string'),
(86, 'id_ID', 'submissionKeyword', 'tuban', 'string'),
(87, 'id_ID', 'submissionKeyword', 'portal jalan', 'string'),
(88, 'id_ID', 'submissionKeyword', 'pelatihan', 'string'),
(89, 'id_ID', 'submissionKeyword', 'perintis', 'string'),
(90, 'id_ID', 'submissionKeyword', 'absorpsi', 'string'),
(91, 'id_ID', 'submissionKeyword', 'Kimia Industri', 'string'),
(92, 'id_ID', 'submissionKeyword', 'Mojoanyar', 'string'),
(93, 'id_ID', 'submissionKeyword', 'Remaja Masjid', 'string'),
(94, 'id_ID', 'submissionKeyword', 'Penstabil Tegangan', 'string'),
(95, 'id_ID', 'submissionKeyword', 'Busi Motor', 'string'),
(96, 'id_ID', 'submissionKeyword', 'Kapasitor', 'string'),
(97, 'id_ID', 'submissionKeyword', 'Panel Surya', 'string'),
(98, 'id_ID', 'submissionKeyword', 'Otomatis', 'string'),
(99, 'id_ID', 'submissionKeyword', 'Pompa Air', 'string'),
(100, 'id_ID', 'submissionKeyword', 'Wudhu', 'string'),
(101, 'id_ID', 'submissionKeyword', 'essential oil', 'string'),
(102, 'id_ID', 'submissionKeyword', 'instant ginger', 'string'),
(103, 'id_ID', 'submissionKeyword', 'enterpreneur', 'string'),
(104, 'id_ID', 'submissionKeyword', 'The Al- Mu\'minun Mosque', 'string'),
(105, 'id_ID', 'submissionKeyword', 'MS Power Point', 'string'),
(106, 'id_ID', 'submissionKeyword', 'Elementary And Middle School Children', 'string'),
(107, 'id_ID', 'submissionKeyword', 'usaha kecil', 'string'),
(108, 'id_ID', 'submissionKeyword', 'strategi usaha', 'string'),
(109, 'id_ID', 'submissionKeyword', 'wirausaha', 'string'),
(110, 'id_ID', 'submissionKeyword', 'etika', 'string'),
(111, 'id_ID', 'submissionKeyword', 'bisnis', 'string'),
(112, 'id_ID', 'submissionKeyword', 'sopan santun', 'string'),
(113, 'id_ID', 'submissionKeyword', 'kepercayaan', 'string'),
(114, 'id_ID', 'submissionKeyword', 'PAUD', 'string'),
(115, 'id_ID', 'submissionKeyword', 'APE', 'string'),
(116, 'id_ID', 'submissionKeyword', 'Motoric', 'string'),
(117, 'en_US', 'submissionKeyword', 'proyek', 'string'),
(118, 'en_US', 'submissionKeyword', 'bangunan', 'string'),
(119, 'en_US', 'submissionKeyword', 'ketrampilan.', 'string'),
(120, 'id_ID', 'submissionKeyword', 'Akuntansi Sektor Publik', 'string'),
(121, 'id_ID', 'submissionKeyword', 'Akuntansi Pemerintahan', 'string'),
(122, 'id_ID', 'submissionKeyword', 'SMK', 'string'),
(123, 'id_ID', 'submissionKeyword', 'Sistem Keuangan Syariah', 'string'),
(124, 'id_ID', 'submissionKeyword', 'Kesejahteraan', 'string'),
(125, 'id_ID', 'submissionKeyword', 'Mainan edukatif', 'string'),
(126, 'id_ID', 'submissionKeyword', 'ABK', 'string'),
(127, 'id_ID', 'submissionKeyword', 'PAUD.', 'string'),
(128, 'id_ID', 'submissionKeyword', 'metode pembelajaran', 'string'),
(129, 'id_ID', 'submissionKeyword', 'pelatihan Bahasa Inggris', 'string'),
(130, 'id_ID', 'submissionKeyword', 'media pembelajaran', 'string'),
(131, 'id_ID', 'submissionKeyword', 'pengamdian kepada masyaraka', 'string'),
(132, 'id_ID', 'submissionKeyword', 'food business', 'string');

-- --------------------------------------------------------

--
-- Struktur dari tabel `custom_issue_orders`
--

CREATE TABLE `custom_issue_orders` (
  `issue_id` bigint(20) NOT NULL,
  `journal_id` bigint(20) NOT NULL,
  `seq` double NOT NULL DEFAULT '0'
) ENGINE=InnoDB DEFAULT CHARSET=utf8;

-- --------------------------------------------------------

--
-- Struktur dari tabel `custom_section_orders`
--

CREATE TABLE `custom_section_orders` (
  `issue_id` bigint(20) NOT NULL,
  `section_id` bigint(20) NOT NULL,
  `seq` double NOT NULL DEFAULT '0'
) ENGINE=InnoDB DEFAULT CHARSET=utf8;

-- --------------------------------------------------------

--
-- Struktur dari tabel `data_object_tombstones`
--

CREATE TABLE `data_object_tombstones` (
  `tombstone_id` bigint(20) NOT NULL,
  `data_object_id` bigint(20) NOT NULL,
  `date_deleted` datetime NOT NULL,
  `set_spec` varchar(255) NOT NULL,
  `set_name` varchar(255) NOT NULL,
  `oai_identifier` varchar(255) NOT NULL
) ENGINE=InnoDB DEFAULT CHARSET=utf8;

-- --------------------------------------------------------

--
-- Struktur dari tabel `data_object_tombstone_oai_set_objects`
--

CREATE TABLE `data_object_tombstone_oai_set_objects` (
  `object_id` bigint(20) NOT NULL,
  `tombstone_id` bigint(20) NOT NULL,
  `assoc_type` bigint(20) NOT NULL,
  `assoc_id` bigint(20) NOT NULL
) ENGINE=InnoDB DEFAULT CHARSET=utf8;

-- --------------------------------------------------------

--
-- Struktur dari tabel `data_object_tombstone_settings`
--

CREATE TABLE `data_object_tombstone_settings` (
  `tombstone_id` bigint(20) NOT NULL,
  `locale` varchar(14) NOT NULL DEFAULT '',
  `setting_name` varchar(255) NOT NULL,
  `setting_value` text,
  `setting_type` varchar(6) NOT NULL
) ENGINE=InnoDB DEFAULT CHARSET=utf8;

-- --------------------------------------------------------

--
-- Struktur dari tabel `edit_decisions`
--

CREATE TABLE `edit_decisions` (
  `edit_decision_id` bigint(20) NOT NULL,
  `submission_id` bigint(20) NOT NULL,
  `review_round_id` bigint(20) DEFAULT NULL,
  `stage_id` bigint(20) DEFAULT NULL,
  `round` tinyint(4) NOT NULL,
  `editor_id` bigint(20) NOT NULL,
  `decision` tinyint(4) NOT NULL,
  `date_decided` datetime NOT NULL
) ENGINE=InnoDB DEFAULT CHARSET=utf8;

-- --------------------------------------------------------

--
-- Struktur dari tabel `email_log`
--

CREATE TABLE `email_log` (
  `log_id` bigint(20) NOT NULL,
  `assoc_type` bigint(20) DEFAULT NULL,
  `assoc_id` bigint(20) DEFAULT NULL,
  `sender_id` bigint(20) NOT NULL,
  `date_sent` datetime NOT NULL,
  `ip_address` varchar(39) DEFAULT NULL,
  `event_type` bigint(20) DEFAULT NULL,
  `from_address` varchar(255) DEFAULT NULL,
  `recipients` text,
  `cc_recipients` text,
  `bcc_recipients` text,
  `subject` varchar(255) DEFAULT NULL,
  `body` text
) ENGINE=InnoDB DEFAULT CHARSET=utf8;

-- --------------------------------------------------------

--
-- Struktur dari tabel `email_log_users`
--

CREATE TABLE `email_log_users` (
  `email_log_id` bigint(20) NOT NULL,
  `user_id` bigint(20) NOT NULL
) ENGINE=InnoDB DEFAULT CHARSET=utf8;

-- --------------------------------------------------------

--
-- Struktur dari tabel `email_templates`
--

CREATE TABLE `email_templates` (
  `email_id` bigint(20) NOT NULL,
  `email_key` varchar(64) NOT NULL,
  `assoc_type` bigint(20) DEFAULT '0',
  `assoc_id` bigint(20) DEFAULT '0',
  `enabled` tinyint(4) NOT NULL DEFAULT '1'
) ENGINE=InnoDB DEFAULT CHARSET=utf8;

-- --------------------------------------------------------

--
-- Struktur dari tabel `email_templates_data`
--

CREATE TABLE `email_templates_data` (
  `email_key` varchar(64) NOT NULL,
  `locale` varchar(14) NOT NULL DEFAULT 'en_US',
  `assoc_type` bigint(20) DEFAULT '0',
  `assoc_id` bigint(20) DEFAULT '0',
  `subject` varchar(120) NOT NULL,
  `body` text
) ENGINE=InnoDB DEFAULT CHARSET=utf8;

-- --------------------------------------------------------

--
-- Struktur dari tabel `email_templates_default`
--

CREATE TABLE `email_templates_default` (
  `email_id` bigint(20) NOT NULL,
  `email_key` varchar(64) NOT NULL,
  `can_disable` tinyint(4) NOT NULL DEFAULT '1',
  `can_edit` tinyint(4) NOT NULL DEFAULT '1',
  `from_role_id` bigint(20) DEFAULT NULL,
  `to_role_id` bigint(20) DEFAULT NULL
) ENGINE=InnoDB DEFAULT CHARSET=utf8;

--
-- Dumping data untuk tabel `email_templates_default`
--

INSERT INTO `email_templates_default` (`email_id`, `email_key`, `can_disable`, `can_edit`, `from_role_id`, `to_role_id`) VALUES
(1, 'NOTIFICATION', 0, 1, NULL, NULL),
(2, 'NOTIFICATION_CENTER_DEFAULT', 0, 1, NULL, NULL),
(3, 'PASSWORD_RESET_CONFIRM', 0, 1, NULL, NULL),
(4, 'PASSWORD_RESET', 0, 1, NULL, NULL),
(5, 'USER_REGISTER', 0, 1, NULL, NULL),
(6, 'USER_VALIDATE', 0, 1, NULL, NULL),
(7, 'REVIEWER_REGISTER', 0, 1, NULL, NULL),
(8, 'PUBLISH_NOTIFY', 0, 1, NULL, NULL),
(9, 'LOCKSS_EXISTING_ARCHIVE', 0, 1, NULL, NULL),
(10, 'LOCKSS_NEW_ARCHIVE', 0, 1, NULL, NULL),
(11, 'SUBMISSION_ACK', 1, 1, NULL, 65536),
(12, 'SUBMISSION_ACK_NOT_USER', 1, 1, NULL, 65536),
(13, 'EDITOR_ASSIGN', 1, 1, 256, 512),
(14, 'REVIEW_CANCEL', 1, 1, 512, 4096),
(15, 'REVIEW_REQUEST', 1, 1, 512, 4096),
(16, 'REVIEW_REQUEST_SUBSEQUENT', 1, 1, 512, 4096),
(17, 'REVIEW_REQUEST_ONECLICK', 1, 1, 512, 4096),
(18, 'REVIEW_REQUEST_ONECLICK_SUBSEQUENT', 1, 1, 512, 4096),
(19, 'REVIEW_REQUEST_ATTACHED', 0, 1, 512, 4096),
(20, 'REVIEW_REQUEST_ATTACHED_SUBSEQUENT', 0, 1, 512, 4096),
(21, 'REVIEW_REQUEST_REMIND_AUTO', 0, 1, NULL, 4096),
(22, 'REVIEW_REQUEST_REMIND_AUTO_ONECLICK', 0, 1, NULL, 4096),
(23, 'REVIEW_CONFIRM', 1, 1, 4096, 512),
(24, 'REVIEW_DECLINE', 1, 1, 4096, 512),
(25, 'REVIEW_ACK', 1, 1, 512, 4096),
(26, 'REVIEW_REMIND', 0, 1, 512, 4096),
(27, 'REVIEW_REMIND_AUTO', 0, 1, NULL, 4096),
(28, 'REVIEW_REMIND_ONECLICK', 0, 1, 512, 4096),
(29, 'REVIEW_REMIND_AUTO_ONECLICK', 0, 1, NULL, 4096),
(30, 'EDITOR_DECISION_ACCEPT', 0, 1, 512, 65536),
(31, 'EDITOR_DECISION_SEND_TO_EXTERNAL', 0, 1, 17, 65536),
(32, 'EDITOR_DECISION_SEND_TO_PRODUCTION', 0, 1, 17, 65536),
(33, 'EDITOR_DECISION_REVISIONS', 0, 1, 512, 65536),
(34, 'EDITOR_DECISION_RESUBMIT', 0, 1, 512, 65536),
(35, 'EDITOR_DECISION_DECLINE', 0, 1, 512, 65536),
(36, 'EDITOR_DECISION_INITIAL_DECLINE', 0, 1, 512, 65536),
(37, 'EDITOR_RECOMMENDATION', 0, 1, 17, 16),
(38, 'COPYEDIT_REQUEST', 1, 1, 512, 8192),
(39, 'LAYOUT_REQUEST', 1, 1, 512, 768),
(40, 'LAYOUT_COMPLETE', 1, 1, 768, 512),
(41, 'EMAIL_LINK', 0, 1, 1048576, NULL),
(42, 'SUBSCRIPTION_NOTIFY', 0, 1, NULL, 1048576),
(43, 'OPEN_ACCESS_NOTIFY', 0, 1, NULL, 1048576),
(44, 'SUBSCRIPTION_BEFORE_EXPIRY', 0, 1, NULL, 1048576),
(45, 'SUBSCRIPTION_AFTER_EXPIRY', 0, 1, NULL, 1048576),
(46, 'SUBSCRIPTION_AFTER_EXPIRY_LAST', 0, 1, NULL, 1048576),
(47, 'SUBSCRIPTION_PURCHASE_INDL', 0, 1, NULL, 2097152),
(48, 'SUBSCRIPTION_PURCHASE_INSTL', 0, 1, NULL, 2097152),
(49, 'SUBSCRIPTION_RENEW_INDL', 0, 1, NULL, 2097152),
(50, 'SUBSCRIPTION_RENEW_INSTL', 0, 1, NULL, 2097152),
(51, 'CITATION_EDITOR_AUTHOR_QUERY', 0, 1, NULL, NULL),
(52, 'REVISED_VERSION_NOTIFY', 0, 1, NULL, 512),
(53, 'STATISTICS_REPORT_NOTIFICATION', 0, 1, 16, 17),
(54, 'ORCID_COLLECT_AUTHOR_ID', 0, 1, NULL, NULL),
(55, 'ORCID_REQUEST_AUTHOR_AUTHORIZATION', 0, 1, NULL, NULL),
(56, 'MANUAL_PAYMENT_NOTIFICATION', 0, 1, NULL, NULL),
(57, 'PAYPAL_INVESTIGATE_PAYMENT', 0, 1, NULL, NULL);

-- --------------------------------------------------------

--
-- Struktur dari tabel `email_templates_default_data`
--

CREATE TABLE `email_templates_default_data` (
  `email_key` varchar(64) NOT NULL,
  `locale` varchar(14) NOT NULL DEFAULT 'en_US',
  `subject` varchar(120) NOT NULL,
  `body` text,
  `description` text
) ENGINE=InnoDB DEFAULT CHARSET=utf8;

--
-- Dumping data untuk tabel `email_templates_default_data`
--

INSERT INTO `email_templates_default_data` (`email_key`, `locale`, `subject`, `body`, `description`) VALUES
('CITATION_EDITOR_AUTHOR_QUERY', 'en_US', 'Citation Editing', '{$authorFirstName},<br />\n<br />\nCould you please verify or provide us with the proper citation for the following reference from your article, {$submissionTitle}:<br />\n<br />\n{$rawCitation}<br />\n<br />\nThanks!<br />\n<br />\n{$userFirstName}<br />\nCopy-Editor, {$contextName}<br />\n', 'This email allows copyeditors to request additional information about references from authors.'),
('CITATION_EDITOR_AUTHOR_QUERY', 'id_ID', 'Penyuntingan Sitiran', '{$authorFirstName},<br />\n<br />\nMohon verifikasi atau berikan sitasi yang benar untuk rujukan berikut dari artikel Anda, {$submissionTitle}:<br />\n<br />\n{$rawCitation}<br />\n<br />\nTerimakasih!<br />\n<br />\n{$userFirstName}<br />\nCopy-Editor, {$contextName}<br />\n', 'Email ini memungkinkan copyeditor untuk meminta informasi tambahan tentang rujukan dari penulis.'),
('COPYEDIT_REQUEST', 'en_US', 'Copyediting Request', '{$participantName}:<br />\n<br />\nI would ask that you undertake the copyediting of &quot;{$submissionTitle}&quot; for {$contextName} by following these steps.<br />\n1. Click on the Submission URL below.<br />\n2. Open any files available under Draft Files and do your copyediting, while adding any Copyediting Discussions as needed.<br />\n3. Save copyedited file(s), and upload to Copyedited panel.<br />\n4. Notify the Editor that all files have been prepared, and that the Production process may begin.<br />\n<br />\n{$contextName} URL: {$contextUrl}<br />\nSubmission URL: {$submissionUrl}<br />\nUsername: {$participantUsername}<br />\n<br />\n{$editorialContactSignature}', 'This email is sent by a Section Editor to a submission\'s Copyeditor to request that they begin the copyediting process. It provides information about the submission and how to access it.'),
('COPYEDIT_REQUEST', 'id_ID', 'Permohonan Copyediting', '{$participantName}:<br />\n<br />\nKami meminta Anda melakukan copyediting terhadap &quot;{$submissionTitle}&quot; untuk {$contextName} mengikuti langkah-langkah berikut.<br />\n1. Klik URL Naskah di bawah.<br />\n2. Buka semua file yang ada di file Draft dan lakukan copyediting, tambahkan Diskusi Copyediting sesuai kebutuhan.<br />\n3. Simpan file yang telah di-copyedit, dan unggah ke panel Sudah Copyedit.<br />\n4. Beritahu Editor bahwa semua file telah siap, dan bahwa proses Produksi dapat dimulai.<br />\n<br />\n{$contextName} URL: {$contextUrl}<br />\nURL Naskah: {$submissionUrl}<br />\nNama pengguna: {$participantUsername}<br />\n<br />\n{$editorialContactSignature}', 'Email ini dari Editor Bagian ke Copyeditor naskah agar memulai proses copyediting.  Email ini memuat informasi terkait penyerahan naskah dan bagaimana mengaksesnya.'),
('EDITOR_ASSIGN', 'en_US', 'Editorial Assignment', '{$editorialContactName}:<br />\n<br />\nThe submission, &quot;{$submissionTitle},&quot; to {$contextName} has been assigned to you to see through the editorial process in your role as Section Editor.<br />\n<br />\nSubmission URL: {$submissionUrl}<br />\nUsername: {$editorUsername}<br />\n<br />\nThank you,<br />\n{$editorialContactSignature}', 'This email notifies a Section Editor that the Editor has assigned them the task of overseeing a submission through the editing process. It provides information about the submission and how to access the journal site.'),
('EDITOR_ASSIGN', 'id_ID', 'Penugasan Editorial', '{$editorialContactName}:<br />\n<br />\nNaskah, &quot;{$submissionTitle},&quot; di {$contextName} telah ditugaskan kepada Anda sebagai Editor Bagian untuk memastikan selesainya seluruh proses editorial.<br />\n<br />\nURL Naskah: {$submissionUrl}<br />\nNama pengguna: {$editorUsername}<br />\n<br />\nTerimakasih,<br />\n{$editorialContactSignature}', 'Email ini memberitahu Editor Bagian bahwa Editor telah memberikan tugas untuk mengawasi suatu naskah dalam menyelesaikan proses editorial. Email ini memberikan informasi mengenai naskah dan cara mengaksesnya di website jurnal.'),
('EDITOR_DECISION_ACCEPT', 'en_US', 'Editor Decision', '{$authorName}:<br />\n<br />\nWe have reached a decision regarding your submission to {$contextName}, &quot;{$submissionTitle}&quot;.<br />\n<br />\nOur decision is to: Accept Submission<br />\n<br />\n{$editorialContactSignature}<br />\n', 'This email from the Editor or Section Editor to an Author notifies them of a final \"accept submission\" decision regarding their submission.'),
('EDITOR_DECISION_ACCEPT', 'id_ID', 'Keputusan Editor', '{$authorName}:<br />\n<br />\nKami telah membuat keputusan terkait naskah yang Anda kirimkan ke {$contextName}, &quot;{$submissionTitle}&quot;.<br />\n<br />\nKeputusan kami adalah: Naskah Diterima<br />\n<br />\n{$editorialContactSignature}<br />\n', 'Email ini dari Editor atau Editor Bagian kepada Penulis memberitahukan keputusan final \"Naskah Diterima\".'),
('EDITOR_DECISION_DECLINE', 'en_US', 'Editor Decision', '{$authorName}:<br />\n<br />\nWe have reached a decision regarding your submission to {$contextName}, &quot;{$submissionTitle}&quot;.<br />\n<br />\nOur decision is to: Decline Submission<br />\n<br />\n{$editorialContactSignature}<br />\n', 'This email from the Editor or Section Editor to an Author notifies them of a final \"decline\" decision regarding their submission.'),
('EDITOR_DECISION_DECLINE', 'id_ID', 'Keputusan Editor', '{$authorName}:<br />\n<br />\nKami telah membuat keputusan terkait naskah yang Anda kirimkan ke {$contextName}, &quot;{$submissionTitle}&quot;.<br />\n<br />\nKeputusan kami adalah: Naskah Ditolak<br />\n<br />\n{$editorialContactSignature}<br />\n', 'Email ini dari Editor atau Editor Bagian kepada Penulis memberitahukan keputusan final \"Naskah Ditolak\".'),
('EDITOR_DECISION_INITIAL_DECLINE', 'en_US', 'Editor Decision', '\n			{$authorName}:<br />\n<br />\nWe have reached a decision regarding your submission to {$contextName}, &quot;{$submissionTitle}&quot;.<br />\n<br />\nOur decision is to: Decline Submission<br />\n<br />\n{$editorialContactSignature}<br />', 'This email is sent to the author if the editor declines their submission initially, before the review stage'),
('EDITOR_DECISION_RESUBMIT', 'en_US', 'Editor Decision', '{$authorName}:<br />\n<br />\nWe have reached a decision regarding your submission to {$contextName}, &quot;{$submissionTitle}&quot;.<br />\n<br />\nOur decision is to: Resubmit for Review<br />\n<br />\n{$editorialContactSignature}<br />\n', 'This email from the Editor or Section Editor to an Author notifies them of a final \"resubmit\" decision regarding their submission.'),
('EDITOR_DECISION_RESUBMIT', 'id_ID', 'Keputusan Editor', '{$authorName}:<br />\n<br />\nKami telah membuat keputusan terkait naskah yang Anda kirimkan ke {$contextName}, &quot;{$submissionTitle}&quot;.<br />\n<br />\nKeputusan kami adalah: Kirim Ulang untuk Review<br />\n<br />\n{$editorialContactSignature}<br />\n', 'Email ini dari Editor atau Editor Bagian kepada Penulis memberitahukan bahwa Penulis perlu mengirim ulang naskahnya.'),
('EDITOR_DECISION_REVISIONS', 'en_US', 'Editor Decision', '{$authorName}:<br />\n<br />\nWe have reached a decision regarding your submission to {$contextName}, &quot;{$submissionTitle}&quot;.<br />\n<br />\nOur decision is: Revisions Required<br />\n<br />\n{$editorialContactSignature}<br />\n', 'This email from the Editor or Section Editor to an Author notifies them of a final \"revisions required\" decision regarding their submission.'),
('EDITOR_DECISION_REVISIONS', 'id_ID', 'Keputusan Editor', '{$authorName}:<br />\n<br />\nKami telah membuat keputusan terkait naskah yang Anda kirimkan ke {$contextName}, &quot;{$submissionTitle}&quot;.<br />\n<br />\nKeputusan kami adalah: Perlu Revisi<br />\n<br />\n{$editorialContactSignature}<br />\n', 'Email ini dari Editor atau Editor Bagian kepada Penulis memberitahukan keputusan final \"Perlu Revisi\".'),
('EDITOR_DECISION_SEND_TO_EXTERNAL', 'en_US', 'Editor Decision', '{$authorName}:<br />\n<br />\nWe have reached a decision regarding your submission to {$contextName}, &quot;{$submissionTitle}&quot;.<br />\n<br />\nOur decision is to: Send to Review<br />\n<br />\nSubmission URL: {$submissionUrl}<br />\n<br />\n{$editorialContactSignature}<br />\n', 'This email from the Editor or Section Editor to an Author notifies them that their submission is being sent to an external review.'),
('EDITOR_DECISION_SEND_TO_EXTERNAL', 'id_ID', 'Keputusan Editor', '{$authorName}:<br />\n<br />\nKami telah membuat keputusan terkait naskah yang Anda kirimkan ke {$contextName}, &quot;{$submissionTitle}&quot;.<br />\n<br />\nKeputusan kami adalah: Dikirimkan ke Reviewer Eksternal<br />\n<br />\nURL Naskah: {$submissionUrl}<br />\n<br />\n{$editorialContactSignature}<br />\n', 'Email ini dari Editor atau Editor Bagian kepada Penulis memberitahukan bahwa naskah dikirimkan ke reviewer eksternal.'),
('EDITOR_DECISION_SEND_TO_PRODUCTION', 'en_US', 'Editor Decision', '{$authorName}:<br />\n<br />\nThe editing of your submission, &quot;{$submissionTitle},&quot; is complete.  We are now sending it to production.<br />\n<br />\nSubmission URL: {$submissionUrl}<br />\n<br />\n{$editorialContactSignature}<br />\n', 'This email from the Editor or Section Editor to an Author notifies them that their submission is being sent to production.'),
('EDITOR_DECISION_SEND_TO_PRODUCTION', 'id_ID', 'Keputusan Editor', '{$authorName}:<br />\n<br />\nProses editing naskah Anda, &quot;{$submissionTitle},&quot; telah selesai.  Kami sekarang mengirimkannya ke produksi.<br />\n<br />\nURL Naskah: {$submissionUrl}<br />\n<br />\n{$editorialContactSignature}<br />\n', 'Email ini dari Editor atau Editor Bagian kepada Penulis memberitahukan bahwa naskah dikirim ke produksi.'),
('EDITOR_RECOMMENDATION', 'en_US', 'Editor Recommendation', '{$editors}:<br />\n<br />\nThe recommendation regarding the submission to {$contextName}, &quot;{$submissionTitle}&quot; is: {$recommendation}<br />\n<br />\n{$editorialContactSignature}<br />\n', 'This email from the recommending Editor or Section Editor to the decision making Editors or Section Editors notifies them of a final recommendation regarding the submission.'),
('EMAIL_LINK', 'en_US', 'Article of Possible Interest', 'Thought you might be interested in seeing &quot;{$submissionTitle}&quot; by {$authorName} published in Vol {$volume}, No {$number} ({$year}) of {$contextName} at &quot;{$articleUrl}&quot;.', 'This email template provides a registered reader with the opportunity to send information about an article to somebody who may be interested. It is available via the Reading Tools and must be enabled by the Journal Manager in the Reading Tools Administration page.'),
('EMAIL_LINK', 'id_ID', 'Artikel Menarik', 'Anda mungkin tertarik dengan &quot;{$submissionTitle}&quot; oleh {$authorName} diterbitkan di Vol {$volume}, No {$number} ({$year}) {$contextName} yang tersedia di &quot;{$articleUrl}&quot;.', 'Template email ini memungkinkan pembaca terdaftar mengirimkan informasi tentang suatu artikel kepada seseorang yang mungkin akan tertarik. Email ini tersedia di Alat Baca dan harus diaktifkan oleh Manajer Jurnal di halaman Administrasi Alat Baca.'),
('LAYOUT_COMPLETE', 'en_US', 'Galleys Complete', '{$editorialContactName}:<br />\n<br />\nGalleys have now been prepared for the manuscript, &quot;{$submissionTitle},&quot; for {$contextName} and are ready for proofreading.<br />\n<br />\nIf you have any questions, please contact me.<br />\n<br />\n{$participantName}', 'This email from the Layout Editor to the Section Editor notifies them that the layout process has been completed.'),
('LAYOUT_COMPLETE', 'id_ID', 'Galley Selesai', '{$editorialContactName}:<br />\n<br />\nGalley telah dipersiapkan bagi naskah, &quot;{$submissionTitle},&quot; di {$contextName} dan siap untuk proofreading.<br />\n<br />\nJika ada pertanyaan, silakan hubungi kami.<br />\n<br />\n{$participantName}', 'Email from the Layout Editor kepada Editor Bagian memberitahukan bahwa proses layout telah selesai.'),
('LAYOUT_REQUEST', 'en_US', 'Request Galleys', '{$participantName}:<br />\n<br />\nThe submission &quot;{$submissionTitle}&quot; to {$contextName} now needs galleys laid out by following these steps.<br />\n1. Click on the Submission URL below.<br />\n2. Log into the journal and use the Production Ready files to create the galleys according to the journal\'s standards.<br />\n3. Upload the galleys to the Galley Files section.<br />\n4. Notify the Editor using Production Discussions that the galleys are uploaded and ready.<br />\n<br />\n{$contextName} URL: {$contextUrl}<br />\nSubmission URL: {$submissionLayoutUrl}<br />\nUsername: {$participantUsername}<br />\n<br />\nIf you are unable to undertake this work at this time or have any questions, please contact me. Thank you for your contribution to this journal.<br />\n<br />\n{$editorialContactSignature}', 'This email from the Section Editor to the Layout Editor notifies them that they have been assigned the task of performing layout editing on a submission. It provides information about the submission and how to access it.'),
('LAYOUT_REQUEST', 'id_ID', 'Permohonan Galley', '{$participantName}:<br />\n<br />\nNaskah &quot;{$submissionTitle}&quot; di {$contextName} memerlukan pembuatan galley dengan mengikuti langkah-langkah berikut.<br />\n1. Klik URL Naskah di bawah.<br />\n2. Login ke jurnal dan gunakan file Siap Produksi untuk membuat galley sesuai standar jurnal.<br />\n3. Unggah galley ke bagian File Galley.<br />\n4. Beritahu Editor menggunakan Diskusi Produksi bahwa galley telah diunggah dan siap digunakan.<br />\n<br />\n{$contextName} URL: {$contextUrl}<br />\nURL Naskah: {$submissionLayoutUrl}<br />\nNama pengguna: {$participantUsername}<br />\n<br />\nJika Anda tidak dapat melakukan tugas ini saat ini atau mempunyai pertanyaan, silakan hubungi kami.  Terimakasih atas kontribusi Anda ke jurnal ini.<br />\n<br />\n{$editorialContactSignature}', 'Email dari Editor Bagian kepada Layout Editor memberitahukan bahwa mereka telah ditugaskan untuk melakukan layout editing terhadap suatu naskah.  Email ini memuat informasi terkait penyerahan naskah dan bagaimana mengaksesnya.'),
('LOCKSS_EXISTING_ARCHIVE', 'en_US', 'Archiving Request for {$contextName}', 'Dear [University Librarian]<br />\n<br />\n{$contextName} &amp;lt;{$contextUrl}&amp;gt;, is a journal for which a member of your faculty, [name of member], serves as a [title of position]. The journal is seeking to establish a LOCKSS (Lots of Copies Keep Stuff Safe) compliant archive with this and other university libraries.<br />\n<br />\n[Brief description of journal]<br />\n<br />\nThe URL to the LOCKSS Publisher Manifest for our journal is: {$contextUrl}/gateway/lockss<br />\n<br />\nWe understand that you are already participating in LOCKSS. If we can provide any additional metadata for purposes of registering our journal with your version of LOCKSS, we would be happy to provide it.<br />\n<br />\nThank you,<br />\n{$principalContactSignature}', 'This email requests the keeper of a LOCKSS archive to consider including this journal in their archive. It provides the URL to the journal\'s LOCKSS Publisher Manifest.'),
('LOCKSS_EXISTING_ARCHIVE', 'id_ID', 'Permohonan Pengarsipan untuk {$contextName}', 'Yang terhormat [Pustakawan Universitas]<br />\n<br />\n{$contextName} &amp;lt;{$contextUrl}&amp;gt;, merupakan jurnal yang salah satu anggota fakultas Anda, [name of member], menjadi [title of position]. Jurnal ini hendak membuat arsip sesuai LOCKSS (Lots of Copies Keep Stuff Safe) di perpustakaan Anda dan perpustakaan universitas lainnya.<br />\n<br />\n[Deskripsi singkat jurnal]<br />\n<br />\nURL Publisher Manifest LOCKSS jurnal kami adalah: {$contextUrl}/gateway/lockss<br />\n<br />\nKami memahami bahwa Anda telah bergabung dengan LOCKSS. Jika kami perlu memberikan metadata tambahan untuk mendaftarkan jurnal kami di versi LOCKSS Anda, dengan senang hati kami akan memberikannya.<br />\n<br />\nTerimakasih,<br />\n{$principalContactSignature}', 'Email ini meminta penjaga arsip LOCKSS untuk mempertimbangkan memasukkan jurnal ini ke dalam arsip mereka. Email ini memberikan URL Publisher Manifest LOCKSS jurnal.'),
('LOCKSS_NEW_ARCHIVE', 'en_US', 'Archiving Request for {$contextName}', 'Dear [University Librarian]<br />\n<br />\n{$contextName} &amp;lt;{$contextUrl}&amp;gt;, is a journal for which a member of your faculty, [name of member] serves as a [title of position]. The journal is seeking to establish a LOCKSS (Lots of Copies Keep Stuff Safe) compliant archive with this and other university libraries.<br />\n<br />\n[Brief description of journal]<br />\n<br />\nThe LOCKSS Program &amp;lt;http://lockss.org/&amp;gt;, an international library/publisher initiative, is a working example of a distributed preservation and archiving repository, additional details are below. The software, which runs on an ordinary personal computer is free; the system is easily brought on-line; very little ongoing maintenance is required.<br />\n<br />\nTo assist in the archiving of our journal, we invite you to become a member of the LOCKSS community, to help collect and preserve titles produced by your faculty and by other scholars worldwide. To do so, please have someone on your staff visit the LOCKSS site for information on how this system operates. I look forward to hearing from you on the feasibility of providing this archiving support for this journal.<br />\n<br />\nThank you,<br />\n{$principalContactSignature}', 'This email encourages the recipient to participate in the LOCKSS initiative and include this journal in the archive. It provides information about the LOCKSS initiative and ways to become involved.'),
('LOCKSS_NEW_ARCHIVE', 'id_ID', 'Permohonan Pengarsipan untuk {$contextName}', 'Yang terhormat [University Librarian]<br />\n<br />\n{$contextName} &amp;lt;{$contextUrl}&amp;gt;, merupakan jurnal yang salah satu anggota fakultas Anda, [name of member], menjadi [title of position]. Jurnal ini hendak membuat arsip sesuai LOCKSS (Lots of Copies Keep Stuff Safe) di perpustakaan Anda dan perpustakaan universitas lainnya.<br />\n<br />\n[Deskripsi singkat jurnal]<br />\n<br />\nProgram LOCKSS &amp;lt;http://lockss.org/&amp;gt;, suatu gerakan perpustakaan/penerbit internasional, merupakan contoh nyata penyimpanan dan pengarsipan terdistribusi, detail tambahan dapat dilihat di bawah. Piranti lunak ini, yang berjalan di komputer biasa, merupakan piranti lunak yang gratis; sistemnya mudah di-online-kan; tidak membutuhkan banyak perawatan.<br />\n<br />\nUntuk membantu mengarsipkan jurnal kami, kami mengundang Anda untuk menjadi anggota komunitas LOCKSS, guna membantu mengumpulkan dan menyimpan judul-judul karya anggota fakultas Anda dan ilmuwan lainnya di seluruh dunia. Jika berkenan, silakan mengunjungi website LOCKSS untuk informasi mengenai bagaimana cara kerja sistem ini. Kami berharap Anda berkenan mendukung pengarsipan jurnal ini.<br />\n<br />\nTerimakasih,<br />\n{$principalContactSignature}', 'Email ini mendorong penerima untuk berpartisipasi di gerakan LOCKSS dan memasukkan jurnal ini dalam arsip. Email ini memberikan informasi tentang gerakan LOCKSS dan cara untuk bergabung.'),
('MANUAL_PAYMENT_NOTIFICATION', 'en_US', 'Manual Payment Notification', 'A manual payment needs to be processed for the journal {$contextName} and the user {$userFullName} (username &quot;{$userName}&quot;).<br />\n<br />\nThe item being paid for is &quot;{$itemName}&quot;.<br />\nThe cost is {$itemCost} ({$itemCurrencyCode}).<br />\n<br />\nThis email was generated by Open Journal Systems\' Manual Payment plugin.', 'This email template is used to notify a journal manager contact that a manual payment was requested.'),
('MANUAL_PAYMENT_NOTIFICATION', 'id_ID', ' Pemberitahuan Pembayaran Manual ', ' Pembayaran manual harus diproses untuk jurnal dan {$contextName} pengguna {$userFullName} (nama pengguna &quot;{$userName}&quot;).<br />\nThe item being paid for &quot;{$itemName}&quot;. <br />\nBiaya adalah {$itemCost} ({$itemCurrencyCode}). <br />\nSurat elektronik ini dibuat oleh plugin pembayaran manual IOJS.', ' Email ini digunakan untuk memberitahukan kontak manajer jurnal bahwa pembayaran manual dibutuhkan.'),
('NOTIFICATION', 'en_US', 'New notification from {$siteTitle}', 'You have a new notification from {$siteTitle}:<br />\n<br />\n{$notificationContents}<br />\n<br />\nLink: {$url}<br />\n<br />\n{$principalContactSignature}', 'The email is sent to registered users that have selected to have this type of notification emailed to them.'),
('NOTIFICATION', 'id_ID', 'Notifikasi baru dari {$siteTitle}', 'Anda memperoleh satu notifikasi baru dari {$siteTitle}:<br />\n<br />\n{$notificationContents}<br />\n<br />\nTautan: {$url}<br />\n<br />\n{$principalContactSignature}', 'Email ini dikirimkan ke pengguna terdaftar yang memilih untuk memperoleh jenis notifikasi ini dikirimkan melalui email.'),
('NOTIFICATION_CENTER_DEFAULT', 'en_US', 'A message regarding {$contextName}', 'Please enter your message.', 'The default (blank) message used in the Notification Center Message Listbuilder.'),
('NOTIFICATION_CENTER_DEFAULT', 'id_ID', 'Pesan terkait {$contextName}', 'Silakan tuliskan pesan Anda.', 'Pesan default (kosong) yang digunakan di Pengelola Pesan Pusat Notifikasi.'),
('OPEN_ACCESS_NOTIFY', 'en_US', 'Issue Now Open Access', 'Readers:<br />\n<br />\n{$contextName} has just made available in an open access format the following issue. We invite you to review the Table of Contents here and then visit our web site ({$contextUrl}) to review articles and items of interest.<br />\n<br />\nThanks for the continuing interest in our work,<br />\n{$editorialContactSignature}', 'This email is sent to registered readers who have requested to receive a notification email when an issue becomes open access.'),
('OPEN_ACCESS_NOTIFY', 'id_ID', 'Terbitan Sudah Open Access', 'Readers:<br />\n<br />\n{$contextName} telah menjadikan terbitan berikut Open Access. Kami mengundang Anda untuk menelaah Daftar Isi berikut dan mengunjungi website kami ({$contextUrl}) untuk membaca artikel dan item yang Anda minati.<br />\n<br />\nTerimakasih atas perhatiannya,<br />\n{$editorialContactSignature}', 'Email ini dikirimkan ke pembaca terdaftar yang meminta untuk dikirimkan email pemberitahuan saat suatu terbitan menjadi Open Access.'),
('ORCID_COLLECT_AUTHOR_ID', 'en_US', 'Submission ORCID', 'Dear {$authorName},<br/>\n<br/>\nYou have been listed as an author on a manuscript submission to {$contextName}.<br/>\nTo confirm your authorship, please add your ORCID id to this submission by visiting the link provided below.<br/>\n<br/>\n<a href=\"{$authorOrcidUrl}\"><img id=\"orcid-id-logo\" src=\"https://orcid.org/sites/default/files/images/orcid_16x16.png\" width=\'16\' height=\'16\' alt=\"ORCID iD icon\" style=\"display: block; margin: 0 .5em 0 0; padding: 0; float: left;\"/>Register or connect your ORCID iD</a><br/>\n<br/>\n<br>\n<a href=\"{$orcidAboutUrl}\">More information about ORCID at {$contextName}</a><br/>\n<br/>\nIf you have any questions, please contact me.<br/>\n<br/>\n{$principalContactSignature}<br/>\n', 'This email template is used to collect the ORCID id\'s from authors.'),
('ORCID_REQUEST_AUTHOR_AUTHORIZATION', 'en_US', 'Requesting ORCID record access', 'Dear {$authorName},<br>\n<br>\nYou have been listed as an author on the manuscript submission \"{$articleTitle}\" to {$contextName}.\n<br>\n<br>\nPlease allow us to add your ORCID id to this submission and also to add the submission to your ORCID profile on publication.<br>\nVisit the link to the official ORCID website, login with your profile and authorize the access by following the instructions.<br>\n<a href=\"{$authorOrcidUrl}\"><img id=\"orcid-id-logo\" src=\"https://orcid.org/sites/default/files/images/orcid_16x16.png\" width=\'16\' height=\'16\' alt=\"ORCID iD icon\" style=\"display: block; margin: 0 .5em 0 0; padding: 0; float: left;\"/>Register or Connect your ORCID iD</a><br/>\n<br>\n<br>\n<a href=\"{$orcidAboutUrl}\">More about ORCID at {$contextName}</a><br/>\n<br>\nIf you have any questions, please contact me.<br>\n<br>\n{$principalContactSignature}<br>\n', 'This email template is used to request ORCID record access from authors.'),
('PASSWORD_RESET', 'en_US', 'Password Reset', 'Your password has been successfully reset for use with the {$siteTitle} web site. Please retain this username and password, as it is necessary for all work with the journal.<br />\n<br />\nYour username: {$username}<br />\nPassword: {$password}<br />\n<br />\n{$principalContactSignature}', 'This email is sent to a registered user when they have successfully reset their password following the process described in the PASSWORD_RESET_CONFIRM email.'),
('PASSWORD_RESET', 'id_ID', 'Reset Sandi', 'Sandi akun Anda di website {$siteTitle} telah berhasil di-reset. Silakan simpan nama pengguna dan sandi ini karena akan dibutuhkan untuk semua kegiatan terkait jurnal di website ini.<br />\n<br />\nNama pengguna Anda: {$username}<br />\nSandi: {$password}<br />\n<br />\n{$principalContactSignature}', 'Email ini dikirimkan ke pengguna terdaftar saat proses reset password berhasil sesuai prosedur di email PASSWORD_RESET_CONFIRM.'),
('PASSWORD_RESET_CONFIRM', 'en_US', 'Password Reset Confirmation', 'We have received a request to reset your password for the {$siteTitle} web site.<br />\n<br />\nIf you did not make this request, please ignore this email and your password will not be changed. If you wish to reset your password, click on the below URL.<br />\n<br />\nReset my password: {$url}<br />\n<br />\n{$principalContactSignature}', 'This email is sent to a registered user when they indicate that they have forgotten their password or are unable to login. It provides a URL they can follow to reset their password.'),
('PASSWORD_RESET_CONFIRM', 'id_ID', 'Konfirmasi Reset Sandi', 'Kami menerima permintaan reset sandi untuk akun Anda di website {$siteTitle}.<br />\n<br />\nJika Anda tidak merasa mengajukan permintaan ini, abaikan pesan ini dan sandi Anda tidak akan diubah.  Jika Anda memang ingin melakukan reset sandi, klik tautan berikut ini.<br />\n<br />\nReset sandi saya: {$url}<br />\n<br />\n{$principalContactSignature}', 'Email ini dikirimkan ke pengguna terdaftar ketika lupa sandi atau tidak dapat login. Email ini memberikan URL untuk melakukan reset sandi.'),
('PAYPAL_INVESTIGATE_PAYMENT', 'en_US', 'Unusual PayPal Activity', 'Open Journal Systems has encountered unusual activity relating to PayPal payment support for the journal {$contextName}. This activity may need further investigation or manual intervention.<br />\n                       <br />\nThis email was generated by Open Journal Systems\' PayPal plugin.<br />\n<br />\nFull post information for the request:<br />\n{$postInfo}<br />\n<br />\nAdditional information (if supplied):<br />\n{$additionalInfo}<br />\n<br />\nServer vars:<br />\n{$serverVars}<br />\n', 'This email template is used to notify a journal\'s primary contact that suspicious activity or activity requiring manual intervention was encountered by the PayPal plugin.'),
('PAYPAL_INVESTIGATE_PAYMENT', 'id_ID', ' Kegiatan pembayaran paypal yang tidak biasa ', ' IOJS telah menemukan kegiatan yang tidak biasa yang berhubungan dengan bantuan pembayaran paypal untuk jurnal {$contextName}. Kegiatan ini mungkin dibutuhkan investigasi yang lebih lanjut atau intervensi manual. Emai ini diciptakan oleh OJS PayPal plugin.<br />\nInformasi posting penuh untuk permohonan:<br />\n{$postInfo}<br />\nInformasi tambahan (jika tersedia):<br />\n{$additionalInfo}<br />\nVariasi Server :<br />\n{$serverVars}<br />\n', ' Email ini digunakan untuk memberitahukan jurnal kontak utama yang mempunyai kegiatan yang mencurigakan atau kegiatan yang membutuhkan intervensi manual yang ditemukan oleh plugin paypal.'),
('PUBLISH_NOTIFY', 'en_US', 'New Issue Published', 'Readers:<br />\n<br />\n{$contextName} has just published its latest issue at {$contextUrl}. We invite you to review the Table of Contents here and then visit our web site to review articles and items of interest.<br />\n<br />\nThanks for the continuing interest in our work,<br />\n{$editorialContactSignature}', 'This email is sent to registered readers via the \"Notify Users\" link in the Editor\'s User Home. It notifies readers of a new issue and invites them to visit the journal at a supplied URL.'),
('PUBLISH_NOTIFY', 'id_ID', 'Terbitan Baru', 'Readers:<br />\n<br />\n{$contextName} baru saja menerbitkan terbitan terbarunya di {$contextUrl}. Kami mengundang Anda untuk membaca Daftar Isi dan selanjutnya mengunjungi website kami untuk membaca artikel yang Anda minati.<br />\n<br />\nTerimakasih atas perhatian Anda,<br />\n{$editorialContactSignature}', 'Email ini dikirimkan ke pembaca terdaftar melalui tautan \"Beritahu Pengguna\" di Beranda Pengguna Editor. Email ini memberitahu pembaca tentang terbitan baru dan mengundang pembaca untuk mengunjungi jurnal melalui URL yang diberikan.'),
('REVIEWER_REGISTER', 'en_US', 'Registration as Reviewer with {$contextName}', 'In light of your expertise, we have taken the liberty of registering your name in the reviewer database for {$contextName}. This does not entail any form of commitment on your part, but simply enables us to approach you with a submission to possibly review. On being invited to review, you will have an opportunity to see the title and abstract of the paper in question, and you\'ll always be in a position to accept or decline the invitation. You can also ask at any point to have your name removed from this reviewer list.<br />\n<br />\nWe are providing you with a username and password, which is used in all interactions with the journal through its website. You may wish, for example, to update your profile, including your reviewing interests.<br />\n<br />\nUsername: {$username}<br />\nPassword: {$password}<br />\n<br />\nThank you,<br />\n{$principalContactSignature}', 'This email is sent to a newly registered reviewer to welcome them to the system and provide them with a record of their username and password.'),
('REVIEWER_REGISTER', 'id_ID', 'Registrasi sebagai Reviewer di {$contextName}', 'Dengan mempertimbangkan keahlian Anda, kami memasukkan nama Anda dalam database reviewer di {$contextName}. Hal ini tidak bersifat mengikat, hanya sekedar memudahkan kami untuk mengundang Anda untuk melakukan review terhadap suatu naskah. Ketika memperoleh undangan untuk melakukan review suatu naskah, Anda dapat melihat judul dan abstrak naskah tersebut, dan Anda berhak menentukan apakah akan menerima atau menolak undangan tersebut. Anda juga dapat meminta dihapus dari daftar reviewer kapan saja Anda menghendaki.<br />\n<br />\nKami menyertakan nama pengguna dan sandi Anda, yang digunakan dalam semua interaksi dengan jurnal melalui website. Anda dapat melakukan update profil, termasuk minat review Anda.<br />\n<br />\nNama pengguna: {$username}<br />\nSandi: {$password}<br />\n<br />\nTerimakasih,<br />\n{$principalContactSignature}', 'Email ini dikirimkan ke reviewer baru untuk menyambut dan memberikan informasi nama pengguna dan sandi.'),
('REVIEW_ACK', 'en_US', 'Article Review Acknowledgement', '{$reviewerName}:<br />\n<br />\nThank you for completing the review of the submission, &quot;{$submissionTitle},&quot; for {$contextName}. We appreciate your contribution to the quality of the work that we publish.<br />\n<br />\n{$editorialContactSignature}', 'This email is sent by a Section Editor to confirm receipt of a completed review and thank the reviewer for their contributions.'),
('REVIEW_ACK', 'id_ID', 'Ucapan Terimakasih atas Review Artikel', '{$reviewerName}:<br />\n<br />\nTerimakasih telah menyelesaikan review terhadap naskah, &quot;{$submissionTitle},&quot; untuk {$contextName}. Kami sangat menghargai kontribusi Anda terhadap kualitas karya yang kami publikasikan.<br />\n<br />\n{$editorialContactSignature}', 'Email ini dikirimkan Editor Bagian untuk mengkonfirmasi penerimaan review dan mengucapkan terimakasih atas kontribusinya.'),
('REVIEW_CANCEL', 'en_US', 'Request for Review Cancelled', '{$reviewerName}:<br />\n<br />\nWe have decided at this point to cancel our request for you to review the submission, &quot;{$submissionTitle},&quot; for {$contextName}. We apologize for any inconvenience this may cause you and hope that we will be able to call on you to assist with this journal\'s review process in the future.<br />\n<br />\nIf you have any questions, please contact me.<br />\n<br />\n{$editorialContactSignature}', 'This email is sent by the Section Editor to a Reviewer who has a submission review in progress to notify them that the review has been cancelled.'),
('REVIEW_CANCEL', 'id_ID', 'Permohonan Review Dibatalkan', '{$reviewerName}:<br />\n<br />\nKami memutuskan untuk membatalkan permohonan review kami kepada Anda untuk naskah, &quot;{$submissionTitle},&quot; di {$contextName}. Kami mohon maaf sebesar-besarnya untuk ketidaknyamanan ini dan kami harap di masa mendatang Anda dapat membantu proses review di jurnal ini.<br />\n<br />\nJika ada pertanyaan, silakan hubungi kami.<br />\n<br />\n{$editorialContactSignature}', 'Email ini dikirimkan Editor Bagian kepada Reviewer yang sedang melakukan review untuk memberitahukan pembatalan review.'),
('REVIEW_CONFIRM', 'en_US', 'Able to Review', 'Editors:<br />\n<br />\nI am able and willing to review the submission, &quot;{$submissionTitle},&quot; for {$contextName}. Thank you for thinking of me, and I plan to have the review completed by its due date, {$reviewDueDate}, if not before.<br />\n<br />\n{$reviewerName}', 'This email is sent by a Reviewer to the Section Editor in response to a review request to notify the Section Editor that the review request has been accepted and will be completed by the specified date.'),
('REVIEW_CONFIRM', 'id_ID', 'Dapat Melakukan Review', 'Editor:<br />\n<br />\nSaya dapat dan bersedia melakukan review terhadap naskah, &quot;{$submissionTitle},&quot; untuk {$contextName}. Terimakasih telah mempercayakan kepada saya, dan saya berencana untuk menyelesaikan review ini sesuai tenggat, {$reviewDueDate}, atau sebelumnya.<br />\n<br />\n{$reviewerName}', 'Email ini dikirimkan Reviewer kepada Editor Bagian sebagai respon terhadap permohonan review untuk memberitahu Editor Bagian bahwa permohonan review diterima dan akan diselesaikan pada tanggal yang ditetapkan.'),
('REVIEW_DECLINE', 'en_US', 'Unable to Review', 'Editors:<br />\n<br />\nI am afraid that at this time I am unable to review the submission, &quot;{$submissionTitle},&quot; for {$contextName}. Thank you for thinking of me, and another time feel free to call on me.<br />\n<br />\n{$reviewerName}', 'This email is sent by a Reviewer to the Section Editor in response to a review request to notify the Section Editor that the review request has been declined.'),
('REVIEW_DECLINE', 'id_ID', 'Tidak Dapat Melakukan Review', 'Editor:<br />\n<br />\nMohon maaf saat ini saya tidak dapat melakukan review terhadap naskah, &quot;{$submissionTitle},&quot; untuk {$contextName}. Terimakasih telah mempercayakann kepada saya, dan lain waktu silakan menghubungi saya lagi.<br />\n<br />\n{$reviewerName}', 'Email ini dikirimkan Reviewer kepada Editor Bagian sebagai respon terhadap permohonan review untuk memberitahu Editor Bagian bahwa permohonan review ditolak.'),
('REVIEW_REMIND', 'en_US', 'Submission Review Reminder', '{$reviewerName}:<br />\n<br />\nJust a gentle reminder of our request for your review of the submission, &quot;{$submissionTitle},&quot; for {$contextName}. We were hoping to have this review by {$reviewDueDate}, and would be pleased to receive it as soon as you are able to prepare it.<br />\n<br />\nIf you do not have your username and password for the journal\'s web site, you can use this link to reset your password (which will then be emailed to you along with your username). {$passwordResetUrl}<br />\n<br />\nSubmission URL: {$submissionReviewUrl}<br />\n<br />\nPlease confirm your ability to complete this vital contribution to the work of the journal. I look forward to hearing from you.<br />\n<br />\n{$editorialContactSignature}', 'This email is sent by a Section Editor to remind a reviewer that their review is due.'),
('REVIEW_REMIND', 'id_ID', 'Pengingat Review Naskah', '{$reviewerName}:<br />\n<br />\nSekedar mengingatkan tentang permohonan kami untuk melakukan review terhadap naskah, &quot;{$submissionTitle},&quot; untuk {$contextName}. Kami mengharapkan telah menerima review ini pada {$reviewDueDate}, dan akan sangat berbahagia untuk dapat menerimanya segera setelah Anda menyelesaikannya.<br />\n<br />\nJika Anda tidak memiliki nama pengguna dan sandi untuk website jurnal ini, Anda dapat menggunakan tautan berikut untuk mereset sandi Anda (yang selanjutnya akan diemailkan kepada Anda bersama nama pengguna Anda). {$passwordResetUrl}<br />\n<br />\nURL Naskah: {$submissionReviewUrl}<br />\n<br />\nMohon konfirmasi kesanggupan Anda untuk menyelesaikan kontribusi penting ini.  Kami menunggu balasan Anda.<br />\n<br />\n{$editorialContactSignature}', 'Email ini dikirimkan Editor Bagian untuk mengingatkan reviewer bahwa review telah mencapai tenggat.'),
('REVIEW_REMIND_AUTO', 'en_US', 'Automated Submission Review Reminder', '{$reviewerName}:<br />\n<br />\nJust a gentle reminder of our request for your review of the submission, &quot;{$submissionTitle},&quot; for {$contextName}. We were hoping to have this review by {$reviewDueDate}, and this email has been automatically generated and sent with the passing of that date. We would still be pleased to receive it as soon as you are able to prepare it.<br />\n<br />\nIf you do not have your username and password for the journal\'s web site, you can use this link to reset your password (which will then be emailed to you along with your username). {$passwordResetUrl}<br />\n<br />\nSubmission URL: {$submissionReviewUrl}<br />\n<br />\nPlease confirm your ability to complete this vital contribution to the work of the journal. I look forward to hearing from you.<br />\n<br />\n{$editorialContactSignature}', 'This email is automatically sent when a reviewer\'s due date elapses (see Review Options under Settings > Workflow > Review) and one-click reviewer access is disabled. Scheduled tasks must be enabled and configured (see the site configuration file).'),
('REVIEW_REMIND_AUTO', 'id_ID', 'Pengingat Otomatis Review Naskah', '{$reviewerName}:<br />\n<br />\nSekedar mengingatkan tentang permohonan kami untuk melakukan review terhadap naskah, &quot;{$submissionTitle},&quot; untuk {$contextName}. Kami mengharapkan telah menerima review ini pada {$reviewDueDate}, dan email ini dikirim secara otomatis seiring terlewatinya tanggal tersebut. Kami masih tetap menanti review tersebut segera setelah Anda dapat menyelesaikannya.<br />\n<br />\nJika Anda tidak memiliki nama pengguna dan sandi untuk website jurnal ini, Anda dapat menggunakan tautan berikut untuk mereset sandi Anda (yang selanjutnya akan diemailkan kepada Anda bersama nama pengguna Anda). {$passwordResetUrl}<br />\n<br />\nURL Naskah: {$submissionReviewUrl}<br />\n<br />\nMohon konfirmasi kesanggupan Anda untuk menyelesaikan kontribusi penting ini.  Kami menunggu balasan Anda.<br />\n<br />\n{$editorialContactSignature}', 'Email ini dikirimkan otomatis saat tenggat waktu review terlewati (lihat Opsi Review di menu Pengaturan > Alur Kerja > Review) and one-click reviewer access is disabled. Scheduled tasks must be enabled and configured (see the site configuration file).'),
('REVIEW_REMIND_AUTO_ONECLICK', 'en_US', 'Automated Submission Review Reminder', '{$reviewerName}:<br />\n<br />\nJust a gentle reminder of our request for your review of the submission, &quot;{$submissionTitle},&quot; for {$contextName}. We were hoping to have this review by {$reviewDueDate}, and this email has been automatically generated and sent with the passing of that date. We would still be pleased to receive it as soon as you are able to prepare it.<br />\n<br />\nSubmission URL: {$submissionReviewUrl}<br />\n<br />\nPlease confirm your ability to complete this vital contribution to the work of the journal. I look forward to hearing from you.<br />\n<br />\n{$editorialContactSignature}', 'This email is automatically sent when a reviewer\'s due date elapses (see Review Options under Settings > Workflow > Review) and one-click reviewer access is enabled. Scheduled tasks must be enabled and configured (see the site configuration file).'),
('REVIEW_REMIND_AUTO_ONECLICK', 'id_ID', 'Pengingat Review Naskah Otomatis', '{$reviewerName}:<br />\n<br />\nSekedar mengingatkan tentang permohonan kami untuk melakukan review terhadap naskah, &quot;{$submissionTitle},&quot; untuk {$contextName}. We were hoping to have this review by {$reviewDueDate}, dan email ini dikirim secara otomatis seiring terlewatinya tanggal tersebut. We would still be pleased to receive it as soon as you are able to prepare it.<br />\n<br />\nURL Naskah: {$submissionReviewUrl}<br />\n<br />\nMohon konfirmasi kesanggupan Anda untuk menyelesaikan kontribusi penting ini.  Kami menunggu balasan Anda.<br />\n<br />\n{$editorialContactSignature}', 'Email ini dikirimkan otomatis saat tenggat waktu review terlewati (lihat Opsi Review di menu Pengaturan > Alur Kerja > Review) dan akses one-click reviewer diaktifkan. Tugas terjadwal harus diaktifkan dan diatur (lihat file konfigurasi website)'),
('REVIEW_REMIND_ONECLICK', 'en_US', 'Submission Review Reminder', '{$reviewerName}:<br />\n<br />\nJust a gentle reminder of our request for your review of the submission, &quot;{$submissionTitle},&quot; for {$contextName}. We were hoping to have this review by {$reviewDueDate}, and would be pleased to receive it as soon as you are able to prepare it.<br />\n<br />\nSubmission URL: {$submissionReviewUrl}<br />\n<br />\nPlease confirm your ability to complete this vital contribution to the work of the journal. I look forward to hearing from you.<br />\n<br />\n{$editorialContactSignature}', 'This email is sent by a Section Editor to remind a reviewer that their review is due.'),
('REVIEW_REMIND_ONECLICK', 'id_ID', 'Pengingat Review Naskah', '{$reviewerName}:<br />\n<br />\nSekedar mengingatkan tentang permohonan kami untuk melakukan review terhadap naskah, &quot;{$submissionTitle},&quot; untuk {$contextName}. Kami mengharapkan telah menerima review ini pada {$reviewDueDate}, dan akan sangat berbahagia untuk dapat menerimanya segera setelah Anda menyelesaikannya.<br />\n<br />\nURL Naskah: {$submissionReviewUrl}<br />\n<br />\nMohon konfirmasi kesanggupan Anda untuk menyelesaikan kontribusi penting ini.  Kami menunggu balasan Anda.<br />\n<br />\n{$editorialContactSignature}', 'Email ini dikirimkan Editor Bagian untuk mengingatkan reviewer bahwa review telah mencapai tenggat.'),
('REVIEW_REQUEST', 'en_US', 'Article Review Request', '{$reviewerName}:<br />\n<br />\nI believe that you would serve as an excellent reviewer of the manuscript, &quot;{$submissionTitle},&quot; which has been submitted to {$contextName}. The submission\'s abstract is inserted below, and I hope that you will consider undertaking this important task for us.<br />\n<br />\nPlease log into the journal web site by {$responseDueDate} to indicate whether you will undertake the review or not, as well as to access the submission and to record your review and recommendation. The web site is {$contextUrl}<br />\n<br />\nThe review itself is due {$reviewDueDate}.<br />\n<br />\nIf you do not have your username and password for the journal\'s web site, you can use this link to reset your password (which will then be emailed to you along with your username). {$passwordResetUrl}<br />\n<br />\nSubmission URL: {$submissionReviewUrl}<br />\n<br />\nThank you for considering this request.<br />\n<br />\n{$editorialContactSignature}<br />\n<br />\n&quot;{$submissionTitle}&quot;<br />\n<br />\n{$submissionAbstract}', 'This email from the Section Editor to a Reviewer requests that the reviewer accept or decline the task of reviewing a submission. It provides information about the submission such as the title and abstract, a review due date, and how to access the submission itself. This message is used when the Standard Review Process is selected in Management > Settings > Workflow > Review. (Otherwise see REVIEW_REQUEST_ATTACHED.)'),
('REVIEW_REQUEST', 'id_ID', 'Permohonan Review Artikel', '{$reviewerName}:<br />\n<br />\nKami memandang bahwa Anda merupakan reviewer yang tepat untuk naskah, &quot;{$submissionTitle},&quot; yang diserahkan ke {$contextName}. Abstrak naskah tersebut disertakan di bawah ini, dan kami berharap Anda berkenan melakukannya.<br />\n<br />\nSilakan login ke website jurnal sebelum {$responseDueDate} untuk memberitahukan apakah Anda bersedia melakukan review atau tidak, juga untuk mengakses naskah dan menyerahkan review beserta rekomendasi Anda. Website jurnal adalah {$contextUrl}<br />\n<br />\nTenggat review ini sendiri adalah {$reviewDueDate}.<br />\n<br />\nJika Anda tidak memiliki nama pengguna dan sandi untuk website jurnal ini, Anda dapat menggunakan tautan berikut untuk mereset sandi Anda (yang selanjutnya akan diemailkan kepada Anda bersama nama pengguna Anda). {$passwordResetUrl}<br />\n<br />\nURL Naskah: {$submissionReviewUrl}<br />\n<br />\nTerimakasih atas perhatiannya.<br />\n<br />\n{$editorialContactSignature}<br />\n<br />\n&quot;{$submissionTitle}&quot;<br />\n<br />\n{$submissionAbstract}', 'Email ini dari Editor Bagian kepada Reviewer untuk meminta reviewer memberitahukan apakah menerima atau menolak permohonan review. Email ini memberikan informasi tentang naskah meliputi judul dan abstrak, tenggat review, dan cara mengakses naskah. Pesan ini digunakan saat Proses Review Standar dipilih di Manajemen > Pengaturan > Alur Kerja > Review. (Selain itu lihat di REVIEW_REQUEST_ATTACHED.)'),
('REVIEW_REQUEST_ATTACHED', 'en_US', 'Article Review Request', '{$reviewerName}:<br />\n<br />\nI believe that you would serve as an excellent reviewer of the manuscript, &quot;{$submissionTitle},&quot; and I am asking that you consider undertaking this important task for us. The Review Guidelines for this journal are appended below, and the submission is attached to this email. Your review of the submission, along with your recommendation, should be emailed to me by {$reviewDueDate}.<br />\n<br />\nPlease indicate in a return email by {$responseDueDate} whether you are able and willing to do the review.<br />\n<br />\nThank you for considering this request.<br />\n<br />\n{$editorialContactSignature}<br />\n<br />\n<br />\nReview Guidelines<br />\n<br />\n{$reviewGuidelines}<br />\n', 'This email is sent by the Section Editor to a Reviewer to request that they accept or decline the task of reviewing a submission. It includes the submission as an attachment. This message is used when the Email-Attachment Review Process is selected in Management > Settings > Workflow > Review. (Otherwise see REVIEW_REQUEST.)'),
('REVIEW_REQUEST_ATTACHED', 'id_ID', 'Permohonan Review Artikel', '{$reviewerName}:<br />\n<br />\nKami memandang bahwa Anda merupakan reviewer yang tepat untuk naskah, &quot;{$submissionTitle},&quot; dan kami mengharapkan Anda berkenan melakukan review. Panduan Review untuk jurnal ini disertakan di bawah, dan naskah telah dilampirkan bersama email ini. Review beserta rekomendasi Anda, kami harap telah diemailkan sebelum tenggat review {$reviewDueDate}.<br />\n<br />\nMohon sampaikan dalam email balasan sebelum {$responseDueDate} tentang kesediaan Anda untuk melakukan review.<br />\n<br />\nTerimakasih atas perhatiannya.<br />\n<br />\n{$editorialContactSignature}<br />\n<br />\n<br />\nPanduan Review<br />\n<br />\n{$reviewGuidelines}<br />\n', 'Email ini dari Editor Bagian kepada Reviewer untuk meminta reviewer memberitahukan apakah menerima atau menolak permohonan review. Email disertai naskah terlampir bersama email. Pesan ini digunakan saat Proses Review Lampiran Email dipilih di Manajemen > Pengaturan > Alur Kerja > Review. (Selain itu lihat REVIEW_REQUEST.)'),
('REVIEW_REQUEST_ATTACHED_SUBSEQUENT', 'en_US', 'Article Review Request', '{$reviewerName}:<br />\n<br />\nThis regards the manuscript &quot;{$submissionTitle},&quot; which is under consideration by {$contextName}.<br />\n<br />\nFollowing the review of the previous version of the manuscript, the authors have now submitted a revised version of their paper. We would appreciate it if you could help evaluate it.<br />\n<br />\nThe Review Guidelines for this journal are appended below, and the submission is attached to this email. Your review of the submission, along with your recommendation, should be emailed to me by {$reviewDueDate}.<br />\n<br />\nPlease indicate in a return email by {$responseDueDate} whether you are able and willing to do the review.<br />\n<br />\nThank you for considering this request.<br />\n<br />\n{$editorialContactSignature}<br />\n<br />\n<br />\nReview Guidelines<br />\n<br />\n{$reviewGuidelines}<br />\n', 'This email is sent by the Section Editor to a Reviewer to request that they accept or decline the task of reviewing a submission for a second or greater round of review. It includes the submission as an attachment. This message is used when the Email-Attachment Review Process is selected in Management > Settings > Workflow > Review. (Otherwise see REVIEW_REQUEST_SUBSEQUENT.)');
INSERT INTO `email_templates_default_data` (`email_key`, `locale`, `subject`, `body`, `description`) VALUES
('REVIEW_REQUEST_ATTACHED_SUBSEQUENT', 'id_ID', 'Permohonan Review Artikel', '{$reviewerName}:<br />\n<br />\nEmail ini terkait naskah &quot;{$submissionTitle},&quot; yang sedang dalam pertimbangan di {$contextName}.<br />\n<br />\nSetelah review untuk versi naskah sebelumnya, penulis saat ini telah menyerahkan versi revisi naskahnya.  Kami berharap Anda dapat membantu mengevaluasinya.<br />\n<br />\nPanduan Review untuk jurnal ini disertakan di bawah, dan naskah dilampirkan bersama email ini. Review dan rekomendasi Anda, mohon dapat diemailkan ke kami pada {$reviewDueDate}.<br />\n<br />\nMohon sampaikan di email balasan sebelum {$responseDueDate} tentang kesediaan Anda untuk melakukan review.<br />\n<br />\nTerimakasih atas perhatiannya.<br />\n<br />\n{$editorialContactSignature}<br />\n<br />\n<br />\nPanduan Review<br />\n<br />\n{$reviewGuidelines}<br />\n', 'Email ini dari Editor Bagian kepada Reviewer untuk meminta reviewer memberitahukan apakah menerima atau menolak permohonan review untuk ronde kedua atau berikutnya.  Email disertai naskah terlampir bersama email. Pesan ini digunakan saat Proses Review Lampiran Email dipilih di Manajemen > Pengaturan > Alur Kerja > Review. (Selain itu lihat REVIEW_REQUEST_SUBSEQUENT.)'),
('REVIEW_REQUEST_ONECLICK', 'en_US', 'Article Review Request', '{$reviewerName}:<br />\n<br />\nI believe that you would serve as an excellent reviewer of the manuscript, &quot;{$submissionTitle},&quot; which has been submitted to {$contextName}. The submission\'s abstract is inserted below, and I hope that you will consider undertaking this important task for us.<br />\n<br />\nPlease log into the journal web site by {$responseDueDate} to indicate whether you will undertake the review or not, as well as to access the submission and to record your review and recommendation.<br />\n<br />\nThe review itself is due {$reviewDueDate}.<br />\n<br />\nSubmission URL: {$submissionReviewUrl}<br />\n<br />\nThank you for considering this request.<br />\n<br />\n{$editorialContactSignature}<br />\n<br />\n&quot;{$submissionTitle}&quot;<br />\n<br />\n{$submissionAbstract}', 'This email from the Section Editor to a Reviewer requests that the reviewer accept or decline the task of reviewing a submission. It provides information about the submission such as the title and abstract, a review due date, and how to access the submission itself. This message is used when the Standard Review Process is selected in Management > Settings > Workflow > Review, and one-click reviewer access is enabled.'),
('REVIEW_REQUEST_ONECLICK', 'id_ID', 'Permohonan Review Artikel', '{$reviewerName}:<br />\n<br />\nKami memandang bahwa Anda merupakan reviewer yang tepat untuk naskah, &quot;{$submissionTitle},&quot; yang diserahkan ke {$contextName}. Abstrak naskah tersebut disertakan di bawah ini, dan kami berharap Anda berkenan melakukannya.<br />\n<br />\nSilakan login ke website jurnal sebelum {$responseDueDate} untuk memberitahukan apakah Anda bersedia melakukan review atau tidak, juga untuk mengakses naskah dan menyerahkan review beserta rekomendasi Anda. Website jurnal adalah {$contextUrl}<br />\n<br />\nTenggat review ini sendiri adalah {$reviewDueDate}.<br />\n<br />\nURL Naskah: {$submissionReviewUrl}<br />\n<br />\nTerimakasih atas perhatiannya.<br />\n<br />\n{$editorialContactSignature}<br />\n<br />\n&quot;{$submissionTitle}&quot;<br />\n<br />\n{$submissionAbstract}', 'Email ini dari Editor Bagian kepada Reviewer  untuk meminta reviewer memberitahukan apakah menerima atau menolak permohonan review. Email ini memberikan informasi tentang naskah meliputi judul dan abstrak, tenggat review, dan cara mengakses naskah. Pesan ini digunakan saat Proses Review Standar dipilih di Manajemen > Pengaturan > Alur Kerja > Review, dan akses one-click reviewer diaktifkan.'),
('REVIEW_REQUEST_ONECLICK_SUBSEQUENT', 'en_US', 'Article Review Request', '{$reviewerName}:<br />\n<br />\nThis regards the manuscript &quot;{$submissionTitle},&quot; which is under consideration by {$contextName}.<br />\n<br />\nFollowing the review of the previous version of the manuscript, the authors have now submitted a revised version of their paper. We would appreciate it if you could help evaluate it.<br />\n<br />\nPlease log into the journal web site by {$responseDueDate} to indicate whether you will undertake the review or not, as well as to access the submission and to record your review and recommendation.<br />\n<br />\nThe review itself is due {$reviewDueDate}.<br />\n<br />\nSubmission URL: {$submissionReviewUrl}<br />\n<br />\nThank you for considering this request.<br />\n<br />\n{$editorialContactSignature}<br />\n<br />\n&quot;{$submissionTitle}&quot;<br />\n<br />\n{$submissionAbstract}', 'This email from the Section Editor to a Reviewer requests that the reviewer accept or decline the task of reviewing a submission for a second or greater round of review. It provides information about the submission such as the title and abstract, a review due date, and how to access the submission itself. This message is used when the Standard Review Process is selected in Management > Settings > Workflow > Review, and one-click reviewer access is enabled.'),
('REVIEW_REQUEST_ONECLICK_SUBSEQUENT', 'id_ID', 'Permohonan Review Artikel', '{$reviewerName}:<br />\n<br />\nEmail ini terkait naskah &quot;{$submissionTitle},&quot; yang sedang dalam pertimbangan di {$contextName}.<br />\n<br />\nSetelah review untuk versi naskah sebelumnya, penulis saat ini telah menyerahkan versi revisi naskahnya.  Kami berharap Anda dapat membantu mengevaluasinya.<br />\n<br />\nSilakan login ke website jurnal sebelum {$responseDueDate} untuk memberitahukan apakah Anda bersedia melakukan review atau tidak, juga untuk mengakses naskah dan menyerahkan review beserta rekomendasi Anda.<br />\n<br />\nTenggat review ini sendiri adalah {$reviewDueDate}.<br />\n<br />\nURL Naskah: {$submissionReviewUrl}<br />\n<br />\nTerimakasih atas perhatiannya.<br />\n<br />\n{$editorialContactSignature}<br />\n<br />\n&quot;{$submissionTitle}&quot;<br />\n<br />\n{$submissionAbstract}', 'Email ini dari Editor Bagian kepada Reviewer untuk meminta reviewer memberitahukan apakah menerima atau menolak permohonan review untuk ronde kedua atau berikutnya. Email ini memberikan informasi tentang naskah meliputi judul dan abstrak, tenggat review, dan cara mengakses naskah. Pesan ini digunakan saat Proses Review Standar dipilih di Manajemen > Pengaturan > Alur Kerja > Review, dan akses one-click reviewer diaktifkan.'),
('REVIEW_REQUEST_REMIND_AUTO', 'en_US', 'Article Review Request', '{$reviewerName}:<br />\nJust a gentle reminder of our request for your review of the submission, &quot;{$submissionTitle},&quot; for {$contextName}. We were hoping to have your response by {$responseDueDate}, and this email has been automatically generated and sent with the passing of that date.\n<br />\nI believe that you would serve as an excellent reviewer of the manuscript. The submission\'s abstract is inserted below, and I hope that you will consider undertaking this important task for us.<br />\n<br />\nPlease log into the journal web site to indicate whether you will undertake the review or not, as well as to access the submission and to record your review and recommendation. The web site is {$contextUrl}<br />\n<br />\nThe review itself is due {$reviewDueDate}.<br />\n<br />\nIf you do not have your username and password for the journal\'s web site, you can use this link to reset your password (which will then be emailed to you along with your username). {$passwordResetUrl}<br />\n<br />\nSubmission URL: {$submissionReviewUrl}<br />\n<br />\nThank you for considering this request.<br />\n<br />\n{$editorialContactSignature}<br />\n<br />\n&quot;{$submissionTitle}&quot;<br />\n<br />\n{$submissionAbstract}', 'This email is automatically sent when a reviewer\'s confirmation due date elapses (see Review Options under Settings > Workflow > Review) and one-click reviewer access is disabled. Scheduled tasks must be enabled and configured (see the site configuration file).'),
('REVIEW_REQUEST_REMIND_AUTO', 'id_ID', 'Permohonan Review Artikel', '{$reviewerName}:<br />\nSekedar mengingatkan tentang permohonan kami untuk melakukan review terhadap naskah, &quot;{$submissionTitle},&quot; untuk {$contextName}. Kami berharap telah menerima respon Anda pada {$responseDueDate}, dan email ini dikirim secara otomatis seiring terlewatinya tanggal tersebut.\n<br />\nKami memandang bahwa Anda merupakan reviewer yang tepat untuk naskah tersebut. Abstrak naskah tersebut disertakan di bawah ini, dan kami berharap Anda berkenan melakukannya.<br />\n<br />\nSilakan login ke website jurnal untuk memberitahukan apakah Anda bersedia melakukan review atau tidak, juga untuk mengakses naskah dan menyerahkan review beserta rekomendasi Anda. Website jurnal adalah {$contextUrl}<br />\n<br />\nTenggat review ini sendiri adalah {$reviewDueDate}.<br />\n<br />\nJika Anda tidak memiliki nama pengguna dan sandi untuk website jurnal ini, Anda dapat menggunakan tautan berikut untuk mereset sandi Anda (yang selanjutnya akan diemailkan kepada Anda bersama nama pengguna Anda). {$passwordResetUrl}<br />\n<br />\nURL Naskah: {$submissionReviewUrl}<br />\n<br />\nTerimakasih atas perhatiannya.<br />\n<br />\n{$editorialContactSignature}<br />\n<br />\n&quot;{$submissionTitle}&quot;<br />\n<br />\n{$submissionAbstract}', 'Email ini dikirim otomatis saat tenggat konfirmasi terlewati (lihat Opsi Review di menu Pengaturan > Alur Kerja > Review) dan akses one-click reviewer dinonaktifkan. Scheduled tasks must be enabled and configured (see the site configuration file).'),
('REVIEW_REQUEST_REMIND_AUTO_ONECLICK', 'en_US', 'Article Review Request', '{$reviewerName}:<br />\nJust a gentle reminder of our request for your review of the submission, &quot;{$submissionTitle},&quot; for {$contextName}. We were hoping to have your response by {$responseDueDate}, and this email has been automatically generated and sent with the passing of that date.\n<br />\nI believe that you would serve as an excellent reviewer of the manuscript. The submission\'s abstract is inserted below, and I hope that you will consider undertaking this important task for us.<br />\n<br />\nPlease log into the journal web site to indicate whether you will undertake the review or not, as well as to access the submission and to record your review and recommendation.<br />\n<br />\nThe review itself is due {$reviewDueDate}.<br />\n<br />\nSubmission URL: {$submissionReviewUrl}<br />\n<br />\nThank you for considering this request.<br />\n<br />\n{$editorialContactSignature}<br />\n<br />\n&quot;{$submissionTitle}&quot;<br />\n<br />\n{$submissionAbstract}', 'This email is automatically sent when a reviewer\'s confirmation due date elapses (see Review Options under Settings > Workflow > Review) and one-click reviewer access is enabled. Scheduled tasks must be enabled and configured (see the site configuration file).'),
('REVIEW_REQUEST_REMIND_AUTO_ONECLICK', 'id_ID', 'Permohonan Review Artikel', '{$reviewerName}:<br />\nSekedar mengingatkan tentang permohonan kami untuk melakukan review terhadap naskah, &quot;{$submissionTitle},&quot; untuk {$contextName}. Kami berharap telah menerima respon Anda pada {$responseDueDate}, dan email ini dikirim secara otomatis seiring terlewatinya tanggal tersebut.\n<br />\nKami memandang bahwa Anda merupakan reviewer yang tepat untuk naskah tersebut. Abstrak naskah tersebut disertakan di bawah ini, dan kami berharap Anda berkenan melakukannya.<br />\n<br />\nSilakan login ke website jurnal untuk memberitahukan apakah Anda bersedia melakukan review atau tidak, juga untuk mengakses naskah dan menyerahkan review beserta rekomendasi Anda. Website jurnal adalah {$contextUrl}<br />\n<br />\nTenggat review ini sendiri adalah {$reviewDueDate}.<br />\n<br />\nURL Naskah: {$submissionReviewUrl}<br />\n<br />\nTerimakasih atas perhatiannya.<br />\n<br />\n{$editorialContactSignature}<br />\n<br />\n&quot;{$submissionTitle}&quot;<br />\n<br />\n{$submissionAbstract}', 'Email ini dikirim otomatis saat tenggat konfirmasi reviewer terlewati (lihat Opsi Review di menu Pengaturan > Alur Kerja > Review) dan akses one-click reviewer diaktifkan. Tugas Terjadwal harus diaktifkan dan diatur (lihat file konfigurasi website).'),
('REVIEW_REQUEST_SUBSEQUENT', 'en_US', 'Article Review Request', '{$reviewerName}:<br />\n<br />\nThis regards the manuscript &quot;{$submissionTitle},&quot; which is under consideration by {$contextName}.<br />\n<br />\nFollowing the review of the previous version of the manuscript, the authors have now submitted a revised version of their paper. We would appreciate it if you could help evaluate it.<br />\n<br />\nPlease log into the journal web site by {$responseDueDate} to indicate whether you will undertake the review or not, as well as to access the submission and to record your review and recommendation. The web site is {$contextUrl}<br />\n<br />\nThe review itself is due {$reviewDueDate}.<br />\n<br />\nIf you do not have your username and password for the journal\'s web site, you can use this link to reset your password (which will then be emailed to you along with your username). {$passwordResetUrl}<br />\n<br />\nSubmission URL: {$submissionReviewUrl}<br />\n<br />\nThank you for considering this request.<br />\n<br />\n{$editorialContactSignature}<br />\n<br />\n&quot;{$submissionTitle}&quot;<br />\n<br />\n{$submissionAbstract}', 'This email from the Section Editor to a Reviewer requests that the reviewer accept or decline the task of reviewing a submission for a second or greater round of review. It provides information about the submission such as the title and abstract, a review due date, and how to access the submission itself. This message is used when the Standard Review Process is selected in Management > Settings > Workflow > Review. (Otherwise see REVIEW_REQUEST_ATTACHED_SUBSEQUENT.)'),
('REVIEW_REQUEST_SUBSEQUENT', 'id_ID', 'Permohonan Review Artikel', '{$reviewerName}:<br />\n<br />\nEmail ini terkait naskah &quot;{$submissionTitle},&quot; yang sedang dalam pertimbangan di {$contextName}.<br />\n<br />\nSetelah review untuk versi naskah sebelumnya, penulis saat ini telah menyerahkan versi revisi naskahnya.  Kami berharap Anda dapat membantu mengevaluasinya.<br />\n<br />\nSilakan login ke website jurnal sebelum {$responseDueDate} untuk memberitahukan apakah Anda bersedia melakukan review atau tidak, juga untuk mengakses naskah dan menyerahkan review beserta rekomendasi Anda. Website jurnal adalah {$contextUrl}<br />\n<br />\nTenggat review ini sendiri adalah {$reviewDueDate}.<br />\n<br />\nJika Anda tidak memiliki nama pengguna dan sandi untuk website jurnal ini, Anda dapat menggunakan tautan berikut untuk mereset sandi Anda (yang selanjutnya akan diemailkan kepada Anda bersama nama pengguna Anda). {$passwordResetUrl}<br />\n<br />\nURL Naskah: {$submissionReviewUrl}<br />\n<br />\nTerimakasih atas perhatiannya.<br />\n<br />\n{$editorialContactSignature}<br />\n<br />\n&quot;{$submissionTitle}&quot;<br />\n<br />\n{$submissionAbstract}', 'Email ini dari Editor Bagian kepada Reviewer untuk meminta reviewer memberitahukan apakah menerima atau menolak permohonan review untuk ronde kedua atau berikutnya. Email ini memberikan informasi tentang naskah meliputi judul dan abstrak, tenggat review, dan cara mengakses naskah. Pesan ini digunakan saat Proses Review Standar dipilih di Manajemen > Pengaturan > Alur Kerja > Review. (Selain itu lihat REVIEW_REQUEST_ATTACHED_SUBSEQUENT.)'),
('REVISED_VERSION_NOTIFY', 'en_US', 'Revised Version Uploaded', 'Editors:<br />\n<br />\nA revised version of &quot;{$submissionTitle}&quot; has been uploaded by the author {$authorName}.<br />\n<br />\nSubmission URL: {$submissionUrl}<br />\n<br />\n{$editorialContactSignature}', 'This email is automatically sent to the assigned editor when author uploads a revised version of an article.'),
('REVISED_VERSION_NOTIFY', 'id_ID', 'Versi Revisi telah Diunggah', 'Editor:<br />\n<br />\nVersi revisi dari &quot;{$submissionTitle}&quot; telah diunggah oleh penulis {$authorName}.<br />\n<br />\nURL naskah: {$submissionUrl}<br />\n<br />\n{$editorialContactSignature}', 'Email ini dikirim secara otomatis ke editor yang ditugaskan saat penulis mengunggah naskah versi revisi.'),
('STATISTICS_REPORT_NOTIFICATION', 'en_US', 'Articles and Review Report', '{$name}, <br />\n<br />\nYour journal health report can be found in your <a href=\"{$editorialReportLink}\">OJS system</a>. Your key stats for {$month} {$year} are as follows:<br />\n<ul>\n	<li>New submissions this month: {$newSubmissions}</li>\n	<li>Declined submissions this month: {$declinedSubmissions}</li>\n	<li>Accepted submissions this month: {$acceptedSubmissions}</li>\n	<li>Total submissions in the system: {$totalSubmissions}</li>\n</ul>\nIn addition, you may want to download and review the following reports:<br />\n<ul>\n	<li><a href=\"{$articlesReportLink}\">Articles Report</a></li>\n	<li><a href=\"{$editorialReportLink}\">Review Report</a></li>\n</ul>\nSincerely,<br />\n{$principalContactSignature}', 'This email is automatically sent monthly to editors and journal managers to provide them a system health overview.'),
('SUBMISSION_ACK', 'en_US', 'Submission Acknowledgement', '{$authorName}:<br />\n<br />\nThank you for submitting the manuscript, &quot;{$submissionTitle}&quot; to {$contextName}. With the online journal management system that we are using, you will be able to track its progress through the editorial process by logging in to the journal web site:<br />\n<br />\nSubmission URL: {$submissionUrl}<br />\nUsername: {$authorUsername}<br />\n<br />\nIf you have any questions, please contact me. Thank you for considering this journal as a venue for your work.<br />\n<br />\n{$editorialContactSignature}', 'This email, when enabled, is automatically sent to an author when he or she completes the process of submitting a manuscript to the journal. It provides information about tracking the submission through the process and thanks the author for the submission.'),
('SUBMISSION_ACK', 'id_ID', 'Ucapan Terimakasih atas Penyerahan Naskah', '{$authorName}:<br />\n<br />\nTerimakasih telah menyerahkan naskah, &quot;{$submissionTitle}&quot; ke {$contextName}. Dengan sistem manajemenn jurnal online yang kami gunakan, Anda dapat memantau kemajuan proses editorial naskah Anda melalui:<br />\n<br />\nURL Naskah: {$submissionUrl}<br />\nNama pengguna: {$authorUsername}<br />\n<br />\nJika ada pertanyaan, silakan hubungi kami. Terimakasih telah mempercayakan publikasi karya Anda di jurnal kami.<br />\n<br />\n{$editorialContactSignature}', 'Email ini, jika diaktifkan, secara otomatis dikirimkan ke penulis saat menyelesaikan proses penyerahan naskah ke jurnal. Email ini memberikan informasi mengenai pemantauan kemajuan proses editorial dan mengucapkan terimakasih atas naskah yang dikirimkan.'),
('SUBMISSION_ACK_NOT_USER', 'en_US', 'Submission Acknowledgement', 'Hello,<br />\n<br />\n{$submitterName} has submitted the manuscript, &quot;{$submissionTitle}&quot; to {$contextName}. <br />\n<br />\nIf you have any questions, please contact me. Thank you for considering this journal as a venue for your work.<br />\n<br />\n{$editorialContactSignature}', 'This email, when enabled, is automatically sent to the other authors who are not users within OJS specified during the submission process.'),
('SUBMISSION_ACK_NOT_USER', 'id_ID', 'Pemberitahuan Penyerahan Naskah', 'Hello,<br />\n<br />\n{$submitterName} telah menyerahkan naskah, &quot;{$submissionTitle}&quot; ke {$contextName}. <br />\n<br />\nJika ada pertanyaan, silakan hubungi kami. Terimakasih telah mempercayakan publikasi karya Anda di jurnal kami.<br />\n<br />\n{$editorialContactSignature}', 'Email ini, jika diaktifkan, secara otomatis dikirimkan ke penulis saat menyelesaikan proses penyerahan naskah ke jurnal. Email ini memberikan informasi mengenai pemantauan kemajuan proses editorial dan mengucapkan terimakasih atas naskah yang dikirimkan.'),
('SUBSCRIPTION_AFTER_EXPIRY', 'en_US', 'Subscription Expired', '{$subscriberName}:<br />\n<br />\nYour {$contextName} subscription has expired.<br />\n<br />\n{$subscriptionType}<br />\nExpiry date: {$expiryDate}<br />\n<br />\nTo renew your subscription, please go to the journal website. You are able to log in to the system with your username, &quot;{$username}&quot;.<br />\n<br />\nIf you have any questions, please feel free to contact me.<br />\n<br />\n{$subscriptionContactSignature}', 'This email notifies a subscriber that their subscription has expired. It provides the journal\'s URL along with instructions for access.'),
('SUBSCRIPTION_AFTER_EXPIRY', 'id_ID', 'Langganan Berakhir', '{$subscriberName}:<br />\n<br />\nLangganan {$contextName} Anda telah berakhir.<br />\n<br />\n{$subscriptionType}<br />\nTanggal berakhir: {$expiryDate}<br />\n<br />\nUntuk memperbaharui langganan Anda, silakan kunjungi website jurnal.  Anda dapat login dengan menggunakan nama pengguna Anda, &quot;{$username}&quot;.<br />\n<br />\nJika ada pertanyaan, silakan hubungi kami.<br />\n<br />\n{$subscriptionContactSignature}', 'Email ini memberitahu seorang pelanggan bahwa langganannya telah berakhir.  Email ini memberikan URL jurnal beserta petunjuk aksesnya.'),
('SUBSCRIPTION_AFTER_EXPIRY_LAST', 'en_US', 'Subscription Expired - Final Reminder', '{$subscriberName}:<br />\n<br />\nYour {$contextName} subscription has expired.<br />\nPlease note that this is the final reminder that will be emailed to you.<br />\n<br />\n{$subscriptionType}<br />\nExpiry date: {$expiryDate}<br />\n<br />\nTo renew your subscription, please go to the journal website. You are able to log in to the system with your username, &quot;{$username}&quot;.<br />\n<br />\nIf you have any questions, please feel free to contact me.<br />\n<br />\n{$subscriptionContactSignature}', 'This email notifies a subscriber that their subscription has expired. It provides the journal\'s URL along with instructions for access.'),
('SUBSCRIPTION_AFTER_EXPIRY_LAST', 'id_ID', 'Langganan Berakhir - Pengingat Terakhir', '{$subscriberName}:<br />\n<br />\nLangganan {$contextName} Anda telah berakhir.<br />\nIni adalah pengingat terakhir yang diemailkan kepada Anda.<br />\n<br />\n{$subscriptionType}<br />\nTanggal berakhir: {$expiryDate}<br />\n<br />\nUntuk memperbaharui langganan Anda, silakan kunjungi website jurnal.  Anda dapat login dengan menggunakan nama pengguna Anda, &quot;{$username}&quot;.<br />\n<br />\nJika ada pertanyaan, silakan hubungi kami.<br />\n<br />\n{$subscriptionContactSignature}', 'Email ini memberitahu seorang pelanggan bahwa langganannya telah berakhir.  Email ini memberikan URL jurnal beserta petunjuk aksesnya.'),
('SUBSCRIPTION_BEFORE_EXPIRY', 'en_US', 'Notice of Subscription Expiry', '{$subscriberName}:<br />\n<br />\nYour {$contextName} subscription is about to expire.<br />\n<br />\n{$subscriptionType}<br />\nExpiry date: {$expiryDate}<br />\n<br />\nTo ensure the continuity of your access to this journal, please go to the journal website and renew your subscription. You are able to log in to the system with your username, &quot;{$username}&quot;.<br />\n<br />\nIf you have any questions, please feel free to contact me.<br />\n<br />\n{$subscriptionContactSignature}', 'This email notifies a subscriber that their subscription will soon expire. It provides the journal\'s URL along with instructions for access.'),
('SUBSCRIPTION_BEFORE_EXPIRY', 'id_ID', 'Pemberitahuan Tanggal Berakhir Langganan', '{$subscriberName}:<br />\n<br />\nLangganan {$contextName} Anda hampir berakhir.<br />\n<br />\n{$subscriptionType}<br />\nTanggal berakhir: {$expiryDate}<br />\n<br />\nUntuk terus memperoleh akses ke jurnal ini, silakan kunjungi website jurnal dan perbaharui langganan Anda. Anda dapat login menggunakan nama pengguna Anda, &quot;{$username}&quot;.<br />\n<br />\nJika ada pertanyaan, silakan hubungi kami.<br />\n<br />\n{$subscriptionContactSignature}', 'Email ini memberitahu seorang pelanggan bahwa langganannya hampir berakhir.  Email ini memberikan URL jurnal beserta petunjuk aksesnya.'),
('SUBSCRIPTION_NOTIFY', 'en_US', 'Subscription Notification', '{$subscriberName}:<br />\n<br />\nYou have now been registered as a subscriber in our online journal management system for {$contextName}, with the following subscription:<br />\n<br />\n{$subscriptionType}<br />\n<br />\nTo access content that is available only to subscribers, simply log in to the system with your username, &quot;{$username}&quot;.<br />\n<br />\nOnce you have logged in to the system you can change your profile details and password at any point.<br />\n<br />\nPlease note that if you have an institutional subscription, there is no need for users at your institution to log in, since requests for subscription content will be automatically authenticated by the system.<br />\n<br />\nIf you have any questions, please feel free to contact me.<br />\n<br />\n{$subscriptionContactSignature}', 'This email notifies a registered reader that the Manager has created a subscription for them. It provides the journal\'s URL along with instructions for access.'),
('SUBSCRIPTION_NOTIFY', 'id_ID', 'Pemberitahuan Langganan', '{$subscriberName}:<br />\n<br />\nAnda sekarang telah terdaftar sebagai pelanggan di sistem manajemen jurnal online kami, {$contextName}, dengan jenis langganan:<br />\n<br />\n{$subscriptionType}<br />\n<br />\nUntuk mengakses konten yang hanya tersedia bagi pelanggan, silakan login ke sistem dengan menggunakan nama pengguna Anda, &quot;{$username}&quot;.<br />\n<br />\nSetelah login, Anda dapat mengubah detail profil Anda dan sandi Anda kapanpun Anda kehendaki.<br />\n<br />\nJika Anda memiliki langganan institusi, pengguna di institusi Anda tidak perlu login karena semua akses secara otomatis diotentikasi oleh sistem.<br />\n<br />\nJika ada pertanyaan, silakan hubungi kami.<br />\n<br />\n{$subscriptionContactSignature}', 'Email ini memberitahu pembaca terdaftar bahwa Manajer telah membuat akses langganan untuk mereka.  Email ini memberikan URL jurnal beserta petunjuk aksesnya.'),
('SUBSCRIPTION_PURCHASE_INDL', 'en_US', 'Subscription Purchase: Individual', 'An individual subscription has been purchased online for {$contextName} with the following details.<br />\n<br />\nSubscription Type:<br />\n{$subscriptionType}<br />\n<br />\nUser:<br />\n{$userDetails}<br />\n<br />\nMembership Information (if provided):<br />\n{$membership}<br />\n<br />\nTo view or edit this subscription, please use the following URL.<br />\n<br />\nSubscription URL: {$subscriptionUrl}<br />\n', 'This email notifies the Subscription Manager that an individual subscription has been purchased online. It provides summary information about the subscription and a quick access link to the purchased subscription.'),
('SUBSCRIPTION_PURCHASE_INDL', 'id_ID', 'Pembelian Langganan: Individu', 'Sebuah langganan individu telah dibeli online untuk {$contextName} dengan rincian berikut.<br />\n<br />\nJenis Langganan:<br />\n{$subscriptionType}<br />\n<br />\nPengguna:<br />\n{$userDetails}<br />\n<br />\nInformasi Keanggotaan (jika ada):<br />\n{$membership}<br />\n<br />\nUntuk melihat atau mengubah langganan ini, silakan gunakan URL berikut ini.<br />\n<br />\nURL Langganan: {$subscriptionUrl}<br />\n', 'Email ini memberitahu Manajer Langganan bahwa sebuah langganan individu telah dibeli online.  Email ini memberikan ringkasan informasi tentang langganan tersebut beserta tautan untuk mengakses langganan yang dibeli.'),
('SUBSCRIPTION_PURCHASE_INSTL', 'en_US', 'Subscription Purchase: Institutional', 'An institutional subscription has been purchased online for {$contextName} with the following details. To activate this subscription, please use the provided Subscription URL and set the subscription status to \'Active\'.<br />\n<br />\nSubscription Type:<br />\n{$subscriptionType}<br />\n<br />\nInstitution:<br />\n{$institutionName}<br />\n{$institutionMailingAddress}<br />\n<br />\nDomain (if provided):<br />\n{$domain}<br />\n<br />\nIP Ranges (if provided):<br />\n{$ipRanges}<br />\n<br />\nContact Person:<br />\n{$userDetails}<br />\n<br />\nMembership Information (if provided):<br />\n{$membership}<br />\n<br />\nTo view or edit this subscription, please use the following URL.<br />\n<br />\nSubscription URL: {$subscriptionUrl}<br />\n', 'This email notifies the Subscription Manager that an institutional subscription has been purchased online. It provides summary information about the subscription and a quick access link to the purchased subscription.'),
('SUBSCRIPTION_PURCHASE_INSTL', 'id_ID', 'Pembelian Langganan: Institusi', 'Sebuah langganan institusi telah dibeli online untuk {$contextName} dengan rincian berikut. Untuk mengaktifkan langganan ini, silakan gunakan URL Langganan dan jadikan status langganan ke \'Aktif\'.<br />\n<br />\nJenis Langganan:<br />\n{$subscriptionType}<br />\n<br />\nInstitusi:<br />\n{$institutionName}<br />\n{$institutionMailingAddress}<br />\n<br />\nDomain (jika ada):<br />\n{$domain}<br />\n<br />\nIP Ranges (jika ada):<br />\n{$ipRanges}<br />\n<br />\nContact Person:<br />\n{$userDetails}<br />\n<br />\nInformasi Keanggotaan (jika ada):<br />\n{$membership}<br />\n<br />\nUntuk melihat atau mengubah langganan ini, silakan gunakan URL berikut ini.<br />\n<br />\nURL Langganan: {$subscriptionUrl}<br />\n', 'Email ini memberitahu Manajer Langganan bahwa sebuah langganan institusi telah dibeli online.  Email ini memberikan ringkasan informasi tentang langganan tersebut beserta tautan untuk mengakses langganan yang dibeli.'),
('SUBSCRIPTION_RENEW_INDL', 'en_US', 'Subscription Renewal: Individual', 'An individual subscription has been renewed online for {$contextName} with the following details.<br />\n<br />\nSubscription Type:<br />\n{$subscriptionType}<br />\n<br />\nUser:<br />\n{$userDetails}<br />\n<br />\nMembership Information (if provided):<br />\n{$membership}<br />\n<br />\nTo view or edit this subscription, please use the following URL.<br />\n<br />\nSubscription URL: {$subscriptionUrl}<br />\n', 'This email notifies the Subscription Manager that an individual subscription has been renewed online. It provides summary information about the subscription and a quick access link to the renewed subscription.'),
('SUBSCRIPTION_RENEW_INDL', 'id_ID', 'Pembaharuan Langganan: Individu', 'Sebuah langganan individu telah diperbaharui online untuk {$contextName} dengan rincian berikut.<br />\n<br />\nJenis Langganan:<br />\n{$subscriptionType}<br />\n<br />\nPengguna:<br />\n{$userDetails}<br />\n<br />\nInformasi Keanggotaan (jika ada):<br />\n{$membership}<br />\n<br />\nUntuk melihat atau mengubah langganan ini, silakan gunakan URL berikut ini.<br />\n<br />\nURL Langganan: {$subscriptionUrl}<br />\n', 'Email ini memberitahu Manajer Langganan bahwa sebuah langganan individu telah diperbaharui online.  Email ini memberikan ringkasan informasi tentang langganan tersebut beserta tautan untuk mengakses langganan yang diperbaharui.'),
('SUBSCRIPTION_RENEW_INSTL', 'en_US', 'Subscription Renewal: Institutional', 'An institutional subscription has been renewed online for {$contextName} with the following details.<br />\n<br />\nSubscription Type:<br />\n{$subscriptionType}<br />\n<br />\nInstitution:<br />\n{$institutionName}<br />\n{$institutionMailingAddress}<br />\n<br />\nDomain (if provided):<br />\n{$domain}<br />\n<br />\nIP Ranges (if provided):<br />\n{$ipRanges}<br />\n<br />\nContact Person:<br />\n{$userDetails}<br />\n<br />\nMembership Information (if provided):<br />\n{$membership}<br />\n<br />\nTo view or edit this subscription, please use the following URL.<br />\n<br />\nSubscription URL: {$subscriptionUrl}<br />\n', 'This email notifies the Subscription Manager that an institutional subscription has been renewed online. It provides summary information about the subscription and a quick access link to the renewed subscription.'),
('SUBSCRIPTION_RENEW_INSTL', 'id_ID', 'Pembaharuan Langganan: Institusi', 'Sebuah langganan institusi telah diperbaharui online untuk {$contextName} dengan rincian berikut.<br />\n<br />\nJenis Langganan:<br />\n{$subscriptionType}<br />\n<br />\nInstitusi:<br />\n{$institutionName}<br />\n{$institutionMailingAddress}<br />\n<br />\nDomain (jika ada):<br />\n{$domain}<br />\n<br />\nIP Ranges (jika ada):<br />\n{$ipRanges}<br />\n<br />\nContact Person:<br />\n{$userDetails}<br />\n<br />\nInformasi Keanggotaan (jika ada):<br />\n{$membership}<br />\n<br />\nUntuk melihat atau mengubah langganan ini, silakan gunakan URL berikut ini.<br />\n<br />\nURL Langganan: {$subscriptionUrl}<br />\n', 'Email ini memberitahu Manajer Langganan bahwa sebuah langganan institusi telah diperbaharui online.  Email ini memberikan ringkasan informasi tentang langganan tersebut beserta tautan untuk mengakses langganan yang diperbaharui.'),
('USER_REGISTER', 'en_US', 'Journal Registration', '{$userFullName}<br />\n<br />\nYou have now been registered as a user with {$contextName}. We have included your username and password in this email, which are needed for all work with this journal through its website. At any point, you can ask to be removed from the journal\'s list of users by contacting me.<br />\n<br />\nUsername: {$username}<br />\nPassword: {$password}<br />\n<br />\nThank you,<br />\n{$principalContactSignature}', 'This email is sent to a newly registered user to welcome them to the system and provide them with a record of their username and password.'),
('USER_REGISTER', 'id_ID', 'Registrasi Jurnal', '{$userFullName}<br />\n<br />\nAnda sekarang telah terdaftar sebagai pengguna di {$contextName}.  Kami sertakan nama pengguna dan sandi Anda di email ini, keduanya diperlukan untuk semua kegiatan melalui website jurnal ini. Anda dapat keluar dari daftar pengguna jurnal kapan saja dengan menghubungi kami.<br />\n<br />\nNama pengguna: {$username}<br />\nSandi: {$password}<br />\n<br />\nTerimakasih,<br />\n{$principalContactSignature}', 'Email ini dikirimkan ke pengguna baru untuk menyambut dan memberikan informasi nama pengguna dan sandi.'),
('USER_VALIDATE', 'en_US', 'Validate Your Account', '{$userFullName}<br />\n<br />\nYou have created an account with {$contextName}, but before you can start using it, you need to validate your email account. To do this, simply follow the link below:<br />\n<br />\n{$activateUrl}<br />\n<br />\nThank you,<br />\n{$principalContactSignature}', 'This email is sent to a newly registered user to validate their email account.'),
('USER_VALIDATE', 'id_ID', 'Validasi Akun Anda', '{$userFullName}<br />\n<br />\nAnda telah membuat akun di {$contextName}.  Sebelum dapat menggunakannya, Anda perlu melakukan validasi akun email. Untuk melakukannya, klik tautan berikut ini:<br />\n<br />\n{$activateUrl}<br />\n<br />\nTerimakasih,<br />\n{$principalContactSignature}', 'Email ini dikirim ke pengguna baru agar melakukan validasi email yang mereka gunakan untuk registrasi.');

-- --------------------------------------------------------

--
-- Struktur dari tabel `event_log`
--

CREATE TABLE `event_log` (
  `log_id` bigint(20) NOT NULL,
  `assoc_type` bigint(20) DEFAULT NULL,
  `assoc_id` bigint(20) DEFAULT NULL,
  `user_id` bigint(20) NOT NULL,
  `date_logged` datetime NOT NULL,
  `ip_address` varchar(39) NOT NULL,
  `event_type` bigint(20) DEFAULT NULL,
  `message` text,
  `is_translated` tinyint(4) DEFAULT NULL
) ENGINE=InnoDB DEFAULT CHARSET=utf8;

--
-- Dumping data untuk tabel `event_log`
--

INSERT INTO `event_log` (`log_id`, `assoc_type`, `assoc_id`, `user_id`, `date_logged`, `ip_address`, `event_type`, `message`, `is_translated`) VALUES
(1, 515, 1, 3, '2020-06-24 01:53:58', '::1', 1342177281, 'submission.event.fileUploaded', 0),
(4, 515, 2, 1, '2020-06-24 13:47:42', '::1', 1342177281, 'submission.event.fileUploaded', 0),
(5, 515, 2, 1, '2020-06-25 03:44:12', '::1', 1342177281, 'submission.event.fileUploaded', 0),
(6, 515, 3, 1, '2020-06-25 03:45:14', '::1', 1342177281, 'submission.event.fileUploaded', 0),
(7, 515, 3, 1, '2020-06-25 03:45:45', '::1', 1342177288, 'submission.event.revisionUploaded', 0),
(8, 515, 4, 1, '2020-06-25 03:46:51', '::1', 1342177281, 'submission.event.fileUploaded', 0),
(9, 1048585, 6, 1, '2020-06-25 03:47:07', '::1', 1342177281, 'submission.event.fileUploaded', 0),
(10, 515, 6, 1, '2020-06-25 04:55:09', '::1', 1342177281, 'submission.event.fileUploaded', 0),
(11, 1048585, 7, 1, '2020-06-25 04:55:35', '::1', 1342177281, 'submission.event.fileUploaded', 0),
(12, 515, 8, 1, '2020-06-25 05:06:11', '::1', 1342177281, 'submission.event.fileUploaded', 0),
(13, 1048585, 8, 1, '2020-06-25 05:06:27', '::1', 1342177281, 'submission.event.fileUploaded', 0),
(14, 515, 10, 1, '2020-06-25 05:22:38', '::1', 1342177281, 'submission.event.fileUploaded', 0),
(15, 1048585, 10, 1, '2020-06-25 05:23:14', '::1', 1342177281, 'submission.event.fileUploaded', 0),
(16, 515, 12, 1, '2020-06-25 05:29:32', '::1', 1342177281, 'submission.event.fileUploaded', 0),
(17, 1048585, 11, 1, '2020-06-25 05:29:47', '::1', 1342177281, 'submission.event.fileUploaded', 0),
(18, 515, 14, 1, '2020-06-25 05:38:10', '::1', 1342177281, 'submission.event.fileUploaded', 0),
(19, 1048585, 12, 1, '2020-06-25 05:40:38', '::1', 1342177281, 'submission.event.fileUploaded', 0),
(20, 515, 16, 1, '2020-06-25 05:57:51', '::1', 1342177281, 'submission.event.fileUploaded', 0),
(21, 515, 17, 1, '2020-06-25 05:58:17', '::1', 1342177281, 'submission.event.fileUploaded', 0),
(22, 1048585, 13, 1, '2020-06-25 05:58:38', '::1', 1342177281, 'submission.event.fileUploaded', 0),
(23, 515, 19, 1, '2020-06-25 06:08:47', '::1', 1342177281, 'submission.event.fileUploaded', 0),
(24, 515, 20, 1, '2020-06-25 06:09:25', '::1', 1342177281, 'submission.event.fileUploaded', 0),
(25, 1048585, 14, 1, '2020-06-25 06:09:45', '::1', 1342177281, 'submission.event.fileUploaded', 0),
(26, 515, 22, 1, '2020-06-25 06:29:22', '::1', 1342177281, 'submission.event.fileUploaded', 0),
(27, 515, 23, 1, '2020-06-25 06:29:48', '::1', 1342177281, 'submission.event.fileUploaded', 0),
(28, 1048585, 15, 1, '2020-06-25 06:30:05', '::1', 1342177281, 'submission.event.fileUploaded', 0),
(29, 515, 25, 1, '2020-06-25 06:39:22', '::1', 1342177281, 'submission.event.fileUploaded', 0),
(30, 515, 26, 1, '2020-06-25 06:39:52', '::1', 1342177281, 'submission.event.fileUploaded', 0),
(31, 515, 27, 1, '2020-06-25 06:40:34', '::1', 1342177281, 'submission.event.fileUploaded', 0),
(32, 1048585, 16, 1, '2020-06-25 06:40:55', '::1', 1342177281, 'submission.event.fileUploaded', 0),
(33, 515, 29, 1, '2020-06-25 06:44:13', '::1', 1342177281, 'submission.event.fileUploaded', 0),
(34, 1048585, 17, 1, '2020-06-25 06:44:28', '::1', 1342177281, 'submission.event.fileUploaded', 0),
(35, 515, 31, 1, '2020-06-25 06:55:31', '::1', 1342177281, 'submission.event.fileUploaded', 0),
(36, 1048585, 18, 1, '2020-06-25 06:55:46', '::1', 1342177281, 'submission.event.fileUploaded', 0),
(37, 515, 33, 1, '2020-06-25 07:02:16', '::1', 1342177281, 'submission.event.fileUploaded', 0),
(38, 1048585, 19, 1, '2020-06-25 07:02:26', '::1', 1342177281, 'submission.event.fileUploaded', 0),
(39, 515, 35, 1, '2020-06-25 07:28:08', '::1', 1342177281, 'submission.event.fileUploaded', 0),
(40, 1048585, 20, 1, '2020-06-25 07:28:23', '::1', 1342177281, 'submission.event.fileUploaded', 0),
(41, 515, 37, 1, '2020-06-25 07:35:33', '::1', 1342177281, 'submission.event.fileUploaded', 0),
(42, 1048585, 21, 1, '2020-06-25 07:35:51', '::1', 1342177281, 'submission.event.fileUploaded', 0),
(43, 515, 39, 1, '2020-06-25 07:47:22', '::1', 1342177281, 'submission.event.fileUploaded', 0),
(44, 1048585, 22, 1, '2020-06-25 07:47:35', '::1', 1342177281, 'submission.event.fileUploaded', 0),
(45, 515, 41, 1, '2020-06-25 07:56:42', '::1', 1342177281, 'submission.event.fileUploaded', 0),
(46, 1048585, 23, 1, '2020-06-25 07:56:55', '::1', 1342177281, 'submission.event.fileUploaded', 0),
(47, 515, 43, 1, '2020-06-25 08:06:51', '::1', 1342177281, 'submission.event.fileUploaded', 0),
(48, 1048585, 24, 1, '2020-06-25 08:07:06', '::1', 1342177281, 'submission.event.fileUploaded', 0),
(49, 515, 45, 1, '2020-06-25 08:38:59', '::1', 1342177281, 'submission.event.fileUploaded', 0),
(50, 1048585, 25, 1, '2020-06-25 08:39:11', '::1', 1342177281, 'submission.event.fileUploaded', 0),
(51, 515, 47, 1, '2020-06-25 08:51:27', '::1', 1342177281, 'submission.event.fileUploaded', 0),
(52, 1048585, 26, 1, '2020-06-25 08:51:32', '::1', 1342177281, 'submission.event.fileUploaded', 0),
(53, 515, 49, 1, '2020-06-25 15:18:45', '::1', 1342177281, 'submission.event.fileUploaded', 0),
(54, 1048585, 27, 1, '2020-06-25 15:20:33', '::1', 1342177281, 'submission.event.fileUploaded', 0),
(55, 515, 51, 1, '2020-06-25 15:46:32', '::1', 1342177281, 'submission.event.fileUploaded', 0),
(56, 1048585, 28, 1, '2020-06-25 15:48:05', '::1', 1342177281, 'submission.event.fileUploaded', 0),
(57, 515, 53, 1, '2020-06-25 16:09:57', '::1', 1342177281, 'submission.event.fileUploaded', 0),
(58, 515, 54, 1, '2020-06-25 16:11:53', '::1', 1342177281, 'submission.event.fileUploaded', 0),
(59, 1048585, 29, 1, '2020-06-25 16:14:31', '::1', 1342177281, 'submission.event.fileUploaded', 0),
(60, 515, 56, 1, '2020-06-25 16:25:18', '::1', 1342177281, 'submission.event.fileUploaded', 0),
(61, 515, 57, 1, '2020-06-25 16:26:44', '::1', 1342177281, 'submission.event.fileUploaded', 0),
(62, 515, 58, 1, '2020-06-25 16:31:33', '::1', 1342177281, 'submission.event.fileUploaded', 0),
(63, 1048585, 30, 1, '2020-06-25 16:31:46', '::1', 1342177281, 'submission.event.fileUploaded', 0),
(64, 515, 60, 1, '2020-06-25 16:38:47', '::1', 1342177281, 'submission.event.fileUploaded', 0),
(65, 515, 61, 1, '2020-06-25 16:39:53', '::1', 1342177281, 'submission.event.fileUploaded', 0),
(66, 1048585, 31, 1, '2020-06-25 16:40:18', '::1', 1342177281, 'submission.event.fileUploaded', 0),
(67, 515, 63, 1, '2020-06-25 16:50:36', '::1', 1342177281, 'submission.event.fileUploaded', 0),
(68, 1048585, 32, 1, '2020-06-25 16:51:01', '::1', 1342177281, 'submission.event.fileUploaded', 0),
(69, 515, 65, 1, '2020-06-25 16:59:33', '::1', 1342177281, 'submission.event.fileUploaded', 0),
(70, 1048585, 33, 1, '2020-06-25 16:59:54', '::1', 1342177281, 'submission.event.fileUploaded', 0),
(71, 515, 67, 1, '2020-06-25 17:08:22', '::1', 1342177281, 'submission.event.fileUploaded', 0),
(72, 1048585, 34, 1, '2020-06-25 17:08:44', '::1', 1342177281, 'submission.event.fileUploaded', 0),
(73, 515, 69, 1, '2020-06-25 17:16:09', '::1', 1342177281, 'submission.event.fileUploaded', 0),
(74, 1048585, 35, 1, '2020-06-25 17:16:32', '::1', 1342177281, 'submission.event.fileUploaded', 0),
(75, 515, 71, 1, '2020-06-25 17:24:27', '::1', 1342177281, 'submission.event.fileUploaded', 0),
(76, 515, 72, 1, '2020-06-25 17:25:12', '::1', 1342177281, 'submission.event.fileUploaded', 0),
(77, 1048585, 36, 1, '2020-06-25 17:25:33', '::1', 1342177281, 'submission.event.fileUploaded', 0),
(78, 515, 74, 1, '2020-06-25 17:34:14', '::1', 1342177281, 'submission.event.fileUploaded', 0),
(79, 1048585, 37, 1, '2020-06-25 17:34:40', '::1', 1342177281, 'submission.event.fileUploaded', 0);

-- --------------------------------------------------------

--
-- Struktur dari tabel `event_log_settings`
--

CREATE TABLE `event_log_settings` (
  `log_id` bigint(20) NOT NULL,
  `setting_name` varchar(255) NOT NULL,
  `setting_value` text,
  `setting_type` varchar(6) NOT NULL
) ENGINE=InnoDB DEFAULT CHARSET=utf8;

--
-- Dumping data untuk tabel `event_log_settings`
--

INSERT INTO `event_log_settings` (`log_id`, `setting_name`, `setting_value`, `setting_type`) VALUES
(1, 'fileId', '1', 'int'),
(1, 'fileRevision', '1', 'int'),
(1, 'fileStage', '2', 'int'),
(1, 'originalFileName', 'MohammadFariedRahmat_revisi.docx', 'string'),
(1, 'revisedFileId', NULL, 'string'),
(1, 'submissionId', '1', 'int'),
(1, 'username', 'fariedrahmad', 'string'),
(4, 'fileId', '2', 'int'),
(4, 'fileRevision', '1', 'int'),
(4, 'fileStage', '2', 'int'),
(4, 'originalFileName', '2632-Article Text-4760-1-10-20180103.pdf', 'string'),
(4, 'revisedFileId', NULL, 'string'),
(4, 'submissionId', '2', 'int'),
(4, 'username', 'mimin', 'string'),
(5, 'fileId', '2', 'int'),
(5, 'fileRevision', '1', 'int'),
(5, 'fileStage', '10', 'int'),
(5, 'originalFileName', '5. Heru Utomo.pdf', 'string'),
(5, 'revisedFileId', NULL, 'string'),
(5, 'submissionId', '6', 'int'),
(5, 'username', 'mimin', 'string'),
(6, 'fileId', '3', 'int'),
(6, 'fileRevision', '1', 'int'),
(6, 'fileStage', '10', 'int'),
(6, 'originalFileName', '5. Heru Utomo.pdf', 'string'),
(6, 'revisedFileId', NULL, 'string'),
(6, 'submissionId', '6', 'int'),
(6, 'username', 'mimin', 'string'),
(7, 'fileId', '3', 'int'),
(7, 'fileRevision', '2', 'int'),
(7, 'fileStage', '10', 'int'),
(7, 'originalFileName', '5. Heru Utomo.pdf', 'string'),
(7, 'revisedFileId', '3', 'int'),
(7, 'submissionId', '6', 'int'),
(7, 'username', 'mimin', 'string'),
(8, 'fileId', '4', 'int'),
(8, 'fileRevision', '1', 'int'),
(8, 'fileStage', '10', 'int'),
(8, 'originalFileName', '5. Heru Utomo.pdf', 'string'),
(8, 'revisedFileId', NULL, 'string'),
(8, 'submissionId', '6', 'int'),
(8, 'username', 'mimin', 'string'),
(9, 'fileId', '4', 'int'),
(9, 'fileRevision', '1', 'int'),
(9, 'fileStage', '10', 'int'),
(9, 'name', 'Heru Utomo.pdf', 'string'),
(9, 'originalFileName', '5. Heru Utomo.pdf', 'string'),
(9, 'submissionId', '6', 'int'),
(9, 'username', 'mimin', 'string'),
(10, 'fileId', '6', 'int'),
(10, 'fileRevision', '1', 'int'),
(10, 'fileStage', '10', 'int'),
(10, 'originalFileName', '6. Shinta Maharani.pdf', 'string'),
(10, 'revisedFileId', NULL, 'string'),
(10, 'submissionId', '7', 'int'),
(10, 'username', 'mimin', 'string'),
(11, 'fileId', '6', 'int'),
(11, 'fileRevision', '1', 'int'),
(11, 'fileStage', '10', 'int'),
(11, 'name', 'ShintaMaharani.pdf', 'string'),
(11, 'originalFileName', '6. Shinta Maharani.pdf', 'string'),
(11, 'submissionId', '7', 'int'),
(11, 'username', 'mimin', 'string'),
(12, 'fileId', '8', 'int'),
(12, 'fileRevision', '1', 'int'),
(12, 'fileStage', '10', 'int'),
(12, 'originalFileName', '7. Tri Istining Wardani.pdf', 'string'),
(12, 'revisedFileId', NULL, 'string'),
(12, 'submissionId', '8', 'int'),
(12, 'username', 'mimin', 'string'),
(13, 'fileId', '8', 'int'),
(13, 'fileRevision', '1', 'int'),
(13, 'fileStage', '10', 'int'),
(13, 'name', 'TriIstiningWardani.pdf', 'string'),
(13, 'originalFileName', '7. Tri Istining Wardani.pdf', 'string'),
(13, 'submissionId', '8', 'int'),
(13, 'username', 'mimin', 'string'),
(14, 'fileId', '10', 'int'),
(14, 'fileRevision', '1', 'int'),
(14, 'fileStage', '10', 'int'),
(14, 'originalFileName', '2. Tri Yulistyawati Evelina.pdf', 'string'),
(14, 'revisedFileId', NULL, 'string'),
(14, 'submissionId', '10', 'int'),
(14, 'username', 'mimin', 'string'),
(15, 'fileId', '10', 'int'),
(15, 'fileRevision', '1', 'int'),
(15, 'fileStage', '10', 'int'),
(15, 'name', 'TriYulistyawatiEvelina.pdf', 'string'),
(15, 'originalFileName', '2. Tri Yulistyawati Evelina.pdf', 'string'),
(15, 'submissionId', '10', 'int'),
(15, 'username', 'mimin', 'string'),
(16, 'fileId', '12', 'int'),
(16, 'fileRevision', '1', 'int'),
(16, 'fileStage', '10', 'int'),
(16, 'originalFileName', '1. M. Maskan.pdf', 'string'),
(16, 'revisedFileId', NULL, 'string'),
(16, 'submissionId', '11', 'int'),
(16, 'username', 'mimin', 'string'),
(17, 'fileId', '12', 'int'),
(17, 'fileRevision', '1', 'int'),
(17, 'fileStage', '10', 'int'),
(17, 'name', 'maskan.pdf', 'string'),
(17, 'originalFileName', '1. M. Maskan.pdf', 'string'),
(17, 'submissionId', '11', 'int'),
(17, 'username', 'mimin', 'string'),
(18, 'fileId', '14', 'int'),
(18, 'fileRevision', '1', 'int'),
(18, 'fileStage', '10', 'int'),
(18, 'originalFileName', '3. Fullchis Nurjahjani.pdf', 'string'),
(18, 'revisedFileId', NULL, 'string'),
(18, 'submissionId', '12', 'int'),
(18, 'username', 'mimin', 'string'),
(19, 'fileId', '14', 'int'),
(19, 'fileRevision', '1', 'int'),
(19, 'fileStage', '10', 'int'),
(19, 'name', 'FullchisNurjahjani.pdf', 'string'),
(19, 'originalFileName', '3. Fullchis Nurjahjani.pdf', 'string'),
(19, 'submissionId', '12', 'int'),
(19, 'username', 'mimin', 'string'),
(20, 'fileId', '16', 'int'),
(20, 'fileRevision', '1', 'int'),
(20, 'fileStage', '10', 'int'),
(20, 'originalFileName', '4. Ahmad Fauzi.pdf', 'string'),
(20, 'revisedFileId', NULL, 'string'),
(20, 'submissionId', '13', 'int'),
(20, 'username', 'mimin', 'string'),
(21, 'fileId', '17', 'int'),
(21, 'fileRevision', '1', 'int'),
(21, 'fileStage', '10', 'int'),
(21, 'originalFileName', '4. Ahmad Fauzi.pdf', 'string'),
(21, 'revisedFileId', NULL, 'string'),
(21, 'submissionId', '13', 'int'),
(21, 'username', 'mimin', 'string'),
(22, 'fileId', '17', 'int'),
(22, 'fileRevision', '1', 'int'),
(22, 'fileStage', '10', 'int'),
(22, 'name', 'AFauzi.pdf', 'string'),
(22, 'originalFileName', '4. Ahmad Fauzi.pdf', 'string'),
(22, 'submissionId', '13', 'int'),
(22, 'username', 'mimin', 'string'),
(23, 'fileId', '19', 'int'),
(23, 'fileRevision', '1', 'int'),
(23, 'fileStage', '10', 'int'),
(23, 'originalFileName', '8. Nilawati Fiernaningsih.pdf', 'string'),
(23, 'revisedFileId', NULL, 'string'),
(23, 'submissionId', '14', 'int'),
(23, 'username', 'mimin', 'string'),
(24, 'fileId', '20', 'int'),
(24, 'fileRevision', '1', 'int'),
(24, 'fileStage', '10', 'int'),
(24, 'originalFileName', '8. Nilawati Fiernaningsih.pdf', 'string'),
(24, 'revisedFileId', NULL, 'string'),
(24, 'submissionId', '14', 'int'),
(24, 'username', 'mimin', 'string'),
(25, 'fileId', '20', 'int'),
(25, 'fileRevision', '1', 'int'),
(25, 'fileStage', '10', 'int'),
(25, 'name', 'NilawatiFiernaningsih.pdf', 'string'),
(25, 'originalFileName', '8. Nilawati Fiernaningsih.pdf', 'string'),
(25, 'submissionId', '14', 'int'),
(25, 'username', 'mimin', 'string'),
(26, 'fileId', '22', 'int'),
(26, 'fileRevision', '1', 'int'),
(26, 'fileStage', '10', 'int'),
(26, 'originalFileName', '9. Helmy Adisaksana.pdf', 'string'),
(26, 'revisedFileId', NULL, 'string'),
(26, 'submissionId', '15', 'int'),
(26, 'username', 'mimin', 'string'),
(27, 'fileId', '23', 'int'),
(27, 'fileRevision', '1', 'int'),
(27, 'fileStage', '10', 'int'),
(27, 'originalFileName', '9. Helmy Adisaksana.pdf', 'string'),
(27, 'revisedFileId', NULL, 'string'),
(27, 'submissionId', '15', 'int'),
(27, 'username', 'mimin', 'string'),
(28, 'fileId', '23', 'int'),
(28, 'fileRevision', '1', 'int'),
(28, 'fileStage', '10', 'int'),
(28, 'name', 'HelmyAdisaksana.pdf', 'string'),
(28, 'originalFileName', '9. Helmy Adisaksana.pdf', 'string'),
(28, 'submissionId', '15', 'int'),
(28, 'username', 'mimin', 'string'),
(29, 'fileId', '25', 'int'),
(29, 'fileRevision', '1', 'int'),
(29, 'fileStage', '10', 'int'),
(29, 'originalFileName', '10. Lilies Nur Aini.pdf', 'string'),
(29, 'revisedFileId', NULL, 'string'),
(29, 'submissionId', '16', 'int'),
(29, 'username', 'mimin', 'string'),
(30, 'fileId', '26', 'int'),
(30, 'fileRevision', '1', 'int'),
(30, 'fileStage', '10', 'int'),
(30, 'originalFileName', '10. Lilies Nur Aini.pdf', 'string'),
(30, 'revisedFileId', NULL, 'string'),
(30, 'submissionId', '16', 'int'),
(30, 'username', 'mimin', 'string'),
(31, 'fileId', '27', 'int'),
(31, 'fileRevision', '1', 'int'),
(31, 'fileStage', '10', 'int'),
(31, 'originalFileName', '10. Lilies Nur Aini.pdf', 'string'),
(31, 'revisedFileId', NULL, 'string'),
(31, 'submissionId', '16', 'int'),
(31, 'username', 'mimin', 'string'),
(32, 'fileId', '27', 'int'),
(32, 'fileRevision', '1', 'int'),
(32, 'fileStage', '10', 'int'),
(32, 'name', 'LiliesNA.pdf', 'string'),
(32, 'originalFileName', '10. Lilies Nur Aini.pdf', 'string'),
(32, 'submissionId', '16', 'int'),
(32, 'username', 'mimin', 'string'),
(33, 'fileId', '29', 'int'),
(33, 'fileRevision', '1', 'int'),
(33, 'fileStage', '10', 'int'),
(33, 'originalFileName', '11. Ellyn Eka Wahyu.pdf', 'string'),
(33, 'revisedFileId', NULL, 'string'),
(33, 'submissionId', '17', 'int'),
(33, 'username', 'mimin', 'string'),
(34, 'fileId', '29', 'int'),
(34, 'fileRevision', '1', 'int'),
(34, 'fileStage', '10', 'int'),
(34, 'name', 'EllynEkaWahyu.pdf', 'string'),
(34, 'originalFileName', '11. Ellyn Eka Wahyu.pdf', 'string'),
(34, 'submissionId', '17', 'int'),
(34, 'username', 'mimin', 'string'),
(35, 'fileId', '31', 'int'),
(35, 'fileRevision', '1', 'int'),
(35, 'fileStage', '10', 'int'),
(35, 'originalFileName', '12. Eko Hendry Suyono.pdf', 'string'),
(35, 'revisedFileId', NULL, 'string'),
(35, 'submissionId', '18', 'int'),
(35, 'username', 'mimin', 'string'),
(36, 'fileId', '31', 'int'),
(36, 'fileRevision', '1', 'int'),
(36, 'fileStage', '10', 'int'),
(36, 'name', 'EkoHendrySuyono.pdf', 'string'),
(36, 'originalFileName', '12. Eko Hendry Suyono.pdf', 'string'),
(36, 'submissionId', '18', 'int'),
(36, 'username', 'mimin', 'string'),
(37, 'fileId', '33', 'int'),
(37, 'fileRevision', '1', 'int'),
(37, 'fileStage', '10', 'int'),
(37, 'originalFileName', '13. Subagyo.pdf', 'string'),
(37, 'revisedFileId', NULL, 'string'),
(37, 'submissionId', '19', 'int'),
(37, 'username', 'mimin', 'string'),
(38, 'fileId', '33', 'int'),
(38, 'fileRevision', '1', 'int'),
(38, 'fileStage', '10', 'int'),
(38, 'name', 'Subagyo.pdf', 'string'),
(38, 'originalFileName', '13. Subagyo.pdf', 'string'),
(38, 'submissionId', '19', 'int'),
(38, 'username', 'mimin', 'string'),
(39, 'fileId', '35', 'int'),
(39, 'fileRevision', '1', 'int'),
(39, 'fileStage', '10', 'int'),
(39, 'originalFileName', '14. Utsman Syah Amrullah.pdf', 'string'),
(39, 'revisedFileId', NULL, 'string'),
(39, 'submissionId', '20', 'int'),
(39, 'username', 'mimin', 'string'),
(40, 'fileId', '35', 'int'),
(40, 'fileRevision', '1', 'int'),
(40, 'fileStage', '10', 'int'),
(40, 'name', 'UtsmanSyahAmrullah.pdf', 'string'),
(40, 'originalFileName', '14. Utsman Syah Amrullah.pdf', 'string'),
(40, 'submissionId', '20', 'int'),
(40, 'username', 'mimin', 'string'),
(41, 'fileId', '37', 'int'),
(41, 'fileRevision', '1', 'int'),
(41, 'fileStage', '10', 'int'),
(41, 'originalFileName', '15. Sugeng Hadi Susilo.pdf', 'string'),
(41, 'revisedFileId', NULL, 'string'),
(41, 'submissionId', '21', 'int'),
(41, 'username', 'mimin', 'string'),
(42, 'fileId', '37', 'int'),
(42, 'fileRevision', '1', 'int'),
(42, 'fileStage', '10', 'int'),
(42, 'name', 'SugengHadiSusilo.pdf', 'string'),
(42, 'originalFileName', '15. Sugeng Hadi Susilo.pdf', 'string'),
(42, 'submissionId', '21', 'int'),
(42, 'username', 'mimin', 'string'),
(43, 'fileId', '39', 'int'),
(43, 'fileRevision', '1', 'int'),
(43, 'fileStage', '10', 'int'),
(43, 'originalFileName', '16. Santoso.pdf', 'string'),
(43, 'revisedFileId', NULL, 'string'),
(43, 'submissionId', '22', 'int'),
(43, 'username', 'mimin', 'string'),
(44, 'fileId', '39', 'int'),
(44, 'fileRevision', '1', 'int'),
(44, 'fileStage', '10', 'int'),
(44, 'name', 'Santoso.pdf', 'string'),
(44, 'originalFileName', '16. Santoso.pdf', 'string'),
(44, 'submissionId', '22', 'int'),
(44, 'username', 'mimin', 'string'),
(45, 'fileId', '41', 'int'),
(45, 'fileRevision', '1', 'int'),
(45, 'fileStage', '10', 'int'),
(45, 'originalFileName', '17. Anang Takwanto.pdf', 'string'),
(45, 'revisedFileId', NULL, 'string'),
(45, 'submissionId', '23', 'int'),
(45, 'username', 'mimin', 'string'),
(46, 'fileId', '41', 'int'),
(46, 'fileRevision', '1', 'int'),
(46, 'fileStage', '10', 'int'),
(46, 'name', 'AnangTakwanto.pdf', 'string'),
(46, 'originalFileName', '17. Anang Takwanto.pdf', 'string'),
(46, 'submissionId', '23', 'int'),
(46, 'username', 'mimin', 'string'),
(47, 'fileId', '43', 'int'),
(47, 'fileRevision', '1', 'int'),
(47, 'fileStage', '10', 'int'),
(47, 'originalFileName', '18. Hariyadi Singgih.pdf', 'string'),
(47, 'revisedFileId', NULL, 'string'),
(47, 'submissionId', '24', 'int'),
(47, 'username', 'mimin', 'string'),
(48, 'fileId', '43', 'int'),
(48, 'fileRevision', '1', 'int'),
(48, 'fileStage', '10', 'int'),
(48, 'name', 'HariyadiSinggih.pdf', 'string'),
(48, 'originalFileName', '18. Hariyadi Singgih.pdf', 'string'),
(48, 'submissionId', '24', 'int'),
(48, 'username', 'mimin', 'string'),
(49, 'fileId', '45', 'int'),
(49, 'fileRevision', '1', 'int'),
(49, 'fileStage', '10', 'int'),
(49, 'originalFileName', '19. Fathoni.pdf', 'string'),
(49, 'revisedFileId', NULL, 'string'),
(49, 'submissionId', '25', 'int'),
(49, 'username', 'mimin', 'string'),
(50, 'fileId', '45', 'int'),
(50, 'fileRevision', '1', 'int'),
(50, 'fileStage', '10', 'int'),
(50, 'name', 'Fathoni.pdf', 'string'),
(50, 'originalFileName', '19. Fathoni.pdf', 'string'),
(50, 'submissionId', '25', 'int'),
(50, 'username', 'mimin', 'string'),
(51, 'fileId', '47', 'int'),
(51, 'fileRevision', '1', 'int'),
(51, 'fileStage', '10', 'int'),
(51, 'originalFileName', '20. Koesmarijanto.pdf', 'string'),
(51, 'revisedFileId', NULL, 'string'),
(51, 'submissionId', '26', 'int'),
(51, 'username', 'mimin', 'string'),
(52, 'fileId', '47', 'int'),
(52, 'fileRevision', '1', 'int'),
(52, 'fileStage', '10', 'int'),
(52, 'name', 'mimin, 20. Koesmarijanto.pdf', 'string'),
(52, 'originalFileName', '20. Koesmarijanto.pdf', 'string'),
(52, 'submissionId', '26', 'int'),
(52, 'username', 'mimin', 'string'),
(53, 'fileId', '49', 'int'),
(53, 'fileRevision', '1', 'int'),
(53, 'fileStage', '10', 'int'),
(53, 'originalFileName', '21. M. Noor Hidayat.pdf', 'string'),
(53, 'revisedFileId', NULL, 'string'),
(53, 'submissionId', '27', 'int'),
(53, 'username', 'mimin', 'string'),
(54, 'fileId', '49', 'int'),
(54, 'fileRevision', '1', 'int'),
(54, 'fileStage', '10', 'int'),
(54, 'name', 'NoorHidayat.pdf', 'string'),
(54, 'originalFileName', '21. M. Noor Hidayat.pdf', 'string'),
(54, 'submissionId', '27', 'int'),
(54, 'username', 'mimin', 'string'),
(55, 'fileId', '51', 'int'),
(55, 'fileRevision', '1', 'int'),
(55, 'fileStage', '10', 'int'),
(55, 'originalFileName', '1. Joni Dwi Pribadi.pdf', 'string'),
(55, 'revisedFileId', NULL, 'string'),
(55, 'submissionId', '28', 'int'),
(55, 'username', 'mimin', 'string'),
(56, 'fileId', '51', 'int'),
(56, 'fileRevision', '1', 'int'),
(56, 'fileStage', '10', 'int'),
(56, 'name', 'JoniDwiPribadi.pdf', 'string'),
(56, 'originalFileName', '1. Joni Dwi Pribadi.pdf', 'string'),
(56, 'submissionId', '28', 'int'),
(56, 'username', 'mimin', 'string'),
(57, 'fileId', '53', 'int'),
(57, 'fileRevision', '1', 'int'),
(57, 'fileStage', '10', 'int'),
(57, 'originalFileName', '2. Masreviastuti.pdf', 'string'),
(57, 'revisedFileId', NULL, 'string'),
(57, 'submissionId', '29', 'int'),
(57, 'username', 'mimin', 'string'),
(58, 'fileId', '54', 'int'),
(58, 'fileRevision', '1', 'int'),
(58, 'fileStage', '10', 'int'),
(58, 'originalFileName', '2. Masreviastuti.pdf', 'string'),
(58, 'revisedFileId', NULL, 'string'),
(58, 'submissionId', '29', 'int'),
(58, 'username', 'mimin', 'string'),
(59, 'fileId', '54', 'int'),
(59, 'fileRevision', '1', 'int'),
(59, 'fileStage', '10', 'int'),
(59, 'name', 'Masreviastuti.pdf', 'string'),
(59, 'originalFileName', '2. Masreviastuti.pdf', 'string'),
(59, 'submissionId', '29', 'int'),
(59, 'username', 'mimin', 'string'),
(60, 'fileId', '56', 'int'),
(60, 'fileRevision', '1', 'int'),
(60, 'fileStage', '10', 'int'),
(60, 'originalFileName', '3. Baroroh Lestari.pdf', 'string'),
(60, 'revisedFileId', NULL, 'string'),
(60, 'submissionId', '30', 'int'),
(60, 'username', 'mimin', 'string'),
(61, 'fileId', '57', 'int'),
(61, 'fileRevision', '1', 'int'),
(61, 'fileStage', '10', 'int'),
(61, 'originalFileName', '3. Baroroh Lestari.pdf', 'string'),
(61, 'revisedFileId', NULL, 'string'),
(61, 'submissionId', '30', 'int'),
(61, 'username', 'mimin', 'string'),
(62, 'fileId', '58', 'int'),
(62, 'fileRevision', '1', 'int'),
(62, 'fileStage', '10', 'int'),
(62, 'originalFileName', '3. Baroroh Lestari.pdf', 'string'),
(62, 'revisedFileId', NULL, 'string'),
(62, 'submissionId', '30', 'int'),
(62, 'username', 'mimin', 'string'),
(63, 'fileId', '58', 'int'),
(63, 'fileRevision', '1', 'int'),
(63, 'fileStage', '10', 'int'),
(63, 'name', 'BarorohLestari.pdf', 'string'),
(63, 'originalFileName', '3. Baroroh Lestari.pdf', 'string'),
(63, 'submissionId', '30', 'int'),
(63, 'username', 'mimin', 'string'),
(64, 'fileId', '60', 'int'),
(64, 'fileRevision', '1', 'int'),
(64, 'fileStage', '10', 'int'),
(64, 'originalFileName', '4. Umi Khabibah.pdf', 'string'),
(64, 'revisedFileId', NULL, 'string'),
(64, 'submissionId', '31', 'int'),
(64, 'username', 'mimin', 'string'),
(65, 'fileId', '61', 'int'),
(65, 'fileRevision', '1', 'int'),
(65, 'fileStage', '10', 'int'),
(65, 'originalFileName', '4. Umi Khabibah.pdf', 'string'),
(65, 'revisedFileId', NULL, 'string'),
(65, 'submissionId', '31', 'int'),
(65, 'username', 'mimin', 'string'),
(66, 'fileId', '61', 'int'),
(66, 'fileRevision', '1', 'int'),
(66, 'fileStage', '10', 'int'),
(66, 'name', 'UmiKhabibah.pdf', 'string'),
(66, 'originalFileName', '4. Umi Khabibah.pdf', 'string'),
(66, 'submissionId', '31', 'int'),
(66, 'username', 'mimin', 'string'),
(67, 'fileId', '63', 'int'),
(67, 'fileRevision', '1', 'int'),
(67, 'fileStage', '10', 'int'),
(67, 'originalFileName', '5. R. Sugeng Basuki.pdf', 'string'),
(67, 'revisedFileId', NULL, 'string'),
(67, 'submissionId', '32', 'int'),
(67, 'username', 'mimin', 'string'),
(68, 'fileId', '63', 'int'),
(68, 'fileRevision', '1', 'int'),
(68, 'fileStage', '10', 'int'),
(68, 'name', 'RSugengBasuki.pdf', 'string'),
(68, 'originalFileName', '5. R. Sugeng Basuki.pdf', 'string'),
(68, 'submissionId', '32', 'int'),
(68, 'username', 'mimin', 'string'),
(69, 'fileId', '65', 'int'),
(69, 'fileRevision', '1', 'int'),
(69, 'fileStage', '10', 'int'),
(69, 'originalFileName', '6. Imam Mulyono.pdf', 'string'),
(69, 'revisedFileId', NULL, 'string'),
(69, 'submissionId', '33', 'int'),
(69, 'username', 'mimin', 'string'),
(70, 'fileId', '65', 'int'),
(70, 'fileRevision', '1', 'int'),
(70, 'fileStage', '10', 'int'),
(70, 'name', 'ImamMulyono.pdf', 'string'),
(70, 'originalFileName', '6. Imam Mulyono.pdf', 'string'),
(70, 'submissionId', '33', 'int'),
(70, 'username', 'mimin', 'string'),
(71, 'fileId', '67', 'int'),
(71, 'fileRevision', '1', 'int'),
(71, 'fileStage', '10', 'int'),
(71, 'originalFileName', '7. Muwidha.pdf', 'string'),
(71, 'revisedFileId', NULL, 'string'),
(71, 'submissionId', '34', 'int'),
(71, 'username', 'mimin', 'string'),
(72, 'fileId', '67', 'int'),
(72, 'fileRevision', '1', 'int'),
(72, 'fileStage', '10', 'int'),
(72, 'name', 'Muwidha.pdf', 'string'),
(72, 'originalFileName', '7. Muwidha.pdf', 'string'),
(72, 'submissionId', '34', 'int'),
(72, 'username', 'mimin', 'string'),
(73, 'fileId', '69', 'int'),
(73, 'fileRevision', '1', 'int'),
(73, 'fileStage', '10', 'int'),
(73, 'originalFileName', '8. Hilda Cahyani.pdf', 'string'),
(73, 'revisedFileId', NULL, 'string'),
(73, 'submissionId', '35', 'int'),
(73, 'username', 'mimin', 'string'),
(74, 'fileId', '69', 'int'),
(74, 'fileRevision', '1', 'int'),
(74, 'fileStage', '10', 'int'),
(74, 'name', 'HildaCahyani.pdf', 'string'),
(74, 'originalFileName', '8. Hilda Cahyani.pdf', 'string'),
(74, 'submissionId', '35', 'int'),
(74, 'username', 'mimin', 'string'),
(75, 'fileId', '71', 'int'),
(75, 'fileRevision', '1', 'int'),
(75, 'fileStage', '10', 'int'),
(75, 'originalFileName', '9. Nur Salam.pdf', 'string'),
(75, 'revisedFileId', NULL, 'string'),
(75, 'submissionId', '36', 'int'),
(75, 'username', 'mimin', 'string'),
(76, 'fileId', '72', 'int'),
(76, 'fileRevision', '1', 'int'),
(76, 'fileStage', '10', 'int'),
(76, 'originalFileName', '9. Nur Salam.pdf', 'string'),
(76, 'revisedFileId', NULL, 'string'),
(76, 'submissionId', '36', 'int'),
(76, 'username', 'mimin', 'string'),
(77, 'fileId', '72', 'int'),
(77, 'fileRevision', '1', 'int'),
(77, 'fileStage', '10', 'int'),
(77, 'name', 'NurSalam.pdf', 'string'),
(77, 'originalFileName', '9. Nur Salam.pdf', 'string'),
(77, 'submissionId', '36', 'int'),
(77, 'username', 'mimin', 'string'),
(78, 'fileId', '74', 'int'),
(78, 'fileRevision', '1', 'int'),
(78, 'fileStage', '10', 'int'),
(78, 'originalFileName', '10. Subekhi Hadi Purnomo.pdf', 'string'),
(78, 'revisedFileId', NULL, 'string'),
(78, 'submissionId', '37', 'int'),
(78, 'username', 'mimin', 'string'),
(79, 'fileId', '74', 'int'),
(79, 'fileRevision', '1', 'int'),
(79, 'fileStage', '10', 'int'),
(79, 'name', 'SubekhiHadiPurnomo.pdf', 'string'),
(79, 'originalFileName', '10. Subekhi Hadi Purnomo.pdf', 'string'),
(79, 'submissionId', '37', 'int'),
(79, 'username', 'mimin', 'string');

-- --------------------------------------------------------

--
-- Struktur dari tabel `filters`
--

CREATE TABLE `filters` (
  `filter_id` bigint(20) NOT NULL,
  `filter_group_id` bigint(20) NOT NULL DEFAULT '0',
  `context_id` bigint(20) NOT NULL DEFAULT '0',
  `display_name` varchar(255) DEFAULT NULL,
  `class_name` varchar(255) DEFAULT NULL,
  `is_template` tinyint(4) NOT NULL DEFAULT '0',
  `parent_filter_id` bigint(20) NOT NULL DEFAULT '0',
  `seq` bigint(20) NOT NULL DEFAULT '0'
) ENGINE=InnoDB DEFAULT CHARSET=utf8;

--
-- Dumping data untuk tabel `filters`
--

INSERT INTO `filters` (`filter_id`, `filter_group_id`, `context_id`, `display_name`, `class_name`, `is_template`, `parent_filter_id`, `seq`) VALUES
(1, 1, 0, 'Extract metadata from a(n) Article', 'plugins.metadata.dc11.filter.Dc11SchemaArticleAdapter', 0, 0, 0),
(2, 2, 0, 'MODS 3.4', 'lib.pkp.plugins.metadata.mods34.filter.Mods34DescriptionXmlFilter', 0, 0, 0),
(3, 3, 0, 'Extract metadata from a(n) Article', 'plugins.metadata.mods34.filter.Mods34SchemaArticleAdapter', 0, 0, 0),
(4, 4, 0, 'Inject metadata into a(n) Article', 'plugins.metadata.mods34.filter.Mods34SchemaArticleAdapter', 0, 0, 0),
(5, 5, 0, 'Crossref XML issue export', 'plugins.importexport.crossref.filter.IssueCrossrefXmlFilter', 0, 0, 0),
(6, 6, 0, 'Crossref XML issue export', 'plugins.importexport.crossref.filter.ArticleCrossrefXmlFilter', 0, 0, 0),
(7, 7, 0, 'DataCite XML export', 'plugins.importexport.datacite.filter.DataciteXmlFilter', 0, 0, 0),
(8, 8, 0, 'DataCite XML export', 'plugins.importexport.datacite.filter.DataciteXmlFilter', 0, 0, 0),
(9, 9, 0, 'DataCite XML export', 'plugins.importexport.datacite.filter.DataciteXmlFilter', 0, 0, 0),
(10, 10, 0, 'DOAJ XML export', 'plugins.importexport.doaj.filter.DOAJXmlFilter', 0, 0, 0),
(11, 11, 0, 'DOAJ JSON export', 'plugins.importexport.doaj.filter.DOAJJsonFilter', 0, 0, 0),
(12, 12, 0, 'mEDRA XML issue export', 'plugins.importexport.medra.filter.IssueMedraXmlFilter', 0, 0, 0),
(13, 13, 0, 'mEDRA XML article export', 'plugins.importexport.medra.filter.ArticleMedraXmlFilter', 0, 0, 0),
(14, 14, 0, 'mEDRA XML article export', 'plugins.importexport.medra.filter.GalleyMedraXmlFilter', 0, 0, 0),
(15, 15, 0, 'Native XML submission export', 'plugins.importexport.native.filter.ArticleNativeXmlFilter', 0, 0, 0),
(16, 16, 0, 'Native XML submission import', 'plugins.importexport.native.filter.NativeXmlArticleFilter', 0, 0, 0),
(17, 17, 0, 'Native XML issue export', 'plugins.importexport.native.filter.IssueNativeXmlFilter', 0, 0, 0),
(18, 18, 0, 'Native XML issue import', 'plugins.importexport.native.filter.NativeXmlIssueFilter', 0, 0, 0),
(19, 19, 0, 'Native XML issue galley export', 'plugins.importexport.native.filter.IssueGalleyNativeXmlFilter', 0, 0, 0),
(20, 20, 0, 'Native XML issue galley import', 'plugins.importexport.native.filter.NativeXmlIssueGalleyFilter', 0, 0, 0),
(21, 21, 0, 'Native XML author export', 'plugins.importexport.native.filter.AuthorNativeXmlFilter', 0, 0, 0),
(22, 22, 0, 'Native XML author import', 'plugins.importexport.native.filter.NativeXmlAuthorFilter', 0, 0, 0),
(23, 26, 0, 'Native XML submission file import', 'plugins.importexport.native.filter.NativeXmlArticleFileFilter', 0, 0, 0),
(24, 27, 0, 'Native XML submission file import', 'plugins.importexport.native.filter.NativeXmlArtworkFileFilter', 0, 0, 0),
(25, 28, 0, 'Native XML submission file import', 'plugins.importexport.native.filter.NativeXmlSupplementaryFileFilter', 0, 0, 0),
(26, 23, 0, 'Native XML submission file export', 'lib.pkp.plugins.importexport.native.filter.SubmissionFileNativeXmlFilter', 0, 0, 0),
(27, 24, 0, 'Native XML submission file export', 'plugins.importexport.native.filter.ArtworkFileNativeXmlFilter', 0, 0, 0),
(28, 25, 0, 'Native XML submission file export', 'plugins.importexport.native.filter.SupplementaryFileNativeXmlFilter', 0, 0, 0),
(29, 29, 0, 'Native XML representation export', 'plugins.importexport.native.filter.ArticleGalleyNativeXmlFilter', 0, 0, 0),
(30, 30, 0, 'Native XML representation import', 'plugins.importexport.native.filter.NativeXmlArticleGalleyFilter', 0, 0, 0),
(31, 31, 0, 'ArticlePubMedXmlFilter', 'plugins.importexport.pubmed.filter.ArticlePubMedXmlFilter', 0, 0, 0),
(32, 32, 0, 'User XML user export', 'lib.pkp.plugins.importexport.users.filter.PKPUserUserXmlFilter', 0, 0, 0),
(33, 33, 0, 'User XML user import', 'lib.pkp.plugins.importexport.users.filter.UserXmlPKPUserFilter', 0, 0, 0),
(34, 34, 0, 'Native XML user group export', 'lib.pkp.plugins.importexport.users.filter.UserGroupNativeXmlFilter', 0, 0, 0),
(35, 35, 0, 'Native XML user group import', 'lib.pkp.plugins.importexport.users.filter.NativeXmlUserGroupFilter', 0, 0, 0);

-- --------------------------------------------------------

--
-- Struktur dari tabel `filter_groups`
--

CREATE TABLE `filter_groups` (
  `filter_group_id` bigint(20) NOT NULL,
  `symbolic` varchar(255) DEFAULT NULL,
  `display_name` varchar(255) DEFAULT NULL,
  `description` varchar(255) DEFAULT NULL,
  `input_type` varchar(255) DEFAULT NULL,
  `output_type` varchar(255) DEFAULT NULL
) ENGINE=InnoDB DEFAULT CHARSET=utf8;

--
-- Dumping data untuk tabel `filter_groups`
--

INSERT INTO `filter_groups` (`filter_group_id`, `symbolic`, `display_name`, `description`, `input_type`, `output_type`) VALUES
(1, 'article=>dc11', 'plugins.metadata.dc11.articleAdapter.displayName', 'plugins.metadata.dc11.articleAdapter.description', 'class::classes.article.Article', 'metadata::plugins.metadata.dc11.schema.Dc11Schema(ARTICLE)'),
(2, 'mods34=>mods34-xml', 'plugins.metadata.mods34.mods34XmlOutput.displayName', 'plugins.metadata.mods34.mods34XmlOutput.description', 'metadata::plugins.metadata.mods34.schema.Mods34Schema(*)', 'xml::schema(lib/pkp/plugins/metadata/mods34/filter/mods34.xsd)'),
(3, 'article=>mods34', 'plugins.metadata.mods34.articleAdapter.displayName', 'plugins.metadata.mods34.articleAdapter.description', 'class::classes.article.Article', 'metadata::plugins.metadata.mods34.schema.Mods34Schema(ARTICLE)'),
(4, 'mods34=>article', 'plugins.metadata.mods34.articleAdapter.displayName', 'plugins.metadata.mods34.articleAdapter.description', 'metadata::plugins.metadata.mods34.schema.Mods34Schema(ARTICLE)', 'class::classes.article.Article'),
(5, 'issue=>crossref-xml', 'plugins.importexport.crossref.displayName', 'plugins.importexport.crossref.description', 'class::classes.issue.Issue[]', 'xml::schema(https://www.crossref.org/schemas/crossref4.3.6.xsd)'),
(6, 'article=>crossref-xml', 'plugins.importexport.crossref.displayName', 'plugins.importexport.crossref.description', 'class::classes.article.Article[]', 'xml::schema(https://www.crossref.org/schemas/crossref4.3.6.xsd)'),
(7, 'issue=>datacite-xml', 'plugins.importexport.datacite.displayName', 'plugins.importexport.datacite.description', 'class::classes.issue.Issue', 'xml::schema(http://schema.datacite.org/meta/kernel-4/metadata.xsd)'),
(8, 'article=>datacite-xml', 'plugins.importexport.datacite.displayName', 'plugins.importexport.datacite.description', 'class::classes.article.Article', 'xml::schema(http://schema.datacite.org/meta/kernel-4/metadata.xsd)'),
(9, 'galley=>datacite-xml', 'plugins.importexport.datacite.displayName', 'plugins.importexport.datacite.description', 'class::classes.article.ArticleGalley', 'xml::schema(http://schema.datacite.org/meta/kernel-4/metadata.xsd)'),
(10, 'article=>doaj-xml', 'plugins.importexport.doaj.displayName', 'plugins.importexport.doaj.description', 'class::classes.article.Article[]', 'xml::schema(plugins/importexport/doaj/doajArticles.xsd)'),
(11, 'article=>doaj-json', 'plugins.importexport.doaj.displayName', 'plugins.importexport.doaj.description', 'class::classes.article.Article', 'primitive::string'),
(12, 'issue=>medra-xml', 'plugins.importexport.medra.displayName', 'plugins.importexport.medra.description', 'class::classes.issue.Issue[]', 'xml::schema(http://www.medra.org/schema/onix/DOIMetadata/2.0/ONIX_DOIMetadata_2.0.xsd)'),
(13, 'article=>medra-xml', 'plugins.importexport.medra.displayName', 'plugins.importexport.medra.description', 'class::classes.article.Article[]', 'xml::schema(http://www.medra.org/schema/onix/DOIMetadata/2.0/ONIX_DOIMetadata_2.0.xsd)'),
(14, 'galley=>medra-xml', 'plugins.importexport.medra.displayName', 'plugins.importexport.medra.description', 'class::classes.article.ArticleGalley[]', 'xml::schema(http://www.medra.org/schema/onix/DOIMetadata/2.0/ONIX_DOIMetadata_2.0.xsd)'),
(15, 'article=>native-xml', 'plugins.importexport.native.displayName', 'plugins.importexport.native.description', 'class::classes.article.Article[]', 'xml::schema(plugins/importexport/native/native.xsd)'),
(16, 'native-xml=>article', 'plugins.importexport.native.displayName', 'plugins.importexport.native.description', 'xml::schema(plugins/importexport/native/native.xsd)', 'class::classes.article.Article[]'),
(17, 'issue=>native-xml', 'plugins.importexport.native.displayName', 'plugins.importexport.native.description', 'class::classes.issue.Issue[]', 'xml::schema(plugins/importexport/native/native.xsd)'),
(18, 'native-xml=>issue', 'plugins.importexport.native.displayName', 'plugins.importexport.native.description', 'xml::schema(plugins/importexport/native/native.xsd)', 'class::classes.issue.Issue[]'),
(19, 'issuegalley=>native-xml', 'plugins.importexport.native.displayName', 'plugins.importexport.native.description', 'class::classes.issue.IssueGalley[]', 'xml::schema(plugins/importexport/native/native.xsd)'),
(20, 'native-xml=>issuegalley', 'plugins.importexport.native.displayName', 'plugins.importexport.native.description', 'xml::schema(plugins/importexport/native/native.xsd)', 'class::classes.issue.IssueGalley[]'),
(21, 'author=>native-xml', 'plugins.importexport.native.displayName', 'plugins.importexport.native.description', 'class::classes.article.Author[]', 'xml::schema(plugins/importexport/native/native.xsd)'),
(22, 'native-xml=>author', 'plugins.importexport.native.displayName', 'plugins.importexport.native.description', 'xml::schema(plugins/importexport/native/native.xsd)', 'class::classes.article.Author[]'),
(23, 'SubmissionFile=>native-xml', 'plugins.importexport.native.displayName', 'plugins.importexport.native.description', 'class::lib.pkp.classes.submission.SubmissionFile', 'xml::schema(plugins/importexport/native/native.xsd)'),
(24, 'SubmissionArtworkFile=>native-xml', 'plugins.importexport.native.displayName', 'plugins.importexport.native.description', 'class::lib.pkp.classes.submission.SubmissionArtworkFile', 'xml::schema(plugins/importexport/native/native.xsd)'),
(25, 'SupplementaryFile=>native-xml', 'plugins.importexport.native.displayName', 'plugins.importexport.native.description', 'class::lib.pkp.classes.submission.SupplementaryFile', 'xml::schema(plugins/importexport/native/native.xsd)'),
(26, 'native-xml=>SubmissionFile', 'plugins.importexport.native.displayName', 'plugins.importexport.native.description', 'xml::schema(plugins/importexport/native/native.xsd)', 'class::lib.pkp.classes.submission.SubmissionFile'),
(27, 'native-xml=>SubmissionArtworkFile', 'plugins.importexport.native.displayName', 'plugins.importexport.native.description', 'xml::schema(plugins/importexport/native/native.xsd)', 'class::lib.pkp.classes.submission.SubmissionArtworkFile'),
(28, 'native-xml=>SupplementaryFile', 'plugins.importexport.native.displayName', 'plugins.importexport.native.description', 'xml::schema(plugins/importexport/native/native.xsd)', 'class::lib.pkp.classes.submission.SupplementaryFile'),
(29, 'article-galley=>native-xml', 'plugins.importexport.native.displayName', 'plugins.importexport.native.description', 'class::classes.article.ArticleGalley', 'xml::schema(plugins/importexport/native/native.xsd)'),
(30, 'native-xml=>ArticleGalley', 'plugins.importexport.native.displayName', 'plugins.importexport.native.description', 'xml::schema(plugins/importexport/native/native.xsd)', 'class::classes.article.ArticleGalley[]'),
(31, 'article=>pubmed-xml', 'plugins.importexport.pubmed.displayName', 'plugins.importexport.pubmed.description', 'class::classes.article.Article[]', 'xml::dtd'),
(32, 'user=>user-xml', 'plugins.importexport.users.displayName', 'plugins.importexport.users.description', 'class::lib.pkp.classes.user.User[]', 'xml::schema(lib/pkp/plugins/importexport/users/pkp-users.xsd)'),
(33, 'user-xml=>user', 'plugins.importexport.users.displayName', 'plugins.importexport.users.description', 'xml::schema(lib/pkp/plugins/importexport/users/pkp-users.xsd)', 'class::classes.users.User[]'),
(34, 'usergroup=>user-xml', 'plugins.importexport.users.displayName', 'plugins.importexport.users.description', 'class::lib.pkp.classes.security.UserGroup[]', 'xml::schema(lib/pkp/plugins/importexport/users/pkp-users.xsd)'),
(35, 'user-xml=>usergroup', 'plugins.importexport.native.displayName', 'plugins.importexport.native.description', 'xml::schema(lib/pkp/plugins/importexport/users/pkp-users.xsd)', 'class::lib.pkp.classes.security.UserGroup[]');

-- --------------------------------------------------------

--
-- Struktur dari tabel `filter_settings`
--

CREATE TABLE `filter_settings` (
  `filter_id` bigint(20) NOT NULL,
  `locale` varchar(14) NOT NULL DEFAULT '',
  `setting_name` varchar(255) NOT NULL,
  `setting_value` text,
  `setting_type` varchar(6) NOT NULL
) ENGINE=InnoDB DEFAULT CHARSET=utf8;

-- --------------------------------------------------------

--
-- Struktur dari tabel `genres`
--

CREATE TABLE `genres` (
  `genre_id` bigint(20) NOT NULL,
  `context_id` bigint(20) NOT NULL,
  `seq` bigint(20) DEFAULT NULL,
  `enabled` tinyint(4) NOT NULL DEFAULT '1',
  `category` bigint(20) NOT NULL DEFAULT '1',
  `dependent` tinyint(4) NOT NULL DEFAULT '0',
  `supplementary` tinyint(4) DEFAULT '0',
  `entry_key` varchar(30) DEFAULT NULL
) ENGINE=InnoDB DEFAULT CHARSET=utf8;

--
-- Dumping data untuk tabel `genres`
--

INSERT INTO `genres` (`genre_id`, `context_id`, `seq`, `enabled`, `category`, `dependent`, `supplementary`, `entry_key`) VALUES
(1, 1, 0, 1, 1, 0, 0, 'SUBMISSION'),
(2, 1, 1, 1, 3, 0, 1, 'RESEARCHINSTRUMENT'),
(3, 1, 2, 1, 3, 0, 1, 'RESEARCHMATERIALS'),
(4, 1, 3, 1, 3, 0, 1, 'RESEARCHRESULTS'),
(5, 1, 4, 1, 3, 0, 1, 'TRANSCRIPTS'),
(6, 1, 5, 1, 3, 0, 1, 'DATAANALYSIS'),
(7, 1, 6, 1, 3, 0, 1, 'DATASET'),
(8, 1, 7, 1, 3, 0, 1, 'SOURCETEXTS'),
(9, 1, 8, 1, 1, 1, 1, 'MULTIMEDIA'),
(10, 1, 9, 1, 2, 1, 0, 'IMAGE'),
(11, 1, 10, 1, 1, 1, 0, 'STYLE'),
(12, 1, 11, 1, 3, 0, 1, 'OTHER'),
(13, 2, 0, 1, 1, 0, 0, 'SUBMISSION'),
(14, 2, 1, 1, 3, 0, 1, 'RESEARCHINSTRUMENT'),
(15, 2, 2, 1, 3, 0, 1, 'RESEARCHMATERIALS'),
(16, 2, 3, 1, 3, 0, 1, 'RESEARCHRESULTS'),
(17, 2, 4, 1, 3, 0, 1, 'TRANSCRIPTS'),
(18, 2, 5, 1, 3, 0, 1, 'DATAANALYSIS'),
(19, 2, 6, 1, 3, 0, 1, 'DATASET'),
(20, 2, 7, 1, 3, 0, 1, 'SOURCETEXTS'),
(21, 2, 8, 1, 1, 1, 1, 'MULTIMEDIA'),
(22, 2, 9, 1, 2, 1, 0, 'IMAGE'),
(23, 2, 10, 1, 1, 1, 0, 'STYLE'),
(24, 2, 11, 1, 3, 0, 1, 'OTHER'),
(25, 3, 0, 1, 1, 0, 0, 'SUBMISSION'),
(26, 3, 1, 1, 3, 0, 1, 'RESEARCHINSTRUMENT'),
(27, 3, 2, 1, 3, 0, 1, 'RESEARCHMATERIALS'),
(28, 3, 3, 1, 3, 0, 1, 'RESEARCHRESULTS'),
(29, 3, 4, 1, 3, 0, 1, 'TRANSCRIPTS'),
(30, 3, 5, 1, 3, 0, 1, 'DATAANALYSIS'),
(31, 3, 6, 1, 3, 0, 1, 'DATASET'),
(32, 3, 7, 1, 3, 0, 1, 'SOURCETEXTS'),
(33, 3, 8, 1, 1, 1, 1, 'MULTIMEDIA'),
(34, 3, 9, 1, 2, 1, 0, 'IMAGE'),
(35, 3, 10, 1, 1, 1, 0, 'STYLE'),
(36, 3, 11, 1, 3, 0, 1, 'OTHER'),
(37, 4, 0, 1, 1, 0, 0, 'SUBMISSION'),
(38, 4, 1, 1, 3, 0, 1, 'RESEARCHINSTRUMENT'),
(39, 4, 2, 1, 3, 0, 1, 'RESEARCHMATERIALS'),
(40, 4, 3, 1, 3, 0, 1, 'RESEARCHRESULTS'),
(41, 4, 4, 1, 3, 0, 1, 'TRANSCRIPTS'),
(42, 4, 5, 1, 3, 0, 1, 'DATAANALYSIS'),
(43, 4, 6, 1, 3, 0, 1, 'DATASET'),
(44, 4, 7, 1, 3, 0, 1, 'SOURCETEXTS'),
(45, 4, 8, 1, 1, 1, 1, 'MULTIMEDIA'),
(46, 4, 9, 1, 2, 1, 0, 'IMAGE'),
(47, 4, 10, 1, 1, 1, 0, 'STYLE'),
(48, 4, 11, 1, 3, 0, 1, 'OTHER'),
(49, 5, 0, 1, 1, 0, 0, 'SUBMISSION'),
(50, 5, 1, 1, 3, 0, 1, 'RESEARCHINSTRUMENT'),
(51, 5, 2, 1, 3, 0, 1, 'RESEARCHMATERIALS'),
(52, 5, 3, 1, 3, 0, 1, 'RESEARCHRESULTS'),
(53, 5, 4, 1, 3, 0, 1, 'TRANSCRIPTS'),
(54, 5, 5, 1, 3, 0, 1, 'DATAANALYSIS'),
(55, 5, 6, 1, 3, 0, 1, 'DATASET'),
(56, 5, 7, 1, 3, 0, 1, 'SOURCETEXTS'),
(57, 5, 8, 1, 1, 1, 1, 'MULTIMEDIA'),
(58, 5, 9, 1, 2, 1, 0, 'IMAGE'),
(59, 5, 10, 1, 1, 1, 0, 'STYLE'),
(60, 5, 11, 1, 3, 0, 1, 'OTHER'),
(61, 6, 0, 1, 1, 0, 0, 'SUBMISSION'),
(62, 6, 1, 1, 3, 0, 1, 'RESEARCHINSTRUMENT'),
(63, 6, 2, 1, 3, 0, 1, 'RESEARCHMATERIALS'),
(64, 6, 3, 1, 3, 0, 1, 'RESEARCHRESULTS'),
(65, 6, 4, 1, 3, 0, 1, 'TRANSCRIPTS'),
(66, 6, 5, 1, 3, 0, 1, 'DATAANALYSIS'),
(67, 6, 6, 1, 3, 0, 1, 'DATASET'),
(68, 6, 7, 1, 3, 0, 1, 'SOURCETEXTS'),
(69, 6, 8, 1, 1, 1, 1, 'MULTIMEDIA'),
(70, 6, 9, 1, 2, 1, 0, 'IMAGE'),
(71, 6, 10, 1, 1, 1, 0, 'STYLE'),
(72, 6, 11, 1, 3, 0, 1, 'OTHER'),
(73, 7, 0, 1, 1, 0, 0, 'SUBMISSION'),
(74, 7, 1, 1, 3, 0, 1, 'RESEARCHINSTRUMENT'),
(75, 7, 2, 1, 3, 0, 1, 'RESEARCHMATERIALS'),
(76, 7, 3, 1, 3, 0, 1, 'RESEARCHRESULTS'),
(77, 7, 4, 1, 3, 0, 1, 'TRANSCRIPTS'),
(78, 7, 5, 1, 3, 0, 1, 'DATAANALYSIS'),
(79, 7, 6, 1, 3, 0, 1, 'DATASET'),
(80, 7, 7, 1, 3, 0, 1, 'SOURCETEXTS'),
(81, 7, 8, 1, 1, 1, 1, 'MULTIMEDIA'),
(82, 7, 9, 1, 2, 1, 0, 'IMAGE'),
(83, 7, 10, 1, 1, 1, 0, 'STYLE'),
(84, 7, 11, 1, 3, 0, 1, 'OTHER'),
(85, 8, 0, 1, 1, 0, 0, 'SUBMISSION'),
(86, 8, 1, 1, 3, 0, 1, 'RESEARCHINSTRUMENT'),
(87, 8, 2, 1, 3, 0, 1, 'RESEARCHMATERIALS'),
(88, 8, 3, 1, 3, 0, 1, 'RESEARCHRESULTS'),
(89, 8, 4, 1, 3, 0, 1, 'TRANSCRIPTS'),
(90, 8, 5, 1, 3, 0, 1, 'DATAANALYSIS'),
(91, 8, 6, 1, 3, 0, 1, 'DATASET'),
(92, 8, 7, 1, 3, 0, 1, 'SOURCETEXTS'),
(93, 8, 8, 1, 1, 1, 1, 'MULTIMEDIA'),
(94, 8, 9, 1, 2, 1, 0, 'IMAGE'),
(95, 8, 10, 1, 1, 1, 0, 'STYLE'),
(96, 8, 11, 1, 3, 0, 1, 'OTHER'),
(97, 9, 0, 1, 1, 0, 0, 'SUBMISSION'),
(98, 9, 1, 1, 3, 0, 1, 'RESEARCHINSTRUMENT'),
(99, 9, 2, 1, 3, 0, 1, 'RESEARCHMATERIALS'),
(100, 9, 3, 1, 3, 0, 1, 'RESEARCHRESULTS'),
(101, 9, 4, 1, 3, 0, 1, 'TRANSCRIPTS'),
(102, 9, 5, 1, 3, 0, 1, 'DATAANALYSIS'),
(103, 9, 6, 1, 3, 0, 1, 'DATASET'),
(104, 9, 7, 1, 3, 0, 1, 'SOURCETEXTS'),
(105, 9, 8, 1, 1, 1, 1, 'MULTIMEDIA'),
(106, 9, 9, 1, 2, 1, 0, 'IMAGE'),
(107, 9, 10, 1, 1, 1, 0, 'STYLE'),
(108, 9, 11, 1, 3, 0, 1, 'OTHER'),
(109, 10, 0, 1, 1, 0, 0, 'SUBMISSION'),
(110, 10, 1, 1, 3, 0, 1, 'RESEARCHINSTRUMENT'),
(111, 10, 2, 1, 3, 0, 1, 'RESEARCHMATERIALS'),
(112, 10, 3, 1, 3, 0, 1, 'RESEARCHRESULTS'),
(113, 10, 4, 1, 3, 0, 1, 'TRANSCRIPTS'),
(114, 10, 5, 1, 3, 0, 1, 'DATAANALYSIS'),
(115, 10, 6, 1, 3, 0, 1, 'DATASET'),
(116, 10, 7, 1, 3, 0, 1, 'SOURCETEXTS'),
(117, 10, 8, 1, 1, 1, 1, 'MULTIMEDIA'),
(118, 10, 9, 1, 2, 1, 0, 'IMAGE'),
(119, 10, 10, 1, 1, 1, 0, 'STYLE'),
(120, 10, 11, 1, 3, 0, 1, 'OTHER'),
(121, 11, 0, 1, 1, 0, 0, 'SUBMISSION'),
(122, 11, 1, 1, 3, 0, 1, 'RESEARCHINSTRUMENT'),
(123, 11, 2, 1, 3, 0, 1, 'RESEARCHMATERIALS'),
(124, 11, 3, 1, 3, 0, 1, 'RESEARCHRESULTS'),
(125, 11, 4, 1, 3, 0, 1, 'TRANSCRIPTS'),
(126, 11, 5, 1, 3, 0, 1, 'DATAANALYSIS'),
(127, 11, 6, 1, 3, 0, 1, 'DATASET'),
(128, 11, 7, 1, 3, 0, 1, 'SOURCETEXTS'),
(129, 11, 8, 1, 1, 1, 1, 'MULTIMEDIA'),
(130, 11, 9, 1, 2, 1, 0, 'IMAGE'),
(131, 11, 10, 1, 1, 1, 0, 'STYLE'),
(132, 11, 11, 1, 3, 0, 1, 'OTHER'),
(133, 12, 0, 1, 1, 0, 0, 'SUBMISSION'),
(134, 12, 1, 1, 3, 0, 1, 'RESEARCHINSTRUMENT'),
(135, 12, 2, 1, 3, 0, 1, 'RESEARCHMATERIALS'),
(136, 12, 3, 1, 3, 0, 1, 'RESEARCHRESULTS'),
(137, 12, 4, 1, 3, 0, 1, 'TRANSCRIPTS'),
(138, 12, 5, 1, 3, 0, 1, 'DATAANALYSIS'),
(139, 12, 6, 1, 3, 0, 1, 'DATASET'),
(140, 12, 7, 1, 3, 0, 1, 'SOURCETEXTS'),
(141, 12, 8, 1, 1, 1, 1, 'MULTIMEDIA'),
(142, 12, 9, 1, 2, 1, 0, 'IMAGE'),
(143, 12, 10, 1, 1, 1, 0, 'STYLE'),
(144, 12, 11, 1, 3, 0, 1, 'OTHER'),
(145, 13, 0, 1, 1, 0, 0, 'SUBMISSION'),
(146, 13, 1, 1, 3, 0, 1, 'RESEARCHINSTRUMENT'),
(147, 13, 2, 1, 3, 0, 1, 'RESEARCHMATERIALS'),
(148, 13, 3, 1, 3, 0, 1, 'RESEARCHRESULTS'),
(149, 13, 4, 1, 3, 0, 1, 'TRANSCRIPTS'),
(150, 13, 5, 1, 3, 0, 1, 'DATAANALYSIS'),
(151, 13, 6, 1, 3, 0, 1, 'DATASET'),
(152, 13, 7, 1, 3, 0, 1, 'SOURCETEXTS'),
(153, 13, 8, 1, 1, 1, 1, 'MULTIMEDIA'),
(154, 13, 9, 1, 2, 1, 0, 'IMAGE'),
(155, 13, 10, 1, 1, 1, 0, 'STYLE'),
(156, 13, 11, 1, 3, 0, 1, 'OTHER'),
(157, 14, 0, 1, 1, 0, 0, 'SUBMISSION'),
(158, 14, 1, 1, 3, 0, 1, 'RESEARCHINSTRUMENT'),
(159, 14, 2, 1, 3, 0, 1, 'RESEARCHMATERIALS'),
(160, 14, 3, 1, 3, 0, 1, 'RESEARCHRESULTS'),
(161, 14, 4, 1, 3, 0, 1, 'TRANSCRIPTS'),
(162, 14, 5, 1, 3, 0, 1, 'DATAANALYSIS'),
(163, 14, 6, 1, 3, 0, 1, 'DATASET'),
(164, 14, 7, 1, 3, 0, 1, 'SOURCETEXTS'),
(165, 14, 8, 1, 1, 1, 1, 'MULTIMEDIA'),
(166, 14, 9, 1, 2, 1, 0, 'IMAGE'),
(167, 14, 10, 1, 1, 1, 0, 'STYLE'),
(168, 14, 11, 1, 3, 0, 1, 'OTHER');

-- --------------------------------------------------------

--
-- Struktur dari tabel `genre_settings`
--

CREATE TABLE `genre_settings` (
  `genre_id` bigint(20) NOT NULL,
  `locale` varchar(14) NOT NULL DEFAULT '',
  `setting_name` varchar(255) NOT NULL,
  `setting_value` text,
  `setting_type` varchar(6) NOT NULL
) ENGINE=InnoDB DEFAULT CHARSET=utf8;

--
-- Dumping data untuk tabel `genre_settings`
--

INSERT INTO `genre_settings` (`genre_id`, `locale`, `setting_name`, `setting_value`, `setting_type`) VALUES
(1, 'en_US', 'name', 'Article Text', 'string'),
(1, 'id_ID', 'name', 'File Utama Naskah', 'string'),
(2, 'en_US', 'name', 'Research Instrument', 'string'),
(2, 'id_ID', 'name', 'Instrumen Penelitian', 'string'),
(3, 'en_US', 'name', 'Research Materials', 'string'),
(3, 'id_ID', 'name', 'Bahan Penelitian', 'string'),
(4, 'en_US', 'name', 'Research Results', 'string'),
(4, 'id_ID', 'name', 'Hasil Penelitian', 'string'),
(5, 'en_US', 'name', 'Transcripts', 'string'),
(5, 'id_ID', 'name', 'Transkrip', 'string'),
(6, 'en_US', 'name', 'Data Analysis', 'string'),
(6, 'id_ID', 'name', 'Analisis Data', 'string'),
(7, 'en_US', 'name', 'Data Set', 'string'),
(7, 'id_ID', 'name', 'Data Set', 'string'),
(8, 'en_US', 'name', 'Source Texts', 'string'),
(8, 'id_ID', 'name', 'Teks Sumber', 'string'),
(9, 'en_US', 'name', 'Multimedia', 'string'),
(9, 'id_ID', 'name', '##default.genres.multimedia##', 'string'),
(10, 'en_US', 'name', 'Image', 'string'),
(10, 'id_ID', 'name', '##default.genres.image##', 'string'),
(11, 'en_US', 'name', 'HTML Stylesheet', 'string'),
(11, 'id_ID', 'name', '##default.genres.styleSheet##', 'string'),
(12, 'en_US', 'name', 'Other', 'string'),
(12, 'id_ID', 'name', '##default.genres.other##', 'string'),
(13, 'en_US', 'name', 'Article Text', 'string'),
(13, 'id_ID', 'name', 'File Utama Naskah', 'string'),
(14, 'en_US', 'name', 'Research Instrument', 'string'),
(14, 'id_ID', 'name', 'Instrumen Penelitian', 'string'),
(15, 'en_US', 'name', 'Research Materials', 'string'),
(15, 'id_ID', 'name', 'Bahan Penelitian', 'string'),
(16, 'en_US', 'name', 'Research Results', 'string'),
(16, 'id_ID', 'name', 'Hasil Penelitian', 'string'),
(17, 'en_US', 'name', 'Transcripts', 'string'),
(17, 'id_ID', 'name', 'Transkrip', 'string'),
(18, 'en_US', 'name', 'Data Analysis', 'string'),
(18, 'id_ID', 'name', 'Analisis Data', 'string'),
(19, 'en_US', 'name', 'Data Set', 'string'),
(19, 'id_ID', 'name', 'Data Set', 'string'),
(20, 'en_US', 'name', 'Source Texts', 'string'),
(20, 'id_ID', 'name', 'Teks Sumber', 'string'),
(21, 'en_US', 'name', 'Multimedia', 'string'),
(21, 'id_ID', 'name', '##default.genres.multimedia##', 'string'),
(22, 'en_US', 'name', 'Image', 'string'),
(22, 'id_ID', 'name', '##default.genres.image##', 'string'),
(23, 'en_US', 'name', 'HTML Stylesheet', 'string'),
(23, 'id_ID', 'name', '##default.genres.styleSheet##', 'string'),
(24, 'en_US', 'name', 'Other', 'string'),
(24, 'id_ID', 'name', '##default.genres.other##', 'string'),
(25, 'en_US', 'name', 'Article Text', 'string'),
(25, 'id_ID', 'name', 'File Utama Naskah', 'string'),
(26, 'en_US', 'name', 'Research Instrument', 'string'),
(26, 'id_ID', 'name', 'Instrumen Penelitian', 'string'),
(27, 'en_US', 'name', 'Research Materials', 'string'),
(27, 'id_ID', 'name', 'Bahan Penelitian', 'string'),
(28, 'en_US', 'name', 'Research Results', 'string'),
(28, 'id_ID', 'name', 'Hasil Penelitian', 'string'),
(29, 'en_US', 'name', 'Transcripts', 'string'),
(29, 'id_ID', 'name', 'Transkrip', 'string'),
(30, 'en_US', 'name', 'Data Analysis', 'string'),
(30, 'id_ID', 'name', 'Analisis Data', 'string'),
(31, 'en_US', 'name', 'Data Set', 'string'),
(31, 'id_ID', 'name', 'Data Set', 'string'),
(32, 'en_US', 'name', 'Source Texts', 'string'),
(32, 'id_ID', 'name', 'Teks Sumber', 'string'),
(33, 'en_US', 'name', 'Multimedia', 'string'),
(33, 'id_ID', 'name', '##default.genres.multimedia##', 'string'),
(34, 'en_US', 'name', 'Image', 'string'),
(34, 'id_ID', 'name', '##default.genres.image##', 'string'),
(35, 'en_US', 'name', 'HTML Stylesheet', 'string'),
(35, 'id_ID', 'name', '##default.genres.styleSheet##', 'string'),
(36, 'en_US', 'name', 'Other', 'string'),
(36, 'id_ID', 'name', '##default.genres.other##', 'string'),
(37, 'en_US', 'name', 'Article Text', 'string'),
(37, 'id_ID', 'name', 'File Utama Naskah', 'string'),
(38, 'en_US', 'name', 'Research Instrument', 'string'),
(38, 'id_ID', 'name', 'Instrumen Penelitian', 'string'),
(39, 'en_US', 'name', 'Research Materials', 'string'),
(39, 'id_ID', 'name', 'Bahan Penelitian', 'string'),
(40, 'en_US', 'name', 'Research Results', 'string'),
(40, 'id_ID', 'name', 'Hasil Penelitian', 'string'),
(41, 'en_US', 'name', 'Transcripts', 'string'),
(41, 'id_ID', 'name', 'Transkrip', 'string'),
(42, 'en_US', 'name', 'Data Analysis', 'string'),
(42, 'id_ID', 'name', 'Analisis Data', 'string'),
(43, 'en_US', 'name', 'Data Set', 'string'),
(43, 'id_ID', 'name', 'Data Set', 'string'),
(44, 'en_US', 'name', 'Source Texts', 'string'),
(44, 'id_ID', 'name', 'Teks Sumber', 'string'),
(45, 'en_US', 'name', 'Multimedia', 'string'),
(45, 'id_ID', 'name', '##default.genres.multimedia##', 'string'),
(46, 'en_US', 'name', 'Image', 'string'),
(46, 'id_ID', 'name', '##default.genres.image##', 'string'),
(47, 'en_US', 'name', 'HTML Stylesheet', 'string'),
(47, 'id_ID', 'name', '##default.genres.styleSheet##', 'string'),
(48, 'en_US', 'name', 'Other', 'string'),
(48, 'id_ID', 'name', '##default.genres.other##', 'string'),
(49, 'en_US', 'name', 'Article Text', 'string'),
(49, 'id_ID', 'name', 'File Utama Naskah', 'string'),
(50, 'en_US', 'name', 'Research Instrument', 'string'),
(50, 'id_ID', 'name', 'Instrumen Penelitian', 'string'),
(51, 'en_US', 'name', 'Research Materials', 'string'),
(51, 'id_ID', 'name', 'Bahan Penelitian', 'string'),
(52, 'en_US', 'name', 'Research Results', 'string'),
(52, 'id_ID', 'name', 'Hasil Penelitian', 'string'),
(53, 'en_US', 'name', 'Transcripts', 'string'),
(53, 'id_ID', 'name', 'Transkrip', 'string'),
(54, 'en_US', 'name', 'Data Analysis', 'string'),
(54, 'id_ID', 'name', 'Analisis Data', 'string'),
(55, 'en_US', 'name', 'Data Set', 'string'),
(55, 'id_ID', 'name', 'Data Set', 'string'),
(56, 'en_US', 'name', 'Source Texts', 'string'),
(56, 'id_ID', 'name', 'Teks Sumber', 'string'),
(57, 'en_US', 'name', 'Multimedia', 'string'),
(57, 'id_ID', 'name', '##default.genres.multimedia##', 'string'),
(58, 'en_US', 'name', 'Image', 'string'),
(58, 'id_ID', 'name', '##default.genres.image##', 'string'),
(59, 'en_US', 'name', 'HTML Stylesheet', 'string'),
(59, 'id_ID', 'name', '##default.genres.styleSheet##', 'string'),
(60, 'en_US', 'name', 'Other', 'string'),
(60, 'id_ID', 'name', '##default.genres.other##', 'string'),
(61, 'en_US', 'name', 'Article Text', 'string'),
(61, 'id_ID', 'name', 'File Utama Naskah', 'string'),
(62, 'en_US', 'name', 'Research Instrument', 'string'),
(62, 'id_ID', 'name', 'Instrumen Penelitian', 'string'),
(63, 'en_US', 'name', 'Research Materials', 'string'),
(63, 'id_ID', 'name', 'Bahan Penelitian', 'string'),
(64, 'en_US', 'name', 'Research Results', 'string'),
(64, 'id_ID', 'name', 'Hasil Penelitian', 'string'),
(65, 'en_US', 'name', 'Transcripts', 'string'),
(65, 'id_ID', 'name', 'Transkrip', 'string'),
(66, 'en_US', 'name', 'Data Analysis', 'string'),
(66, 'id_ID', 'name', 'Analisis Data', 'string'),
(67, 'en_US', 'name', 'Data Set', 'string'),
(67, 'id_ID', 'name', 'Data Set', 'string'),
(68, 'en_US', 'name', 'Source Texts', 'string'),
(68, 'id_ID', 'name', 'Teks Sumber', 'string'),
(69, 'en_US', 'name', 'Multimedia', 'string'),
(69, 'id_ID', 'name', '##default.genres.multimedia##', 'string'),
(70, 'en_US', 'name', 'Image', 'string'),
(70, 'id_ID', 'name', '##default.genres.image##', 'string'),
(71, 'en_US', 'name', 'HTML Stylesheet', 'string'),
(71, 'id_ID', 'name', '##default.genres.styleSheet##', 'string'),
(72, 'en_US', 'name', 'Other', 'string'),
(72, 'id_ID', 'name', '##default.genres.other##', 'string'),
(73, 'en_US', 'name', 'Article Text', 'string'),
(73, 'id_ID', 'name', 'File Utama Naskah', 'string'),
(74, 'en_US', 'name', 'Research Instrument', 'string'),
(74, 'id_ID', 'name', 'Instrumen Penelitian', 'string'),
(75, 'en_US', 'name', 'Research Materials', 'string'),
(75, 'id_ID', 'name', 'Bahan Penelitian', 'string'),
(76, 'en_US', 'name', 'Research Results', 'string'),
(76, 'id_ID', 'name', 'Hasil Penelitian', 'string'),
(77, 'en_US', 'name', 'Transcripts', 'string'),
(77, 'id_ID', 'name', 'Transkrip', 'string'),
(78, 'en_US', 'name', 'Data Analysis', 'string'),
(78, 'id_ID', 'name', 'Analisis Data', 'string'),
(79, 'en_US', 'name', 'Data Set', 'string'),
(79, 'id_ID', 'name', 'Data Set', 'string'),
(80, 'en_US', 'name', 'Source Texts', 'string'),
(80, 'id_ID', 'name', 'Teks Sumber', 'string'),
(81, 'en_US', 'name', 'Multimedia', 'string'),
(81, 'id_ID', 'name', '##default.genres.multimedia##', 'string'),
(82, 'en_US', 'name', 'Image', 'string'),
(82, 'id_ID', 'name', '##default.genres.image##', 'string'),
(83, 'en_US', 'name', 'HTML Stylesheet', 'string'),
(83, 'id_ID', 'name', '##default.genres.styleSheet##', 'string'),
(84, 'en_US', 'name', 'Other', 'string'),
(84, 'id_ID', 'name', '##default.genres.other##', 'string'),
(85, 'en_US', 'name', 'Article Text', 'string'),
(85, 'id_ID', 'name', 'File Utama Naskah', 'string'),
(86, 'en_US', 'name', 'Research Instrument', 'string'),
(86, 'id_ID', 'name', 'Instrumen Penelitian', 'string'),
(87, 'en_US', 'name', 'Research Materials', 'string'),
(87, 'id_ID', 'name', 'Bahan Penelitian', 'string'),
(88, 'en_US', 'name', 'Research Results', 'string'),
(88, 'id_ID', 'name', 'Hasil Penelitian', 'string'),
(89, 'en_US', 'name', 'Transcripts', 'string'),
(89, 'id_ID', 'name', 'Transkrip', 'string'),
(90, 'en_US', 'name', 'Data Analysis', 'string'),
(90, 'id_ID', 'name', 'Analisis Data', 'string'),
(91, 'en_US', 'name', 'Data Set', 'string'),
(91, 'id_ID', 'name', 'Data Set', 'string'),
(92, 'en_US', 'name', 'Source Texts', 'string'),
(92, 'id_ID', 'name', 'Teks Sumber', 'string'),
(93, 'en_US', 'name', 'Multimedia', 'string'),
(93, 'id_ID', 'name', '##default.genres.multimedia##', 'string'),
(94, 'en_US', 'name', 'Image', 'string'),
(94, 'id_ID', 'name', '##default.genres.image##', 'string'),
(95, 'en_US', 'name', 'HTML Stylesheet', 'string'),
(95, 'id_ID', 'name', '##default.genres.styleSheet##', 'string'),
(96, 'en_US', 'name', 'Other', 'string'),
(96, 'id_ID', 'name', '##default.genres.other##', 'string'),
(97, 'en_US', 'name', 'Article Text', 'string'),
(97, 'id_ID', 'name', 'File Utama Naskah', 'string'),
(98, 'en_US', 'name', 'Research Instrument', 'string'),
(98, 'id_ID', 'name', 'Instrumen Penelitian', 'string'),
(99, 'en_US', 'name', 'Research Materials', 'string'),
(99, 'id_ID', 'name', 'Bahan Penelitian', 'string'),
(100, 'en_US', 'name', 'Research Results', 'string'),
(100, 'id_ID', 'name', 'Hasil Penelitian', 'string'),
(101, 'en_US', 'name', 'Transcripts', 'string'),
(101, 'id_ID', 'name', 'Transkrip', 'string'),
(102, 'en_US', 'name', 'Data Analysis', 'string'),
(102, 'id_ID', 'name', 'Analisis Data', 'string'),
(103, 'en_US', 'name', 'Data Set', 'string'),
(103, 'id_ID', 'name', 'Data Set', 'string'),
(104, 'en_US', 'name', 'Source Texts', 'string'),
(104, 'id_ID', 'name', 'Teks Sumber', 'string'),
(105, 'en_US', 'name', 'Multimedia', 'string'),
(105, 'id_ID', 'name', '##default.genres.multimedia##', 'string'),
(106, 'en_US', 'name', 'Image', 'string'),
(106, 'id_ID', 'name', '##default.genres.image##', 'string'),
(107, 'en_US', 'name', 'HTML Stylesheet', 'string'),
(107, 'id_ID', 'name', '##default.genres.styleSheet##', 'string'),
(108, 'en_US', 'name', 'Other', 'string'),
(108, 'id_ID', 'name', '##default.genres.other##', 'string'),
(109, 'en_US', 'name', 'Article Text', 'string'),
(109, 'id_ID', 'name', 'File Utama Naskah', 'string'),
(110, 'en_US', 'name', 'Research Instrument', 'string'),
(110, 'id_ID', 'name', 'Instrumen Penelitian', 'string'),
(111, 'en_US', 'name', 'Research Materials', 'string'),
(111, 'id_ID', 'name', 'Bahan Penelitian', 'string'),
(112, 'en_US', 'name', 'Research Results', 'string'),
(112, 'id_ID', 'name', 'Hasil Penelitian', 'string'),
(113, 'en_US', 'name', 'Transcripts', 'string'),
(113, 'id_ID', 'name', 'Transkrip', 'string'),
(114, 'en_US', 'name', 'Data Analysis', 'string'),
(114, 'id_ID', 'name', 'Analisis Data', 'string'),
(115, 'en_US', 'name', 'Data Set', 'string'),
(115, 'id_ID', 'name', 'Data Set', 'string'),
(116, 'en_US', 'name', 'Source Texts', 'string'),
(116, 'id_ID', 'name', 'Teks Sumber', 'string'),
(117, 'en_US', 'name', 'Multimedia', 'string'),
(117, 'id_ID', 'name', '##default.genres.multimedia##', 'string'),
(118, 'en_US', 'name', 'Image', 'string'),
(118, 'id_ID', 'name', '##default.genres.image##', 'string'),
(119, 'en_US', 'name', 'HTML Stylesheet', 'string'),
(119, 'id_ID', 'name', '##default.genres.styleSheet##', 'string'),
(120, 'en_US', 'name', 'Other', 'string'),
(120, 'id_ID', 'name', '##default.genres.other##', 'string'),
(121, 'en_US', 'name', 'Article Text', 'string'),
(121, 'id_ID', 'name', 'File Utama Naskah', 'string'),
(122, 'en_US', 'name', 'Research Instrument', 'string'),
(122, 'id_ID', 'name', 'Instrumen Penelitian', 'string'),
(123, 'en_US', 'name', 'Research Materials', 'string'),
(123, 'id_ID', 'name', 'Bahan Penelitian', 'string'),
(124, 'en_US', 'name', 'Research Results', 'string'),
(124, 'id_ID', 'name', 'Hasil Penelitian', 'string'),
(125, 'en_US', 'name', 'Transcripts', 'string'),
(125, 'id_ID', 'name', 'Transkrip', 'string'),
(126, 'en_US', 'name', 'Data Analysis', 'string'),
(126, 'id_ID', 'name', 'Analisis Data', 'string'),
(127, 'en_US', 'name', 'Data Set', 'string'),
(127, 'id_ID', 'name', 'Data Set', 'string'),
(128, 'en_US', 'name', 'Source Texts', 'string'),
(128, 'id_ID', 'name', 'Teks Sumber', 'string'),
(129, 'en_US', 'name', 'Multimedia', 'string'),
(129, 'id_ID', 'name', '##default.genres.multimedia##', 'string'),
(130, 'en_US', 'name', 'Image', 'string'),
(130, 'id_ID', 'name', '##default.genres.image##', 'string'),
(131, 'en_US', 'name', 'HTML Stylesheet', 'string'),
(131, 'id_ID', 'name', '##default.genres.styleSheet##', 'string'),
(132, 'en_US', 'name', 'Other', 'string'),
(132, 'id_ID', 'name', '##default.genres.other##', 'string'),
(133, 'en_US', 'name', 'Article Text', 'string'),
(133, 'id_ID', 'name', 'File Utama Naskah', 'string'),
(134, 'en_US', 'name', 'Research Instrument', 'string'),
(134, 'id_ID', 'name', 'Instrumen Penelitian', 'string'),
(135, 'en_US', 'name', 'Research Materials', 'string'),
(135, 'id_ID', 'name', 'Bahan Penelitian', 'string'),
(136, 'en_US', 'name', 'Research Results', 'string'),
(136, 'id_ID', 'name', 'Hasil Penelitian', 'string'),
(137, 'en_US', 'name', 'Transcripts', 'string'),
(137, 'id_ID', 'name', 'Transkrip', 'string'),
(138, 'en_US', 'name', 'Data Analysis', 'string'),
(138, 'id_ID', 'name', 'Analisis Data', 'string'),
(139, 'en_US', 'name', 'Data Set', 'string'),
(139, 'id_ID', 'name', 'Data Set', 'string'),
(140, 'en_US', 'name', 'Source Texts', 'string'),
(140, 'id_ID', 'name', 'Teks Sumber', 'string'),
(141, 'en_US', 'name', 'Multimedia', 'string'),
(141, 'id_ID', 'name', '##default.genres.multimedia##', 'string'),
(142, 'en_US', 'name', 'Image', 'string'),
(142, 'id_ID', 'name', '##default.genres.image##', 'string'),
(143, 'en_US', 'name', 'HTML Stylesheet', 'string'),
(143, 'id_ID', 'name', '##default.genres.styleSheet##', 'string'),
(144, 'en_US', 'name', 'Other', 'string'),
(144, 'id_ID', 'name', '##default.genres.other##', 'string'),
(145, 'en_US', 'name', 'Article Text', 'string'),
(145, 'id_ID', 'name', 'File Utama Naskah', 'string'),
(146, 'en_US', 'name', 'Research Instrument', 'string'),
(146, 'id_ID', 'name', 'Instrumen Penelitian', 'string'),
(147, 'en_US', 'name', 'Research Materials', 'string'),
(147, 'id_ID', 'name', 'Bahan Penelitian', 'string'),
(148, 'en_US', 'name', 'Research Results', 'string'),
(148, 'id_ID', 'name', 'Hasil Penelitian', 'string'),
(149, 'en_US', 'name', 'Transcripts', 'string'),
(149, 'id_ID', 'name', 'Transkrip', 'string'),
(150, 'en_US', 'name', 'Data Analysis', 'string'),
(150, 'id_ID', 'name', 'Analisis Data', 'string'),
(151, 'en_US', 'name', 'Data Set', 'string'),
(151, 'id_ID', 'name', 'Data Set', 'string'),
(152, 'en_US', 'name', 'Source Texts', 'string'),
(152, 'id_ID', 'name', 'Teks Sumber', 'string'),
(153, 'en_US', 'name', 'Multimedia', 'string'),
(153, 'id_ID', 'name', '##default.genres.multimedia##', 'string'),
(154, 'en_US', 'name', 'Image', 'string'),
(154, 'id_ID', 'name', '##default.genres.image##', 'string'),
(155, 'en_US', 'name', 'HTML Stylesheet', 'string'),
(155, 'id_ID', 'name', '##default.genres.styleSheet##', 'string'),
(156, 'en_US', 'name', 'Other', 'string'),
(156, 'id_ID', 'name', '##default.genres.other##', 'string'),
(157, 'en_US', 'name', 'Article Text', 'string'),
(157, 'id_ID', 'name', 'File Utama Naskah', 'string'),
(158, 'en_US', 'name', 'Research Instrument', 'string'),
(158, 'id_ID', 'name', 'Instrumen Penelitian', 'string'),
(159, 'en_US', 'name', 'Research Materials', 'string'),
(159, 'id_ID', 'name', 'Bahan Penelitian', 'string'),
(160, 'en_US', 'name', 'Research Results', 'string'),
(160, 'id_ID', 'name', 'Hasil Penelitian', 'string'),
(161, 'en_US', 'name', 'Transcripts', 'string'),
(161, 'id_ID', 'name', 'Transkrip', 'string'),
(162, 'en_US', 'name', 'Data Analysis', 'string'),
(162, 'id_ID', 'name', 'Analisis Data', 'string'),
(163, 'en_US', 'name', 'Data Set', 'string'),
(163, 'id_ID', 'name', 'Data Set', 'string'),
(164, 'en_US', 'name', 'Source Texts', 'string'),
(164, 'id_ID', 'name', 'Teks Sumber', 'string'),
(165, 'en_US', 'name', 'Multimedia', 'string'),
(165, 'id_ID', 'name', '##default.genres.multimedia##', 'string'),
(166, 'en_US', 'name', 'Image', 'string'),
(166, 'id_ID', 'name', '##default.genres.image##', 'string'),
(167, 'en_US', 'name', 'HTML Stylesheet', 'string'),
(167, 'id_ID', 'name', '##default.genres.styleSheet##', 'string'),
(168, 'en_US', 'name', 'Other', 'string'),
(168, 'id_ID', 'name', '##default.genres.other##', 'string');

-- --------------------------------------------------------

--
-- Struktur dari tabel `institutional_subscriptions`
--

CREATE TABLE `institutional_subscriptions` (
  `institutional_subscription_id` bigint(20) NOT NULL,
  `subscription_id` bigint(20) NOT NULL,
  `institution_name` varchar(255) NOT NULL,
  `mailing_address` varchar(255) DEFAULT NULL,
  `domain` varchar(255) DEFAULT NULL
) ENGINE=InnoDB DEFAULT CHARSET=utf8;

-- --------------------------------------------------------

--
-- Struktur dari tabel `institutional_subscription_ip`
--

CREATE TABLE `institutional_subscription_ip` (
  `institutional_subscription_ip_id` bigint(20) NOT NULL,
  `subscription_id` bigint(20) NOT NULL,
  `ip_string` varchar(40) NOT NULL,
  `ip_start` bigint(20) NOT NULL,
  `ip_end` bigint(20) DEFAULT NULL
) ENGINE=InnoDB DEFAULT CHARSET=utf8;

-- --------------------------------------------------------

--
-- Struktur dari tabel `issues`
--

CREATE TABLE `issues` (
  `issue_id` bigint(20) NOT NULL,
  `journal_id` bigint(20) NOT NULL,
  `volume` smallint(6) DEFAULT NULL,
  `number` varchar(10) DEFAULT NULL,
  `year` smallint(6) DEFAULT NULL,
  `published` tinyint(4) NOT NULL DEFAULT '0',
  `current` tinyint(4) NOT NULL DEFAULT '0',
  `date_published` datetime DEFAULT NULL,
  `date_notified` datetime DEFAULT NULL,
  `last_modified` datetime DEFAULT NULL,
  `access_status` tinyint(4) NOT NULL DEFAULT '1',
  `open_access_date` datetime DEFAULT NULL,
  `show_volume` tinyint(4) NOT NULL DEFAULT '0',
  `show_number` tinyint(4) NOT NULL DEFAULT '0',
  `show_year` tinyint(4) NOT NULL DEFAULT '0',
  `show_title` tinyint(4) NOT NULL DEFAULT '0',
  `style_file_name` varchar(90) DEFAULT NULL,
  `original_style_file_name` varchar(255) DEFAULT NULL
) ENGINE=InnoDB DEFAULT CHARSET=utf8;

--
-- Dumping data untuk tabel `issues`
--

INSERT INTO `issues` (`issue_id`, `journal_id`, `volume`, `number`, `year`, `published`, `current`, `date_published`, `date_notified`, `last_modified`, `access_status`, `open_access_date`, `show_volume`, `show_number`, `show_year`, `show_title`, `style_file_name`, `original_style_file_name`) VALUES
(2, 14, 7, '1', 2020, 1, 0, '2020-06-24 16:58:16', NULL, '2020-06-24 16:58:16', 1, NULL, 1, 1, 1, 1, NULL, NULL),
(3, 14, 7, '2', 2020, 1, 1, '2020-06-25 03:34:06', NULL, '2020-06-25 03:34:06', 1, NULL, 1, 1, 1, 1, NULL, NULL);

-- --------------------------------------------------------

--
-- Struktur dari tabel `issue_files`
--

CREATE TABLE `issue_files` (
  `file_id` bigint(20) NOT NULL,
  `issue_id` bigint(20) NOT NULL,
  `file_name` varchar(90) NOT NULL,
  `file_type` varchar(255) NOT NULL,
  `file_size` bigint(20) NOT NULL,
  `content_type` bigint(20) NOT NULL,
  `original_file_name` varchar(127) DEFAULT NULL,
  `date_uploaded` datetime NOT NULL,
  `date_modified` datetime NOT NULL
) ENGINE=InnoDB DEFAULT CHARSET=utf8;

-- --------------------------------------------------------

--
-- Struktur dari tabel `issue_galleys`
--

CREATE TABLE `issue_galleys` (
  `galley_id` bigint(20) NOT NULL,
  `locale` varchar(14) DEFAULT NULL,
  `issue_id` bigint(20) NOT NULL,
  `file_id` bigint(20) NOT NULL,
  `label` varchar(32) DEFAULT NULL,
  `seq` double NOT NULL DEFAULT '0'
) ENGINE=InnoDB DEFAULT CHARSET=utf8;

-- --------------------------------------------------------

--
-- Struktur dari tabel `issue_galley_settings`
--

CREATE TABLE `issue_galley_settings` (
  `galley_id` bigint(20) NOT NULL,
  `locale` varchar(14) NOT NULL DEFAULT '',
  `setting_name` varchar(255) NOT NULL,
  `setting_value` text,
  `setting_type` varchar(6) NOT NULL
) ENGINE=InnoDB DEFAULT CHARSET=utf8;

-- --------------------------------------------------------

--
-- Struktur dari tabel `issue_settings`
--

CREATE TABLE `issue_settings` (
  `issue_id` bigint(20) NOT NULL,
  `locale` varchar(14) NOT NULL DEFAULT '',
  `setting_name` varchar(255) NOT NULL,
  `setting_value` text,
  `setting_type` varchar(6) NOT NULL
) ENGINE=InnoDB DEFAULT CHARSET=utf8;

--
-- Dumping data untuk tabel `issue_settings`
--

INSERT INTO `issue_settings` (`issue_id`, `locale`, `setting_name`, `setting_value`, `setting_type`) VALUES
(2, 'en_US', 'description', '', 'string'),
(2, 'en_US', 'title', 'JURNAL PENGABDIAN KEPADA MASYARAKAT', 'string'),
(2, 'id_ID', 'description', '', 'string'),
(2, 'id_ID', 'title', 'JURNAL PENGABDIAN KEPADA MASYARAKAT', 'string'),
(3, 'en_US', 'description', '', 'string'),
(3, 'en_US', 'title', 'JURNAL PENGABDIAN KEPADA MASYARAKAT', 'string'),
(3, 'id_ID', 'description', '', 'string'),
(3, 'id_ID', 'title', 'JURNAL PENGABDIAN KEPADA MASYARAKAT', 'string');

-- --------------------------------------------------------

--
-- Struktur dari tabel `item_views`
--

CREATE TABLE `item_views` (
  `assoc_type` bigint(20) NOT NULL,
  `assoc_id` varchar(32) NOT NULL,
  `user_id` bigint(20) DEFAULT NULL,
  `date_last_viewed` datetime DEFAULT NULL
) ENGINE=InnoDB DEFAULT CHARSET=utf8;

-- --------------------------------------------------------

--
-- Struktur dari tabel `journals`
--

CREATE TABLE `journals` (
  `journal_id` bigint(20) NOT NULL,
  `path` varchar(32) NOT NULL,
  `seq` double NOT NULL DEFAULT '0',
  `primary_locale` varchar(14) NOT NULL,
  `enabled` tinyint(4) NOT NULL DEFAULT '1'
) ENGINE=InnoDB DEFAULT CHARSET=utf8;

--
-- Dumping data untuk tabel `journals`
--

INSERT INTO `journals` (`journal_id`, `path`, `seq`, `primary_locale`, `enabled`) VALUES
(1, 'tes', 27, 'en_US', 1),
(2, 'jip', 25, 'en_US', 1),
(3, 'jraam', 23, 'en_US', 1),
(4, 'jtkl', 21, 'en_US', 1),
(5, 'jetm', 19, 'en_US', 1),
(6, 'jlt', 17, 'en_US', 1),
(7, 'distilat', 15, 'en_US', 1),
(8, 'elposys', 13, 'en_US', 1),
(9, 'jartel', 11, 'en_US', 1),
(10, 'jab', 9, 'en_US', 1),
(11, 'prokons', 7, 'en_US', 1),
(12, 'iap', 5, 'en_US', 1),
(13, 'jtia', 3, 'en_US', 1),
(14, 'jp2m', 1, 'en_US', 1);

-- --------------------------------------------------------

--
-- Struktur dari tabel `journal_settings`
--

CREATE TABLE `journal_settings` (
  `journal_id` bigint(20) NOT NULL,
  `locale` varchar(14) NOT NULL DEFAULT '',
  `setting_name` varchar(255) NOT NULL,
  `setting_value` text,
  `setting_type` varchar(6) NOT NULL
) ENGINE=InnoDB DEFAULT CHARSET=utf8;

--
-- Dumping data untuk tabel `journal_settings`
--

INSERT INTO `journal_settings` (`journal_id`, `locale`, `setting_name`, `setting_value`, `setting_type`) VALUES
(1, '', 'copyrightYearBasis', 'issue', 'string'),
(1, '', 'defaultReviewMode', '2', 'int'),
(1, '', 'emailSignature', '<br/>\n________________________________________________________________________<br/>\n<a href=\"{$contextUrl}\">{$contextName}</a>', 'string'),
(1, '', 'enableOai', '1', 'bool'),
(1, '', 'itemsPerPage', '25', 'int'),
(1, '', 'keywordsEnabledSubmission', '1', 'bool'),
(1, '', 'keywordsEnabledWorkflow', '1', 'bool'),
(1, '', 'membershipFee', '0', 'int'),
(1, '', 'navItems', 'N;', 'object'),
(1, '', 'numPageLinks', '10', 'int'),
(1, '', 'numWeeksPerReview', '4', 'int'),
(1, '', 'publicationFee', '0', 'int'),
(1, '', 'purchaseArticleFee', '0', 'int'),
(1, '', 'reviewerAccessKeysEnabled', '1', 'bool'),
(1, '', 'supportedFormLocales', 'a:1:{i:0;s:5:\"en_US\";}', 'object'),
(1, '', 'supportedLocales', 'a:1:{i:1;s:5:\"en_US\";}', 'object'),
(1, '', 'supportedSubmissionLocales', 'a:1:{i:0;s:5:\"en_US\";}', 'object'),
(1, '', 'themePluginPath', 'default', 'string'),
(1, 'en_US', 'authorInformation', 'Interested in submitting to this journal? We recommend that you review the <a href=\"http://localhost/eltek/index.php/tes/about\">About the Journal</a> page for the journal\'s section policies, as well as the <a href=\"http://localhost/eltek/index.php/tes/about/submissions#authorGuidelines\">Author Guidelines</a>. Authors need to <a href=\"http://localhost/eltek/index.php/tes/user/register\">register</a> with the journal prior to submitting or, if already registered, can simply <a href=\"http://localhost/eltek/index.php/index/login\">log in</a> and begin the five-step process.', 'string'),
(1, 'en_US', 'authorSelfArchivePolicy', 'This journal permits and encourages authors to post items submitted to the journal on personal websites or institutional repositories both prior to and after publication, while providing bibliographic details that credit, if applicable, its publication in this journal.', 'string'),
(1, 'en_US', 'clockssLicense', 'This journal utilizes the CLOCKSS system to create a distributed archiving system among participating libraries and permits those libraries to create permanent archives of the journal for purposes of preservation and restoration. <a href=\"http://clockss.org/\">More...</a>', 'string'),
(1, 'en_US', 'copyeditInstructions', 'The copyediting stage is intended to improve the flow, clarity, grammar, wording, and formatting of the article. It represents the last chance for the author to make any substantial changes to the text because the next stage is restricted to typos and formatting corrections.\n\nThe file to be copyedited is in Word or .rtf format and therefore can easily be edited as a word processing document. The set of instructions displayed here proposes two approaches to copyediting. One is based on Microsoft Word\'s Track Changes feature and requires that the copy editor, editor, and author have access to this program. A second system, which is software independent, has been borrowed, with permission, from the Harvard Educational Review. The journal editor is in a position to modify these instructions, so suggestions can be made to improve the process for this journal.\n\n\n<h4>Copyediting Systems</h4>\n\n<strong>1. Microsoft Word\'s Track Changes</strong>\n\nUnder Tools in the menu bar, the feature Track Changes enables the copy editor to make insertions (text appears in color) and deletions (text appears crossed out in color or in the margins as deleted). The copy editor can posit queries to both the author (Author Queries) and to the editor (Editor Queries) by inserting these queries in square brackets. The copyedited version is then uploaded, and the editor is notified. The editor then reviews the text and notifies the author.\n\nThe editor and author should leave those changes with which they are satisfied. If further changes are necessary, the editor and author can make changes to the initial insertions or deletions, as well as make new insertions or deletions elsewhere in the text. Authors and editors should respond to each of the queries addressed to them, with responses placed inside the square brackets.\n\nAfter the text has been reviewed by editor and author, the copy editor will make a final pass over the text accepting the changes in preparation for the layout and galley stage.\n\n\n<strong>2. Harvard Educational Review</strong>\n\n<strong>Instructions for Making Electronic Revisions to the Manuscript</strong>\n\nPlease follow the following protocol for making electronic revisions to your manuscript:\n\n<strong>Responding to suggested changes.</strong>\n&nbsp; For each of the suggested changes that you accept, unbold the text.\n&nbsp; For each of the suggested changes that you do not accept, re-enter the original text and <strong>bold</strong> it.\n\n<strong>Making additions and deletions.</strong>\n&nbsp; Indicate additions by <strong>bolding</strong> the new text.\n&nbsp; Replace deleted sections with: <strong>[deleted text]</strong>.\n&nbsp; If you delete one or more sentence, please indicate with a note, e.g., <strong>[deleted 2 sentences]</strong>.\n\n<strong>Responding to Queries to the Author (QAs).</strong>\n&nbsp; Keep all QAs intact and bolded within the text. Do not delete them.\n&nbsp; To reply to a QA, add a comment after it. Comments should be delimited using:\n<strong>[Comment:]</strong>\n&nbsp; e.g., <strong>[Comment: Expanded discussion of methodology as you suggested]</strong>.\n\n<strong>Making comments.</strong>\n&nbsp; Use comments to explain organizational changes or major revisions\n&nbsp; e.g., <strong>[Comment: Moved the above paragraph from p. 5 to p. 7].</strong>\n&nbsp; Note: When referring to page numbers, please use the page numbers from the printed copy of the manuscript that was sent to you. This is important since page numbers may change as a document is revised electronically.\n\n<h4>An Illustration of an Electronic Revision</h4>\n\n<ol>\n<li><strong>Initial copyedit.</strong> The journal copy editor will edit the text to improve flow, clarity, grammar, wording, and formatting, as well as including author queries as necessary. Once the initial edit is complete, the copy editor will upload the revised document through the journal Web site and notify the author that the edited manuscript is available for review.</li>\n<li><strong>Author copyedit.</strong> Before making dramatic departures from the structure and organization of the edited manuscript, authors must check in with the editors who are co-chairing the piece. Authors should accept/reject any changes made during the initial copyediting, as appropriate, and respond to all author queries. When finished with the revisions, authors should rename the file from AuthorNameQA.doc to AuthorNameQAR.doc (e.g., from LeeQA.doc to LeeQAR.doc) and upload the revised document through the journal Web site as directed.</li>\n<li><strong>Final copyedit.</strong> The journal copy editor will verify changes made by the author and incorporate the responses to the author queries to create a final manuscript. When finished, the copy editor will upload the final document through the journal Web site and alert the layout editor to complete formatting.</li>\n</ol>', 'string'),
(1, 'en_US', 'description', '<p>tes</p>', 'string'),
(1, 'en_US', 'librarianInformation', 'We encourage research librarians to list this journal among their library\'s electronic journal holdings. As well, it may be worth noting that this journal\'s open source publishing system is suitable for libraries to host for their faculty members to use with journals they are involved in editing (see <a href=\"http://pkp.sfu.ca/ojs\">Open Journal Systems</a>).', 'string'),
(1, 'en_US', 'lockssLicense', 'This journal utilizes the LOCKSS system to create a distributed archiving system among participating libraries and permits those libraries to create permanent archives of the journal for purposes of preservation and restoration. <a href=\"http://www.lockss.org/\">More...</a>', 'string'),
(1, 'en_US', 'name', 'Journal Eltek', 'string'),
(1, 'en_US', 'openAccessPolicy', 'This journal provides immediate open access to its content on the principle that making research freely available to the public supports a greater global exchange of knowledge.', 'string'),
(1, 'en_US', 'pageFooter', '<p><strong>Editorial Office:</strong></p>\r\n<p>Jurnal Eltek</p>\r\n<p>Teknik Elektro<br>Politeknik Negeri Malang<br>Jl. S. Supriadi No. 48 Malang Jawa Timur, Indonesia<br>Telp. (0341) 801488 (ext 340)</p>\r\n<p>Email: p2m@polinema.ac.id</p>', 'string'),
(1, 'en_US', 'privacyStatement', '<p>The names and email addresses entered in this journal site will be used exclusively for the stated purposes of this journal and will not be made available for any other purpose or to any other party.</p>', 'string'),
(1, 'en_US', 'proofInstructions', '<p>The proofreading stage is intended to catch any errors in the galley\'s spelling, grammar, and formatting. More substantial changes cannot be made at this stage, unless discussed with the Section Editor. In Layout, click on VIEW PROOF to see the HTML, PDF, and other available file formats used in publishing this item.</p>\n	<h4>For Spelling and Grammar Errors</h4>\n\n	<p>Copy the problem word or groups of words and paste them into the Proofreading Corrections box with \"CHANGE-TO\" instructions to the editor as follows:</p>\n\n	<pre>1. CHANGE...\n	then the others\n	TO...\n	than the others</pre>\n	<br />\n	<pre>2. CHANGE...\n	Malinowsky\n	TO...\n	Malinowski</pre>\n	<br />\n\n	<h4>For Formatting Errors</h4>\n\n	<p>Describe the location and nature of the problem in the Proofreading Corrections box after typing in the title \"FORMATTING\" as follows:</p>\n	<br />\n	<pre>3. FORMATTING\n	The numbers in Table 3 are not aligned in the third column.</pre>\n	<br />\n	<pre>4. FORMATTING\n	The paragraph that begins \"This last topic...\" is not indented.</pre>', 'string'),
(1, 'en_US', 'readerInformation', 'We encourage readers to sign up for the publishing notification service for this journal. Use the <a href=\"http://localhost/eltek/index.php/tes/user/register\">Register</a> link at the top of the home page for the journal. This registration will result in the reader receiving the Table of Contents by email for each new issue of the journal. This list also allows the journal to claim a certain level of support or readership. See the journal\'s <a href=\"http://localhost/eltek/index.php/tes/about/submissions#privacyStatement\">Privacy Statement</a>, which assures readers that their name and email address will not be used for other purposes.', 'string'),
(1, 'en_US', 'refLinkInstructions', '<h4>To Add Reference Linking to the Layout Process</h4>\n	<p>When turning a submission into HTML or PDF, make sure that all hyperlinks in the submission are active.</p>\n	<h4>A. When the Author Provides a Link with the Reference</h4>\n	<ol>\n	<li>While the submission is still in its word processing format (e.g., Word), add the phrase VIEW ITEM to the end of the reference that has a URL.</li>\n	<li>Turn that phrase into a hyperlink by highlighting it and using Word\'s Insert Hyperlink tool and the URL prepared in #2.</li>\n	</ol>\n	<h4>B. Enabling Readers to Search Google Scholar For References</h4>\n	<ol>\n		<li>While the submission is still in its word processing format (e.g., Word), copy the title of the work referenced in the References list (if it appears to be too common a titlee.g., \"Peace\"then copy author and title).</li>\n		<li>Paste the reference\'s title between the %22\'s, placing a + between each word: http://scholar.google.com/scholar?q=%22PASTE+TITLE+HERE%22&hl=en&lr=&btnG=Search.</li>\n\n	<li>Add the phrase GS SEARCH to the end of each citation in the submission\'s References list.</li>\n	<li>Turn that phrase into a hyperlink by highlighting it and using Word\'s Insert Hyperlink tool and the URL prepared in #2.</li>\n	</ol>\n	<h4>C. Enabling Readers to Search for References with a DOI</h4>\n	<ol>\n	<li>While the submission is still in Word, copy a batch of references into CrossRef Text Query http://www.crossref.org/freeTextQuery/.</li>\n	<li>Paste each DOI that the Query provides in the following URL (between = and &): http://www.cmaj.ca/cgi/external_ref?access_num=PASTE DOI#HERE&link_type=DOI.</li>\n	<li>Add the phrase CrossRef to the end of each citation in the submission\'s References list.</li>\n	<li>Turn that phrase into a hyperlink by highlighting the phrase and using Word\'s Insert Hyperlink tool and the appropriate URL prepared in #2.</li>\n	</ol>', 'string'),
(1, 'en_US', 'submissionChecklist', 'a:5:{i:0;a:2:{s:7:\"content\";s:165:\"The submission has not been previously published, nor is it before another journal for consideration (or an explanation has been provided in Comments to the Editor).\";s:5:\"order\";s:1:\"1\";}i:1;a:2:{s:7:\"content\";s:82:\"The submission file is in OpenOffice, Microsoft Word, or RTF document file format.\";s:5:\"order\";s:1:\"2\";}i:2;a:2:{s:7:\"content\";s:60:\"Where available, URLs for the references have been provided.\";s:5:\"order\";s:1:\"3\";}i:3;a:2:{s:7:\"content\";s:239:\"The text is single-spaced; uses a 12-point font; employs italics, rather than underlining (except with URL addresses); and all illustrations, figures, and tables are placed within the text at the appropriate points, rather than at the end.\";s:5:\"order\";s:1:\"4\";}i:4;a:2:{s:7:\"content\";s:99:\"The text adheres to the stylistic and bibliographic requirements outlined in the Author Guidelines.\";s:5:\"order\";s:1:\"5\";}}', 'object'),
(1, 'id_ID', 'description', '<p>tes</p>', 'string'),
(2, '', 'copyrightYearBasis', 'issue', 'string'),
(2, '', 'defaultReviewMode', '2', 'int'),
(2, '', 'emailSignature', '<br/>\n________________________________________________________________________<br/>\n<a href=\"{$contextUrl}\">{$contextName}</a>', 'string'),
(2, '', 'enableOai', '1', 'bool'),
(2, '', 'itemsPerPage', '25', 'int'),
(2, '', 'keywordsEnabledSubmission', '1', 'bool'),
(2, '', 'keywordsEnabledWorkflow', '1', 'bool'),
(2, '', 'membershipFee', '0', 'int'),
(2, '', 'navItems', 'N;', 'object'),
(2, '', 'numPageLinks', '10', 'int'),
(2, '', 'numWeeksPerReview', '4', 'int'),
(2, '', 'publicationFee', '0', 'int'),
(2, '', 'purchaseArticleFee', '0', 'int'),
(2, '', 'reviewerAccessKeysEnabled', '1', 'bool'),
(2, '', 'styleSheet', 'a:3:{s:4:\"name\";s:7:\"ojs.css\";s:10:\"uploadName\";s:14:\"styleSheet.css\";s:12:\"dateUploaded\";s:19:\"2020-06-07 12:14:34\";}', 'object'),
(2, '', 'supportedFormLocales', 'a:1:{i:0;s:5:\"en_US\";}', 'object'),
(2, '', 'supportedLocales', 'a:1:{i:1;s:5:\"en_US\";}', 'object'),
(2, '', 'supportedSubmissionLocales', 'a:1:{i:0;s:5:\"en_US\";}', 'object'),
(2, '', 'themePluginPath', 'default', 'string'),
(2, 'en_US', 'additionalHomeContent', '<p>Jurnal Informatika Polinema (JIP) Ditujukan sebagai sarana bagi peneliti, akademisi, dan praktisi untuk mempublikasikan hasil-hasil penelitian atau temuan, konsep dan ide terbaru mengenai Pengembangan Aplikasi Teknologi Informasi.</p>\r\n<p>Jurnal ini terbit setahun 4 kali (3 bulanan), dengan jumlah artikel 10-15 artikel setiap terbit. Bulan terbit artikel: No. 1. Nopember, No. 2. Februari, No. 3. Mei, No. 4. Agustus.</p>\r\n<p>Artikel yang terbit melalui proses review buta (double blind review process) dan pengecekan plagiarisme (plagiarism checker).</p>\r\n<p>Jurnal ini menggunakan Digital Archieving Policy : Public Knowledge Project Preservation Network (PKP PN)</p>\r\n<p>JIP Polinema memiliki Elektronik ISSN dengan nomer <a href=\"http://u.lipi.go.id/1525845106\" target=\"_blank\" rel=\"noopener\"><strong>2621-6371</strong></a> dan E-ISSN: 2407-070X&nbsp;serta Nomor DOI&nbsp;<em><strong>10.30xxx/jip</strong></em></p>\r\n<p>Template Artikel dapat diunduh&nbsp;<a href=\"https://drive.google.com/file/d/1t2vjKXewVbylzvx4ksK2hMYYA4Ai1o0z/view?usp=sharing\" target=\"_blank\" rel=\"noopener\"><em><strong>DISINI</strong></em></a></p>', 'string'),
(2, 'en_US', 'authorInformation', 'Interested in submitting to this journal? We recommend that you review the <a href=\"http://localhost/eltek/index.php/jip/about\">About the Journal</a> page for the journal\'s section policies, as well as the <a href=\"http://localhost/eltek/index.php/jip/about/submissions#authorGuidelines\">Author Guidelines</a>. Authors need to <a href=\"http://localhost/eltek/index.php/jip/user/register\">register</a> with the journal prior to submitting or, if already registered, can simply <a href=\"http://localhost/eltek/index.php/index/login\">log in</a> and begin the five-step process.', 'string'),
(2, 'en_US', 'authorSelfArchivePolicy', 'This journal permits and encourages authors to post items submitted to the journal on personal websites or institutional repositories both prior to and after publication, while providing bibliographic details that credit, if applicable, its publication in this journal.', 'string'),
(2, 'en_US', 'clockssLicense', 'This journal utilizes the CLOCKSS system to create a distributed archiving system among participating libraries and permits those libraries to create permanent archives of the journal for purposes of preservation and restoration. <a href=\"http://clockss.org/\">More...</a>', 'string'),
(2, 'en_US', 'copyeditInstructions', 'The copyediting stage is intended to improve the flow, clarity, grammar, wording, and formatting of the article. It represents the last chance for the author to make any substantial changes to the text because the next stage is restricted to typos and formatting corrections.\n\nThe file to be copyedited is in Word or .rtf format and therefore can easily be edited as a word processing document. The set of instructions displayed here proposes two approaches to copyediting. One is based on Microsoft Word\'s Track Changes feature and requires that the copy editor, editor, and author have access to this program. A second system, which is software independent, has been borrowed, with permission, from the Harvard Educational Review. The journal editor is in a position to modify these instructions, so suggestions can be made to improve the process for this journal.\n\n\n<h4>Copyediting Systems</h4>\n\n<strong>1. Microsoft Word\'s Track Changes</strong>\n\nUnder Tools in the menu bar, the feature Track Changes enables the copy editor to make insertions (text appears in color) and deletions (text appears crossed out in color or in the margins as deleted). The copy editor can posit queries to both the author (Author Queries) and to the editor (Editor Queries) by inserting these queries in square brackets. The copyedited version is then uploaded, and the editor is notified. The editor then reviews the text and notifies the author.\n\nThe editor and author should leave those changes with which they are satisfied. If further changes are necessary, the editor and author can make changes to the initial insertions or deletions, as well as make new insertions or deletions elsewhere in the text. Authors and editors should respond to each of the queries addressed to them, with responses placed inside the square brackets.\n\nAfter the text has been reviewed by editor and author, the copy editor will make a final pass over the text accepting the changes in preparation for the layout and galley stage.\n\n\n<strong>2. Harvard Educational Review</strong>\n\n<strong>Instructions for Making Electronic Revisions to the Manuscript</strong>\n\nPlease follow the following protocol for making electronic revisions to your manuscript:\n\n<strong>Responding to suggested changes.</strong>\n&nbsp; For each of the suggested changes that you accept, unbold the text.\n&nbsp; For each of the suggested changes that you do not accept, re-enter the original text and <strong>bold</strong> it.\n\n<strong>Making additions and deletions.</strong>\n&nbsp; Indicate additions by <strong>bolding</strong> the new text.\n&nbsp; Replace deleted sections with: <strong>[deleted text]</strong>.\n&nbsp; If you delete one or more sentence, please indicate with a note, e.g., <strong>[deleted 2 sentences]</strong>.\n\n<strong>Responding to Queries to the Author (QAs).</strong>\n&nbsp; Keep all QAs intact and bolded within the text. Do not delete them.\n&nbsp; To reply to a QA, add a comment after it. Comments should be delimited using:\n<strong>[Comment:]</strong>\n&nbsp; e.g., <strong>[Comment: Expanded discussion of methodology as you suggested]</strong>.\n\n<strong>Making comments.</strong>\n&nbsp; Use comments to explain organizational changes or major revisions\n&nbsp; e.g., <strong>[Comment: Moved the above paragraph from p. 5 to p. 7].</strong>\n&nbsp; Note: When referring to page numbers, please use the page numbers from the printed copy of the manuscript that was sent to you. This is important since page numbers may change as a document is revised electronically.\n\n<h4>An Illustration of an Electronic Revision</h4>\n\n<ol>\n<li><strong>Initial copyedit.</strong> The journal copy editor will edit the text to improve flow, clarity, grammar, wording, and formatting, as well as including author queries as necessary. Once the initial edit is complete, the copy editor will upload the revised document through the journal Web site and notify the author that the edited manuscript is available for review.</li>\n<li><strong>Author copyedit.</strong> Before making dramatic departures from the structure and organization of the edited manuscript, authors must check in with the editors who are co-chairing the piece. Authors should accept/reject any changes made during the initial copyediting, as appropriate, and respond to all author queries. When finished with the revisions, authors should rename the file from AuthorNameQA.doc to AuthorNameQAR.doc (e.g., from LeeQA.doc to LeeQAR.doc) and upload the revised document through the journal Web site as directed.</li>\n<li><strong>Final copyedit.</strong> The journal copy editor will verify changes made by the author and incorporate the responses to the author queries to create a final manuscript. When finished, the copy editor will upload the final document through the journal Web site and alert the layout editor to complete formatting.</li>\n</ol>', 'string'),
(2, 'en_US', 'description', '<p>JIP</p>', 'string'),
(2, 'en_US', 'journalThumbnail', 'a:6:{s:4:\"name\";s:15:\"Untitled-10.png\";s:10:\"uploadName\";s:26:\"journalThumbnail_en_US.png\";s:5:\"width\";i:1240;s:6:\"height\";i:1754;s:12:\"dateUploaded\";s:19:\"2020-06-15 02:47:13\";s:7:\"altText\";s:0:\"\";}', 'object'),
(2, 'en_US', 'librarianInformation', 'We encourage research librarians to list this journal among their library\'s electronic journal holdings. As well, it may be worth noting that this journal\'s open source publishing system is suitable for libraries to host for their faculty members to use with journals they are involved in editing (see <a href=\"http://pkp.sfu.ca/ojs\">Open Journal Systems</a>).', 'string'),
(2, 'en_US', 'lockssLicense', 'This journal utilizes the LOCKSS system to create a distributed archiving system among participating libraries and permits those libraries to create permanent archives of the journal for purposes of preservation and restoration. <a href=\"http://www.lockss.org/\">More...</a>', 'string'),
(2, 'en_US', 'name', 'Jurnal Informatika Polinema', 'string'),
(2, 'en_US', 'openAccessPolicy', 'This journal provides immediate open access to its content on the principle that making research freely available to the public supports a greater global exchange of knowledge.', 'string'),
(2, 'en_US', 'pageFooter', '<p><strong>Jurnal Informatika Polinema</strong><br>LPPM Politeknik Negeri Malang<br>Jl. Soekarno Hatta No.9, Jatimulyo, Kec. Lowokwaru<br>Malang, Prov. Jawa Timur, Indonesia, 65411<br>Telp. 0341 - 404424, upt.p2m@polinema.ac.id</p>', 'string'),
(2, 'en_US', 'pageHeaderLogoImage', 'a:6:{s:4:\"name\";s:7:\"jip.png\";s:10:\"uploadName\";s:29:\"pageHeaderLogoImage_en_US.png\";s:5:\"width\";i:5532;s:6:\"height\";i:1150;s:12:\"dateUploaded\";s:19:\"2020-06-09 06:16:39\";s:7:\"altText\";s:0:\"\";}', 'object'),
(2, 'en_US', 'privacyStatement', '<p>The names and email addresses entered in this journal site will be used exclusively for the stated purposes of this journal and will not be made available for any other purpose or to any other party.</p>', 'string'),
(2, 'en_US', 'proofInstructions', '<p>The proofreading stage is intended to catch any errors in the galley\'s spelling, grammar, and formatting. More substantial changes cannot be made at this stage, unless discussed with the Section Editor. In Layout, click on VIEW PROOF to see the HTML, PDF, and other available file formats used in publishing this item.</p>\n	<h4>For Spelling and Grammar Errors</h4>\n\n	<p>Copy the problem word or groups of words and paste them into the Proofreading Corrections box with \"CHANGE-TO\" instructions to the editor as follows:</p>\n\n	<pre>1. CHANGE...\n	then the others\n	TO...\n	than the others</pre>\n	<br />\n	<pre>2. CHANGE...\n	Malinowsky\n	TO...\n	Malinowski</pre>\n	<br />\n\n	<h4>For Formatting Errors</h4>\n\n	<p>Describe the location and nature of the problem in the Proofreading Corrections box after typing in the title \"FORMATTING\" as follows:</p>\n	<br />\n	<pre>3. FORMATTING\n	The numbers in Table 3 are not aligned in the third column.</pre>\n	<br />\n	<pre>4. FORMATTING\n	The paragraph that begins \"This last topic...\" is not indented.</pre>', 'string'),
(2, 'en_US', 'readerInformation', 'We encourage readers to sign up for the publishing notification service for this journal. Use the <a href=\"http://localhost/eltek/index.php/jip/user/register\">Register</a> link at the top of the home page for the journal. This registration will result in the reader receiving the Table of Contents by email for each new issue of the journal. This list also allows the journal to claim a certain level of support or readership. See the journal\'s <a href=\"http://localhost/eltek/index.php/jip/about/submissions#privacyStatement\">Privacy Statement</a>, which assures readers that their name and email address will not be used for other purposes.', 'string'),
(2, 'en_US', 'refLinkInstructions', '<h4>To Add Reference Linking to the Layout Process</h4>\n	<p>When turning a submission into HTML or PDF, make sure that all hyperlinks in the submission are active.</p>\n	<h4>A. When the Author Provides a Link with the Reference</h4>\n	<ol>\n	<li>While the submission is still in its word processing format (e.g., Word), add the phrase VIEW ITEM to the end of the reference that has a URL.</li>\n	<li>Turn that phrase into a hyperlink by highlighting it and using Word\'s Insert Hyperlink tool and the URL prepared in #2.</li>\n	</ol>\n	<h4>B. Enabling Readers to Search Google Scholar For References</h4>\n	<ol>\n		<li>While the submission is still in its word processing format (e.g., Word), copy the title of the work referenced in the References list (if it appears to be too common a titlee.g., \"Peace\"then copy author and title).</li>\n		<li>Paste the reference\'s title between the %22\'s, placing a + between each word: http://scholar.google.com/scholar?q=%22PASTE+TITLE+HERE%22&hl=en&lr=&btnG=Search.</li>\n\n	<li>Add the phrase GS SEARCH to the end of each citation in the submission\'s References list.</li>\n	<li>Turn that phrase into a hyperlink by highlighting it and using Word\'s Insert Hyperlink tool and the URL prepared in #2.</li>\n	</ol>\n	<h4>C. Enabling Readers to Search for References with a DOI</h4>\n	<ol>\n	<li>While the submission is still in Word, copy a batch of references into CrossRef Text Query http://www.crossref.org/freeTextQuery/.</li>\n	<li>Paste each DOI that the Query provides in the following URL (between = and &): http://www.cmaj.ca/cgi/external_ref?access_num=PASTE DOI#HERE&link_type=DOI.</li>\n	<li>Add the phrase CrossRef to the end of each citation in the submission\'s References list.</li>\n	<li>Turn that phrase into a hyperlink by highlighting the phrase and using Word\'s Insert Hyperlink tool and the appropriate URL prepared in #2.</li>\n	</ol>', 'string'),
(2, 'en_US', 'submissionChecklist', 'a:5:{i:0;a:2:{s:7:\"content\";s:165:\"The submission has not been previously published, nor is it before another journal for consideration (or an explanation has been provided in Comments to the Editor).\";s:5:\"order\";s:1:\"1\";}i:1;a:2:{s:7:\"content\";s:82:\"The submission file is in OpenOffice, Microsoft Word, or RTF document file format.\";s:5:\"order\";s:1:\"2\";}i:2;a:2:{s:7:\"content\";s:60:\"Where available, URLs for the references have been provided.\";s:5:\"order\";s:1:\"3\";}i:3;a:2:{s:7:\"content\";s:239:\"The text is single-spaced; uses a 12-point font; employs italics, rather than underlining (except with URL addresses); and all illustrations, figures, and tables are placed within the text at the appropriate points, rather than at the end.\";s:5:\"order\";s:1:\"4\";}i:4;a:2:{s:7:\"content\";s:99:\"The text adheres to the stylistic and bibliographic requirements outlined in the Author Guidelines.\";s:5:\"order\";s:1:\"5\";}}', 'object'),
(3, '', 'copyrightYearBasis', 'issue', 'string'),
(3, '', 'defaultReviewMode', '2', 'int'),
(3, '', 'emailSignature', '<br/>\n________________________________________________________________________<br/>\n<a href=\"{$contextUrl}\">{$contextName}</a>', 'string'),
(3, '', 'enableOai', '1', 'bool'),
(3, '', 'itemsPerPage', '25', 'int'),
(3, '', 'keywordsEnabledSubmission', '1', 'bool'),
(3, '', 'keywordsEnabledWorkflow', '1', 'bool'),
(3, '', 'membershipFee', '0', 'int'),
(3, '', 'numPageLinks', '10', 'int'),
(3, '', 'numWeeksPerReview', '4', 'int'),
(3, '', 'publicationFee', '0', 'int'),
(3, '', 'purchaseArticleFee', '0', 'int'),
(3, '', 'reviewerAccessKeysEnabled', '1', 'bool'),
(3, '', 'supportedFormLocales', 'a:1:{i:0;s:5:\"en_US\";}', 'object'),
(3, '', 'supportedLocales', 'a:2:{i:0;s:5:\"en_US\";i:1;s:5:\"id_ID\";}', 'object'),
(3, '', 'supportedSubmissionLocales', 'a:1:{i:0;s:5:\"en_US\";}', 'object'),
(3, '', 'themePluginPath', 'default', 'string'),
(3, 'en_US', 'authorInformation', 'Interested in submitting to this journal? We recommend that you review the <a href=\"http://localhost/eltek/index.php/jraam/about\">About the Journal</a> page for the journal\'s section policies, as well as the <a href=\"http://localhost/eltek/index.php/jraam/about/submissions#authorGuidelines\">Author Guidelines</a>. Authors need to <a href=\"http://localhost/eltek/index.php/jraam/user/register\">register</a> with the journal prior to submitting or, if already registered, can simply <a href=\"http://localhost/eltek/index.php/index/login\">log in</a> and begin the five-step process.', 'string'),
(3, 'en_US', 'authorSelfArchivePolicy', 'This journal permits and encourages authors to post items submitted to the journal on personal websites or institutional repositories both prior to and after publication, while providing bibliographic details that credit, if applicable, its publication in this journal.', 'string'),
(3, 'en_US', 'clockssLicense', 'This journal utilizes the CLOCKSS system to create a distributed archiving system among participating libraries and permits those libraries to create permanent archives of the journal for purposes of preservation and restoration. <a href=\"http://clockss.org/\">More...</a>', 'string'),
(3, 'en_US', 'copyeditInstructions', 'The copyediting stage is intended to improve the flow, clarity, grammar, wording, and formatting of the article. It represents the last chance for the author to make any substantial changes to the text because the next stage is restricted to typos and formatting corrections.\n\nThe file to be copyedited is in Word or .rtf format and therefore can easily be edited as a word processing document. The set of instructions displayed here proposes two approaches to copyediting. One is based on Microsoft Word\'s Track Changes feature and requires that the copy editor, editor, and author have access to this program. A second system, which is software independent, has been borrowed, with permission, from the Harvard Educational Review. The journal editor is in a position to modify these instructions, so suggestions can be made to improve the process for this journal.\n\n\n<h4>Copyediting Systems</h4>\n\n<strong>1. Microsoft Word\'s Track Changes</strong>\n\nUnder Tools in the menu bar, the feature Track Changes enables the copy editor to make insertions (text appears in color) and deletions (text appears crossed out in color or in the margins as deleted). The copy editor can posit queries to both the author (Author Queries) and to the editor (Editor Queries) by inserting these queries in square brackets. The copyedited version is then uploaded, and the editor is notified. The editor then reviews the text and notifies the author.\n\nThe editor and author should leave those changes with which they are satisfied. If further changes are necessary, the editor and author can make changes to the initial insertions or deletions, as well as make new insertions or deletions elsewhere in the text. Authors and editors should respond to each of the queries addressed to them, with responses placed inside the square brackets.\n\nAfter the text has been reviewed by editor and author, the copy editor will make a final pass over the text accepting the changes in preparation for the layout and galley stage.\n\n\n<strong>2. Harvard Educational Review</strong>\n\n<strong>Instructions for Making Electronic Revisions to the Manuscript</strong>\n\nPlease follow the following protocol for making electronic revisions to your manuscript:\n\n<strong>Responding to suggested changes.</strong>\n&nbsp; For each of the suggested changes that you accept, unbold the text.\n&nbsp; For each of the suggested changes that you do not accept, re-enter the original text and <strong>bold</strong> it.\n\n<strong>Making additions and deletions.</strong>\n&nbsp; Indicate additions by <strong>bolding</strong> the new text.\n&nbsp; Replace deleted sections with: <strong>[deleted text]</strong>.\n&nbsp; If you delete one or more sentence, please indicate with a note, e.g., <strong>[deleted 2 sentences]</strong>.\n\n<strong>Responding to Queries to the Author (QAs).</strong>\n&nbsp; Keep all QAs intact and bolded within the text. Do not delete them.\n&nbsp; To reply to a QA, add a comment after it. Comments should be delimited using:\n<strong>[Comment:]</strong>\n&nbsp; e.g., <strong>[Comment: Expanded discussion of methodology as you suggested]</strong>.\n\n<strong>Making comments.</strong>\n&nbsp; Use comments to explain organizational changes or major revisions\n&nbsp; e.g., <strong>[Comment: Moved the above paragraph from p. 5 to p. 7].</strong>\n&nbsp; Note: When referring to page numbers, please use the page numbers from the printed copy of the manuscript that was sent to you. This is important since page numbers may change as a document is revised electronically.\n\n<h4>An Illustration of an Electronic Revision</h4>\n\n<ol>\n<li><strong>Initial copyedit.</strong> The journal copy editor will edit the text to improve flow, clarity, grammar, wording, and formatting, as well as including author queries as necessary. Once the initial edit is complete, the copy editor will upload the revised document through the journal Web site and notify the author that the edited manuscript is available for review.</li>\n<li><strong>Author copyedit.</strong> Before making dramatic departures from the structure and organization of the edited manuscript, authors must check in with the editors who are co-chairing the piece. Authors should accept/reject any changes made during the initial copyediting, as appropriate, and respond to all author queries. When finished with the revisions, authors should rename the file from AuthorNameQA.doc to AuthorNameQAR.doc (e.g., from LeeQA.doc to LeeQAR.doc) and upload the revised document through the journal Web site as directed.</li>\n<li><strong>Final copyedit.</strong> The journal copy editor will verify changes made by the author and incorporate the responses to the author queries to create a final manuscript. When finished, the copy editor will upload the final document through the journal Web site and alert the layout editor to complete formatting.</li>\n</ol>', 'string'),
(3, 'en_US', 'librarianInformation', 'We encourage research librarians to list this journal among their library\'s electronic journal holdings. As well, it may be worth noting that this journal\'s open source publishing system is suitable for libraries to host for their faculty members to use with journals they are involved in editing (see <a href=\"http://pkp.sfu.ca/ojs\">Open Journal Systems</a>).', 'string'),
(3, 'en_US', 'lockssLicense', 'This journal utilizes the LOCKSS system to create a distributed archiving system among participating libraries and permits those libraries to create permanent archives of the journal for purposes of preservation and restoration. <a href=\"http://www.lockss.org/\">More...</a>', 'string'),
(3, 'en_US', 'name', 'JRAAM', 'string'),
(3, 'en_US', 'openAccessPolicy', 'This journal provides immediate open access to its content on the principle that making research freely available to the public supports a greater global exchange of knowledge.', 'string'),
(3, 'en_US', 'privacyStatement', '<p>The names and email addresses entered in this journal site will be used exclusively for the stated purposes of this journal and will not be made available for any other purpose or to any other party.</p>', 'string'),
(3, 'en_US', 'proofInstructions', '<p>The proofreading stage is intended to catch any errors in the galley\'s spelling, grammar, and formatting. More substantial changes cannot be made at this stage, unless discussed with the Section Editor. In Layout, click on VIEW PROOF to see the HTML, PDF, and other available file formats used in publishing this item.</p>\n	<h4>For Spelling and Grammar Errors</h4>\n\n	<p>Copy the problem word or groups of words and paste them into the Proofreading Corrections box with \"CHANGE-TO\" instructions to the editor as follows:</p>\n\n	<pre>1. CHANGE...\n	then the others\n	TO...\n	than the others</pre>\n	<br />\n	<pre>2. CHANGE...\n	Malinowsky\n	TO...\n	Malinowski</pre>\n	<br />\n\n	<h4>For Formatting Errors</h4>\n\n	<p>Describe the location and nature of the problem in the Proofreading Corrections box after typing in the title \"FORMATTING\" as follows:</p>\n	<br />\n	<pre>3. FORMATTING\n	The numbers in Table 3 are not aligned in the third column.</pre>\n	<br />\n	<pre>4. FORMATTING\n	The paragraph that begins \"This last topic...\" is not indented.</pre>', 'string'),
(3, 'en_US', 'readerInformation', 'We encourage readers to sign up for the publishing notification service for this journal. Use the <a href=\"http://localhost/eltek/index.php/jraam/user/register\">Register</a> link at the top of the home page for the journal. This registration will result in the reader receiving the Table of Contents by email for each new issue of the journal. This list also allows the journal to claim a certain level of support or readership. See the journal\'s <a href=\"http://localhost/eltek/index.php/jraam/about/submissions#privacyStatement\">Privacy Statement</a>, which assures readers that their name and email address will not be used for other purposes.', 'string'),
(3, 'en_US', 'refLinkInstructions', '<h4>To Add Reference Linking to the Layout Process</h4>\n	<p>When turning a submission into HTML or PDF, make sure that all hyperlinks in the submission are active.</p>\n	<h4>A. When the Author Provides a Link with the Reference</h4>\n	<ol>\n	<li>While the submission is still in its word processing format (e.g., Word), add the phrase VIEW ITEM to the end of the reference that has a URL.</li>\n	<li>Turn that phrase into a hyperlink by highlighting it and using Word\'s Insert Hyperlink tool and the URL prepared in #2.</li>\n	</ol>\n	<h4>B. Enabling Readers to Search Google Scholar For References</h4>\n	<ol>\n		<li>While the submission is still in its word processing format (e.g., Word), copy the title of the work referenced in the References list (if it appears to be too common a titlee.g., \"Peace\"then copy author and title).</li>\n		<li>Paste the reference\'s title between the %22\'s, placing a + between each word: http://scholar.google.com/scholar?q=%22PASTE+TITLE+HERE%22&hl=en&lr=&btnG=Search.</li>\n\n	<li>Add the phrase GS SEARCH to the end of each citation in the submission\'s References list.</li>\n	<li>Turn that phrase into a hyperlink by highlighting it and using Word\'s Insert Hyperlink tool and the URL prepared in #2.</li>\n	</ol>\n	<h4>C. Enabling Readers to Search for References with a DOI</h4>\n	<ol>\n	<li>While the submission is still in Word, copy a batch of references into CrossRef Text Query http://www.crossref.org/freeTextQuery/.</li>\n	<li>Paste each DOI that the Query provides in the following URL (between = and &): http://www.cmaj.ca/cgi/external_ref?access_num=PASTE DOI#HERE&link_type=DOI.</li>\n	<li>Add the phrase CrossRef to the end of each citation in the submission\'s References list.</li>\n	<li>Turn that phrase into a hyperlink by highlighting the phrase and using Word\'s Insert Hyperlink tool and the appropriate URL prepared in #2.</li>\n	</ol>', 'string'),
(3, 'en_US', 'submissionChecklist', 'a:5:{i:0;a:2:{s:7:\"content\";s:165:\"The submission has not been previously published, nor is it before another journal for consideration (or an explanation has been provided in Comments to the Editor).\";s:5:\"order\";s:1:\"1\";}i:1;a:2:{s:7:\"content\";s:82:\"The submission file is in OpenOffice, Microsoft Word, or RTF document file format.\";s:5:\"order\";s:1:\"2\";}i:2;a:2:{s:7:\"content\";s:60:\"Where available, URLs for the references have been provided.\";s:5:\"order\";s:1:\"3\";}i:3;a:2:{s:7:\"content\";s:239:\"The text is single-spaced; uses a 12-point font; employs italics, rather than underlining (except with URL addresses); and all illustrations, figures, and tables are placed within the text at the appropriate points, rather than at the end.\";s:5:\"order\";s:1:\"4\";}i:4;a:2:{s:7:\"content\";s:99:\"The text adheres to the stylistic and bibliographic requirements outlined in the Author Guidelines.\";s:5:\"order\";s:1:\"5\";}}', 'object'),
(4, '', 'copyrightYearBasis', 'issue', 'string'),
(4, '', 'defaultReviewMode', '2', 'int'),
(4, '', 'emailSignature', '<br/>\n________________________________________________________________________<br/>\n<a href=\"{$contextUrl}\">{$contextName}</a>', 'string'),
(4, '', 'enableOai', '1', 'bool'),
(4, '', 'itemsPerPage', '25', 'int'),
(4, '', 'keywordsEnabledSubmission', '1', 'bool'),
(4, '', 'keywordsEnabledWorkflow', '1', 'bool'),
(4, '', 'membershipFee', '0', 'int'),
(4, '', 'numPageLinks', '10', 'int'),
(4, '', 'numWeeksPerReview', '4', 'int'),
(4, '', 'publicationFee', '0', 'int'),
(4, '', 'purchaseArticleFee', '0', 'int'),
(4, '', 'reviewerAccessKeysEnabled', '1', 'bool'),
(4, '', 'supportedFormLocales', 'a:1:{i:0;s:5:\"en_US\";}', 'object'),
(4, '', 'supportedLocales', 'a:2:{i:0;s:5:\"en_US\";i:1;s:5:\"id_ID\";}', 'object'),
(4, '', 'supportedSubmissionLocales', 'a:1:{i:0;s:5:\"en_US\";}', 'object'),
(4, '', 'themePluginPath', 'default', 'string'),
(4, 'en_US', 'authorInformation', 'Interested in submitting to this journal? We recommend that you review the <a href=\"http://localhost/eltek/index.php/jtkl/about\">About the Journal</a> page for the journal\'s section policies, as well as the <a href=\"http://localhost/eltek/index.php/jtkl/about/submissions#authorGuidelines\">Author Guidelines</a>. Authors need to <a href=\"http://localhost/eltek/index.php/jtkl/user/register\">register</a> with the journal prior to submitting or, if already registered, can simply <a href=\"http://localhost/eltek/index.php/index/login\">log in</a> and begin the five-step process.', 'string'),
(4, 'en_US', 'authorSelfArchivePolicy', 'This journal permits and encourages authors to post items submitted to the journal on personal websites or institutional repositories both prior to and after publication, while providing bibliographic details that credit, if applicable, its publication in this journal.', 'string'),
(4, 'en_US', 'clockssLicense', 'This journal utilizes the CLOCKSS system to create a distributed archiving system among participating libraries and permits those libraries to create permanent archives of the journal for purposes of preservation and restoration. <a href=\"http://clockss.org/\">More...</a>', 'string'),
(4, 'en_US', 'copyeditInstructions', 'The copyediting stage is intended to improve the flow, clarity, grammar, wording, and formatting of the article. It represents the last chance for the author to make any substantial changes to the text because the next stage is restricted to typos and formatting corrections.\n\nThe file to be copyedited is in Word or .rtf format and therefore can easily be edited as a word processing document. The set of instructions displayed here proposes two approaches to copyediting. One is based on Microsoft Word\'s Track Changes feature and requires that the copy editor, editor, and author have access to this program. A second system, which is software independent, has been borrowed, with permission, from the Harvard Educational Review. The journal editor is in a position to modify these instructions, so suggestions can be made to improve the process for this journal.\n\n\n<h4>Copyediting Systems</h4>\n\n<strong>1. Microsoft Word\'s Track Changes</strong>\n\nUnder Tools in the menu bar, the feature Track Changes enables the copy editor to make insertions (text appears in color) and deletions (text appears crossed out in color or in the margins as deleted). The copy editor can posit queries to both the author (Author Queries) and to the editor (Editor Queries) by inserting these queries in square brackets. The copyedited version is then uploaded, and the editor is notified. The editor then reviews the text and notifies the author.\n\nThe editor and author should leave those changes with which they are satisfied. If further changes are necessary, the editor and author can make changes to the initial insertions or deletions, as well as make new insertions or deletions elsewhere in the text. Authors and editors should respond to each of the queries addressed to them, with responses placed inside the square brackets.\n\nAfter the text has been reviewed by editor and author, the copy editor will make a final pass over the text accepting the changes in preparation for the layout and galley stage.\n\n\n<strong>2. Harvard Educational Review</strong>\n\n<strong>Instructions for Making Electronic Revisions to the Manuscript</strong>\n\nPlease follow the following protocol for making electronic revisions to your manuscript:\n\n<strong>Responding to suggested changes.</strong>\n&nbsp; For each of the suggested changes that you accept, unbold the text.\n&nbsp; For each of the suggested changes that you do not accept, re-enter the original text and <strong>bold</strong> it.\n\n<strong>Making additions and deletions.</strong>\n&nbsp; Indicate additions by <strong>bolding</strong> the new text.\n&nbsp; Replace deleted sections with: <strong>[deleted text]</strong>.\n&nbsp; If you delete one or more sentence, please indicate with a note, e.g., <strong>[deleted 2 sentences]</strong>.\n\n<strong>Responding to Queries to the Author (QAs).</strong>\n&nbsp; Keep all QAs intact and bolded within the text. Do not delete them.\n&nbsp; To reply to a QA, add a comment after it. Comments should be delimited using:\n<strong>[Comment:]</strong>\n&nbsp; e.g., <strong>[Comment: Expanded discussion of methodology as you suggested]</strong>.\n\n<strong>Making comments.</strong>\n&nbsp; Use comments to explain organizational changes or major revisions\n&nbsp; e.g., <strong>[Comment: Moved the above paragraph from p. 5 to p. 7].</strong>\n&nbsp; Note: When referring to page numbers, please use the page numbers from the printed copy of the manuscript that was sent to you. This is important since page numbers may change as a document is revised electronically.\n\n<h4>An Illustration of an Electronic Revision</h4>\n\n<ol>\n<li><strong>Initial copyedit.</strong> The journal copy editor will edit the text to improve flow, clarity, grammar, wording, and formatting, as well as including author queries as necessary. Once the initial edit is complete, the copy editor will upload the revised document through the journal Web site and notify the author that the edited manuscript is available for review.</li>\n<li><strong>Author copyedit.</strong> Before making dramatic departures from the structure and organization of the edited manuscript, authors must check in with the editors who are co-chairing the piece. Authors should accept/reject any changes made during the initial copyediting, as appropriate, and respond to all author queries. When finished with the revisions, authors should rename the file from AuthorNameQA.doc to AuthorNameQAR.doc (e.g., from LeeQA.doc to LeeQAR.doc) and upload the revised document through the journal Web site as directed.</li>\n<li><strong>Final copyedit.</strong> The journal copy editor will verify changes made by the author and incorporate the responses to the author queries to create a final manuscript. When finished, the copy editor will upload the final document through the journal Web site and alert the layout editor to complete formatting.</li>\n</ol>', 'string'),
(4, 'en_US', 'librarianInformation', 'We encourage research librarians to list this journal among their library\'s electronic journal holdings. As well, it may be worth noting that this journal\'s open source publishing system is suitable for libraries to host for their faculty members to use with journals they are involved in editing (see <a href=\"http://pkp.sfu.ca/ojs\">Open Journal Systems</a>).', 'string');
INSERT INTO `journal_settings` (`journal_id`, `locale`, `setting_name`, `setting_value`, `setting_type`) VALUES
(4, 'en_US', 'lockssLicense', 'This journal utilizes the LOCKSS system to create a distributed archiving system among participating libraries and permits those libraries to create permanent archives of the journal for purposes of preservation and restoration. <a href=\"http://www.lockss.org/\">More...</a>', 'string'),
(4, 'en_US', 'name', 'JTKL', 'string'),
(4, 'en_US', 'openAccessPolicy', 'This journal provides immediate open access to its content on the principle that making research freely available to the public supports a greater global exchange of knowledge.', 'string'),
(4, 'en_US', 'privacyStatement', '<p>The names and email addresses entered in this journal site will be used exclusively for the stated purposes of this journal and will not be made available for any other purpose or to any other party.</p>', 'string'),
(4, 'en_US', 'proofInstructions', '<p>The proofreading stage is intended to catch any errors in the galley\'s spelling, grammar, and formatting. More substantial changes cannot be made at this stage, unless discussed with the Section Editor. In Layout, click on VIEW PROOF to see the HTML, PDF, and other available file formats used in publishing this item.</p>\n	<h4>For Spelling and Grammar Errors</h4>\n\n	<p>Copy the problem word or groups of words and paste them into the Proofreading Corrections box with \"CHANGE-TO\" instructions to the editor as follows:</p>\n\n	<pre>1. CHANGE...\n	then the others\n	TO...\n	than the others</pre>\n	<br />\n	<pre>2. CHANGE...\n	Malinowsky\n	TO...\n	Malinowski</pre>\n	<br />\n\n	<h4>For Formatting Errors</h4>\n\n	<p>Describe the location and nature of the problem in the Proofreading Corrections box after typing in the title \"FORMATTING\" as follows:</p>\n	<br />\n	<pre>3. FORMATTING\n	The numbers in Table 3 are not aligned in the third column.</pre>\n	<br />\n	<pre>4. FORMATTING\n	The paragraph that begins \"This last topic...\" is not indented.</pre>', 'string'),
(4, 'en_US', 'readerInformation', 'We encourage readers to sign up for the publishing notification service for this journal. Use the <a href=\"http://localhost/eltek/index.php/jtkl/user/register\">Register</a> link at the top of the home page for the journal. This registration will result in the reader receiving the Table of Contents by email for each new issue of the journal. This list also allows the journal to claim a certain level of support or readership. See the journal\'s <a href=\"http://localhost/eltek/index.php/jtkl/about/submissions#privacyStatement\">Privacy Statement</a>, which assures readers that their name and email address will not be used for other purposes.', 'string'),
(4, 'en_US', 'refLinkInstructions', '<h4>To Add Reference Linking to the Layout Process</h4>\n	<p>When turning a submission into HTML or PDF, make sure that all hyperlinks in the submission are active.</p>\n	<h4>A. When the Author Provides a Link with the Reference</h4>\n	<ol>\n	<li>While the submission is still in its word processing format (e.g., Word), add the phrase VIEW ITEM to the end of the reference that has a URL.</li>\n	<li>Turn that phrase into a hyperlink by highlighting it and using Word\'s Insert Hyperlink tool and the URL prepared in #2.</li>\n	</ol>\n	<h4>B. Enabling Readers to Search Google Scholar For References</h4>\n	<ol>\n		<li>While the submission is still in its word processing format (e.g., Word), copy the title of the work referenced in the References list (if it appears to be too common a titlee.g., \"Peace\"then copy author and title).</li>\n		<li>Paste the reference\'s title between the %22\'s, placing a + between each word: http://scholar.google.com/scholar?q=%22PASTE+TITLE+HERE%22&hl=en&lr=&btnG=Search.</li>\n\n	<li>Add the phrase GS SEARCH to the end of each citation in the submission\'s References list.</li>\n	<li>Turn that phrase into a hyperlink by highlighting it and using Word\'s Insert Hyperlink tool and the URL prepared in #2.</li>\n	</ol>\n	<h4>C. Enabling Readers to Search for References with a DOI</h4>\n	<ol>\n	<li>While the submission is still in Word, copy a batch of references into CrossRef Text Query http://www.crossref.org/freeTextQuery/.</li>\n	<li>Paste each DOI that the Query provides in the following URL (between = and &): http://www.cmaj.ca/cgi/external_ref?access_num=PASTE DOI#HERE&link_type=DOI.</li>\n	<li>Add the phrase CrossRef to the end of each citation in the submission\'s References list.</li>\n	<li>Turn that phrase into a hyperlink by highlighting the phrase and using Word\'s Insert Hyperlink tool and the appropriate URL prepared in #2.</li>\n	</ol>', 'string'),
(4, 'en_US', 'submissionChecklist', 'a:5:{i:0;a:2:{s:7:\"content\";s:165:\"The submission has not been previously published, nor is it before another journal for consideration (or an explanation has been provided in Comments to the Editor).\";s:5:\"order\";s:1:\"1\";}i:1;a:2:{s:7:\"content\";s:82:\"The submission file is in OpenOffice, Microsoft Word, or RTF document file format.\";s:5:\"order\";s:1:\"2\";}i:2;a:2:{s:7:\"content\";s:60:\"Where available, URLs for the references have been provided.\";s:5:\"order\";s:1:\"3\";}i:3;a:2:{s:7:\"content\";s:239:\"The text is single-spaced; uses a 12-point font; employs italics, rather than underlining (except with URL addresses); and all illustrations, figures, and tables are placed within the text at the appropriate points, rather than at the end.\";s:5:\"order\";s:1:\"4\";}i:4;a:2:{s:7:\"content\";s:99:\"The text adheres to the stylistic and bibliographic requirements outlined in the Author Guidelines.\";s:5:\"order\";s:1:\"5\";}}', 'object'),
(5, '', 'copyrightYearBasis', 'issue', 'string'),
(5, '', 'defaultReviewMode', '2', 'int'),
(5, '', 'emailSignature', '<br/>\n________________________________________________________________________<br/>\n<a href=\"{$contextUrl}\">{$contextName}</a>', 'string'),
(5, '', 'enableOai', '1', 'bool'),
(5, '', 'itemsPerPage', '25', 'int'),
(5, '', 'keywordsEnabledSubmission', '1', 'bool'),
(5, '', 'keywordsEnabledWorkflow', '1', 'bool'),
(5, '', 'membershipFee', '0', 'int'),
(5, '', 'navItems', 'N;', 'object'),
(5, '', 'numPageLinks', '10', 'int'),
(5, '', 'numWeeksPerReview', '4', 'int'),
(5, '', 'onlineIssn', '', 'string'),
(5, '', 'printIssn', '', 'string'),
(5, '', 'publicationFee', '0', 'int'),
(5, '', 'publisherInstitution', '', 'string'),
(5, '', 'purchaseArticleFee', '0', 'int'),
(5, '', 'reviewerAccessKeysEnabled', '1', 'bool'),
(5, '', 'supportedFormLocales', 'a:1:{i:0;s:5:\"en_US\";}', 'object'),
(5, '', 'supportedLocales', 'a:2:{i:0;s:5:\"en_US\";i:1;s:5:\"id_ID\";}', 'object'),
(5, '', 'supportedSubmissionLocales', 'a:1:{i:0;s:5:\"en_US\";}', 'object'),
(5, '', 'themePluginPath', 'default', 'string'),
(5, 'en_US', 'acronym', 'jetm', 'string'),
(5, 'en_US', 'authorInformation', 'Interested in submitting to this journal? We recommend that you review the <a href=\"http://localhost/eltek/index.php/jetm/about\">About the Journal</a> page for the journal\'s section policies, as well as the <a href=\"http://localhost/eltek/index.php/jetm/about/submissions#authorGuidelines\">Author Guidelines</a>. Authors need to <a href=\"http://localhost/eltek/index.php/jetm/user/register\">register</a> with the journal prior to submitting or, if already registered, can simply <a href=\"http://localhost/eltek/index.php/index/login\">log in</a> and begin the five-step process.', 'string'),
(5, 'en_US', 'authorSelfArchivePolicy', 'This journal permits and encourages authors to post items submitted to the journal on personal websites or institutional repositories both prior to and after publication, while providing bibliographic details that credit, if applicable, its publication in this journal.', 'string'),
(5, 'en_US', 'clockssLicense', 'This journal utilizes the CLOCKSS system to create a distributed archiving system among participating libraries and permits those libraries to create permanent archives of the journal for purposes of preservation and restoration. <a href=\"http://clockss.org/\">More...</a>', 'string'),
(5, 'en_US', 'copyeditInstructions', 'The copyediting stage is intended to improve the flow, clarity, grammar, wording, and formatting of the article. It represents the last chance for the author to make any substantial changes to the text because the next stage is restricted to typos and formatting corrections.\n\nThe file to be copyedited is in Word or .rtf format and therefore can easily be edited as a word processing document. The set of instructions displayed here proposes two approaches to copyediting. One is based on Microsoft Word\'s Track Changes feature and requires that the copy editor, editor, and author have access to this program. A second system, which is software independent, has been borrowed, with permission, from the Harvard Educational Review. The journal editor is in a position to modify these instructions, so suggestions can be made to improve the process for this journal.\n\n\n<h4>Copyediting Systems</h4>\n\n<strong>1. Microsoft Word\'s Track Changes</strong>\n\nUnder Tools in the menu bar, the feature Track Changes enables the copy editor to make insertions (text appears in color) and deletions (text appears crossed out in color or in the margins as deleted). The copy editor can posit queries to both the author (Author Queries) and to the editor (Editor Queries) by inserting these queries in square brackets. The copyedited version is then uploaded, and the editor is notified. The editor then reviews the text and notifies the author.\n\nThe editor and author should leave those changes with which they are satisfied. If further changes are necessary, the editor and author can make changes to the initial insertions or deletions, as well as make new insertions or deletions elsewhere in the text. Authors and editors should respond to each of the queries addressed to them, with responses placed inside the square brackets.\n\nAfter the text has been reviewed by editor and author, the copy editor will make a final pass over the text accepting the changes in preparation for the layout and galley stage.\n\n\n<strong>2. Harvard Educational Review</strong>\n\n<strong>Instructions for Making Electronic Revisions to the Manuscript</strong>\n\nPlease follow the following protocol for making electronic revisions to your manuscript:\n\n<strong>Responding to suggested changes.</strong>\n&nbsp; For each of the suggested changes that you accept, unbold the text.\n&nbsp; For each of the suggested changes that you do not accept, re-enter the original text and <strong>bold</strong> it.\n\n<strong>Making additions and deletions.</strong>\n&nbsp; Indicate additions by <strong>bolding</strong> the new text.\n&nbsp; Replace deleted sections with: <strong>[deleted text]</strong>.\n&nbsp; If you delete one or more sentence, please indicate with a note, e.g., <strong>[deleted 2 sentences]</strong>.\n\n<strong>Responding to Queries to the Author (QAs).</strong>\n&nbsp; Keep all QAs intact and bolded within the text. Do not delete them.\n&nbsp; To reply to a QA, add a comment after it. Comments should be delimited using:\n<strong>[Comment:]</strong>\n&nbsp; e.g., <strong>[Comment: Expanded discussion of methodology as you suggested]</strong>.\n\n<strong>Making comments.</strong>\n&nbsp; Use comments to explain organizational changes or major revisions\n&nbsp; e.g., <strong>[Comment: Moved the above paragraph from p. 5 to p. 7].</strong>\n&nbsp; Note: When referring to page numbers, please use the page numbers from the printed copy of the manuscript that was sent to you. This is important since page numbers may change as a document is revised electronically.\n\n<h4>An Illustration of an Electronic Revision</h4>\n\n<ol>\n<li><strong>Initial copyedit.</strong> The journal copy editor will edit the text to improve flow, clarity, grammar, wording, and formatting, as well as including author queries as necessary. Once the initial edit is complete, the copy editor will upload the revised document through the journal Web site and notify the author that the edited manuscript is available for review.</li>\n<li><strong>Author copyedit.</strong> Before making dramatic departures from the structure and organization of the edited manuscript, authors must check in with the editors who are co-chairing the piece. Authors should accept/reject any changes made during the initial copyediting, as appropriate, and respond to all author queries. When finished with the revisions, authors should rename the file from AuthorNameQA.doc to AuthorNameQAR.doc (e.g., from LeeQA.doc to LeeQAR.doc) and upload the revised document through the journal Web site as directed.</li>\n<li><strong>Final copyedit.</strong> The journal copy editor will verify changes made by the author and incorporate the responses to the author queries to create a final manuscript. When finished, the copy editor will upload the final document through the journal Web site and alert the layout editor to complete formatting.</li>\n</ol>', 'string'),
(5, 'en_US', 'journalThumbnail', 'a:6:{s:4:\"name\";s:8:\"JETM.jpg\";s:10:\"uploadName\";s:26:\"journalThumbnail_en_US.jpg\";s:5:\"width\";i:1240;s:6:\"height\";i:1754;s:12:\"dateUploaded\";s:19:\"2020-06-15 02:54:37\";s:7:\"altText\";s:0:\"\";}', 'object'),
(5, 'en_US', 'librarianInformation', 'We encourage research librarians to list this journal among their library\'s electronic journal holdings. As well, it may be worth noting that this journal\'s open source publishing system is suitable for libraries to host for their faculty members to use with journals they are involved in editing (see <a href=\"http://pkp.sfu.ca/ojs\">Open Journal Systems</a>).', 'string'),
(5, 'en_US', 'lockssLicense', 'This journal utilizes the LOCKSS system to create a distributed archiving system among participating libraries and permits those libraries to create permanent archives of the journal for purposes of preservation and restoration. <a href=\"http://www.lockss.org/\">More...</a>', 'string'),
(5, 'en_US', 'name', 'Jurnal Energi Dan Teknologi Manufaktur', 'string'),
(5, 'en_US', 'openAccessPolicy', 'This journal provides immediate open access to its content on the principle that making research freely available to the public supports a greater global exchange of knowledge.', 'string'),
(5, 'en_US', 'privacyStatement', '<p>The names and email addresses entered in this journal site will be used exclusively for the stated purposes of this journal and will not be made available for any other purpose or to any other party.</p>', 'string'),
(5, 'en_US', 'proofInstructions', '<p>The proofreading stage is intended to catch any errors in the galley\'s spelling, grammar, and formatting. More substantial changes cannot be made at this stage, unless discussed with the Section Editor. In Layout, click on VIEW PROOF to see the HTML, PDF, and other available file formats used in publishing this item.</p>\n	<h4>For Spelling and Grammar Errors</h4>\n\n	<p>Copy the problem word or groups of words and paste them into the Proofreading Corrections box with \"CHANGE-TO\" instructions to the editor as follows:</p>\n\n	<pre>1. CHANGE...\n	then the others\n	TO...\n	than the others</pre>\n	<br />\n	<pre>2. CHANGE...\n	Malinowsky\n	TO...\n	Malinowski</pre>\n	<br />\n\n	<h4>For Formatting Errors</h4>\n\n	<p>Describe the location and nature of the problem in the Proofreading Corrections box after typing in the title \"FORMATTING\" as follows:</p>\n	<br />\n	<pre>3. FORMATTING\n	The numbers in Table 3 are not aligned in the third column.</pre>\n	<br />\n	<pre>4. FORMATTING\n	The paragraph that begins \"This last topic...\" is not indented.</pre>', 'string'),
(5, 'en_US', 'readerInformation', 'We encourage readers to sign up for the publishing notification service for this journal. Use the <a href=\"http://localhost/eltek/index.php/jetm/user/register\">Register</a> link at the top of the home page for the journal. This registration will result in the reader receiving the Table of Contents by email for each new issue of the journal. This list also allows the journal to claim a certain level of support or readership. See the journal\'s <a href=\"http://localhost/eltek/index.php/jetm/about/submissions#privacyStatement\">Privacy Statement</a>, which assures readers that their name and email address will not be used for other purposes.', 'string'),
(5, 'en_US', 'refLinkInstructions', '<h4>To Add Reference Linking to the Layout Process</h4>\n	<p>When turning a submission into HTML or PDF, make sure that all hyperlinks in the submission are active.</p>\n	<h4>A. When the Author Provides a Link with the Reference</h4>\n	<ol>\n	<li>While the submission is still in its word processing format (e.g., Word), add the phrase VIEW ITEM to the end of the reference that has a URL.</li>\n	<li>Turn that phrase into a hyperlink by highlighting it and using Word\'s Insert Hyperlink tool and the URL prepared in #2.</li>\n	</ol>\n	<h4>B. Enabling Readers to Search Google Scholar For References</h4>\n	<ol>\n		<li>While the submission is still in its word processing format (e.g., Word), copy the title of the work referenced in the References list (if it appears to be too common a titlee.g., \"Peace\"then copy author and title).</li>\n		<li>Paste the reference\'s title between the %22\'s, placing a + between each word: http://scholar.google.com/scholar?q=%22PASTE+TITLE+HERE%22&hl=en&lr=&btnG=Search.</li>\n\n	<li>Add the phrase GS SEARCH to the end of each citation in the submission\'s References list.</li>\n	<li>Turn that phrase into a hyperlink by highlighting it and using Word\'s Insert Hyperlink tool and the URL prepared in #2.</li>\n	</ol>\n	<h4>C. Enabling Readers to Search for References with a DOI</h4>\n	<ol>\n	<li>While the submission is still in Word, copy a batch of references into CrossRef Text Query http://www.crossref.org/freeTextQuery/.</li>\n	<li>Paste each DOI that the Query provides in the following URL (between = and &): http://www.cmaj.ca/cgi/external_ref?access_num=PASTE DOI#HERE&link_type=DOI.</li>\n	<li>Add the phrase CrossRef to the end of each citation in the submission\'s References list.</li>\n	<li>Turn that phrase into a hyperlink by highlighting the phrase and using Word\'s Insert Hyperlink tool and the appropriate URL prepared in #2.</li>\n	</ol>', 'string'),
(5, 'en_US', 'submissionChecklist', 'a:5:{i:0;a:2:{s:7:\"content\";s:165:\"The submission has not been previously published, nor is it before another journal for consideration (or an explanation has been provided in Comments to the Editor).\";s:5:\"order\";s:1:\"1\";}i:1;a:2:{s:7:\"content\";s:82:\"The submission file is in OpenOffice, Microsoft Word, or RTF document file format.\";s:5:\"order\";s:1:\"2\";}i:2;a:2:{s:7:\"content\";s:60:\"Where available, URLs for the references have been provided.\";s:5:\"order\";s:1:\"3\";}i:3;a:2:{s:7:\"content\";s:239:\"The text is single-spaced; uses a 12-point font; employs italics, rather than underlining (except with URL addresses); and all illustrations, figures, and tables are placed within the text at the appropriate points, rather than at the end.\";s:5:\"order\";s:1:\"4\";}i:4;a:2:{s:7:\"content\";s:99:\"The text adheres to the stylistic and bibliographic requirements outlined in the Author Guidelines.\";s:5:\"order\";s:1:\"5\";}}', 'object'),
(6, '', 'copyrightYearBasis', 'issue', 'string'),
(6, '', 'defaultReviewMode', '2', 'int'),
(6, '', 'emailSignature', '<br/>\n________________________________________________________________________<br/>\n<a href=\"{$contextUrl}\">{$contextName}</a>', 'string'),
(6, '', 'enableOai', '1', 'bool'),
(6, '', 'itemsPerPage', '25', 'int'),
(6, '', 'keywordsEnabledSubmission', '1', 'bool'),
(6, '', 'keywordsEnabledWorkflow', '1', 'bool'),
(6, '', 'membershipFee', '0', 'int'),
(6, '', 'navItems', 'N;', 'object'),
(6, '', 'numPageLinks', '10', 'int'),
(6, '', 'numWeeksPerReview', '4', 'int'),
(6, '', 'publicationFee', '0', 'int'),
(6, '', 'purchaseArticleFee', '0', 'int'),
(6, '', 'reviewerAccessKeysEnabled', '1', 'bool'),
(6, '', 'supportedFormLocales', 'a:1:{i:0;s:5:\"en_US\";}', 'object'),
(6, '', 'supportedLocales', 'a:2:{i:0;s:5:\"en_US\";i:1;s:5:\"id_ID\";}', 'object'),
(6, '', 'supportedSubmissionLocales', 'a:1:{i:0;s:5:\"en_US\";}', 'object'),
(6, '', 'themePluginPath', 'default', 'string'),
(6, 'en_US', 'authorInformation', 'Interested in submitting to this journal? We recommend that you review the <a href=\"http://localhost/eltek/index.php/jlt/about\">About the Journal</a> page for the journal\'s section policies, as well as the <a href=\"http://localhost/eltek/index.php/jlt/about/submissions#authorGuidelines\">Author Guidelines</a>. Authors need to <a href=\"http://localhost/eltek/index.php/jlt/user/register\">register</a> with the journal prior to submitting or, if already registered, can simply <a href=\"http://localhost/eltek/index.php/index/login\">log in</a> and begin the five-step process.', 'string'),
(6, 'en_US', 'authorSelfArchivePolicy', 'This journal permits and encourages authors to post items submitted to the journal on personal websites or institutional repositories both prior to and after publication, while providing bibliographic details that credit, if applicable, its publication in this journal.', 'string'),
(6, 'en_US', 'clockssLicense', 'This journal utilizes the CLOCKSS system to create a distributed archiving system among participating libraries and permits those libraries to create permanent archives of the journal for purposes of preservation and restoration. <a href=\"http://clockss.org/\">More...</a>', 'string'),
(6, 'en_US', 'copyeditInstructions', 'The copyediting stage is intended to improve the flow, clarity, grammar, wording, and formatting of the article. It represents the last chance for the author to make any substantial changes to the text because the next stage is restricted to typos and formatting corrections.\n\nThe file to be copyedited is in Word or .rtf format and therefore can easily be edited as a word processing document. The set of instructions displayed here proposes two approaches to copyediting. One is based on Microsoft Word\'s Track Changes feature and requires that the copy editor, editor, and author have access to this program. A second system, which is software independent, has been borrowed, with permission, from the Harvard Educational Review. The journal editor is in a position to modify these instructions, so suggestions can be made to improve the process for this journal.\n\n\n<h4>Copyediting Systems</h4>\n\n<strong>1. Microsoft Word\'s Track Changes</strong>\n\nUnder Tools in the menu bar, the feature Track Changes enables the copy editor to make insertions (text appears in color) and deletions (text appears crossed out in color or in the margins as deleted). The copy editor can posit queries to both the author (Author Queries) and to the editor (Editor Queries) by inserting these queries in square brackets. The copyedited version is then uploaded, and the editor is notified. The editor then reviews the text and notifies the author.\n\nThe editor and author should leave those changes with which they are satisfied. If further changes are necessary, the editor and author can make changes to the initial insertions or deletions, as well as make new insertions or deletions elsewhere in the text. Authors and editors should respond to each of the queries addressed to them, with responses placed inside the square brackets.\n\nAfter the text has been reviewed by editor and author, the copy editor will make a final pass over the text accepting the changes in preparation for the layout and galley stage.\n\n\n<strong>2. Harvard Educational Review</strong>\n\n<strong>Instructions for Making Electronic Revisions to the Manuscript</strong>\n\nPlease follow the following protocol for making electronic revisions to your manuscript:\n\n<strong>Responding to suggested changes.</strong>\n&nbsp; For each of the suggested changes that you accept, unbold the text.\n&nbsp; For each of the suggested changes that you do not accept, re-enter the original text and <strong>bold</strong> it.\n\n<strong>Making additions and deletions.</strong>\n&nbsp; Indicate additions by <strong>bolding</strong> the new text.\n&nbsp; Replace deleted sections with: <strong>[deleted text]</strong>.\n&nbsp; If you delete one or more sentence, please indicate with a note, e.g., <strong>[deleted 2 sentences]</strong>.\n\n<strong>Responding to Queries to the Author (QAs).</strong>\n&nbsp; Keep all QAs intact and bolded within the text. Do not delete them.\n&nbsp; To reply to a QA, add a comment after it. Comments should be delimited using:\n<strong>[Comment:]</strong>\n&nbsp; e.g., <strong>[Comment: Expanded discussion of methodology as you suggested]</strong>.\n\n<strong>Making comments.</strong>\n&nbsp; Use comments to explain organizational changes or major revisions\n&nbsp; e.g., <strong>[Comment: Moved the above paragraph from p. 5 to p. 7].</strong>\n&nbsp; Note: When referring to page numbers, please use the page numbers from the printed copy of the manuscript that was sent to you. This is important since page numbers may change as a document is revised electronically.\n\n<h4>An Illustration of an Electronic Revision</h4>\n\n<ol>\n<li><strong>Initial copyedit.</strong> The journal copy editor will edit the text to improve flow, clarity, grammar, wording, and formatting, as well as including author queries as necessary. Once the initial edit is complete, the copy editor will upload the revised document through the journal Web site and notify the author that the edited manuscript is available for review.</li>\n<li><strong>Author copyedit.</strong> Before making dramatic departures from the structure and organization of the edited manuscript, authors must check in with the editors who are co-chairing the piece. Authors should accept/reject any changes made during the initial copyediting, as appropriate, and respond to all author queries. When finished with the revisions, authors should rename the file from AuthorNameQA.doc to AuthorNameQAR.doc (e.g., from LeeQA.doc to LeeQAR.doc) and upload the revised document through the journal Web site as directed.</li>\n<li><strong>Final copyedit.</strong> The journal copy editor will verify changes made by the author and incorporate the responses to the author queries to create a final manuscript. When finished, the copy editor will upload the final document through the journal Web site and alert the layout editor to complete formatting.</li>\n</ol>', 'string'),
(6, 'en_US', 'journalThumbnail', 'a:6:{s:4:\"name\";s:7:\"JLT.jpg\";s:10:\"uploadName\";s:26:\"journalThumbnail_en_US.jpg\";s:5:\"width\";i:1654;s:6:\"height\";i:2339;s:12:\"dateUploaded\";s:19:\"2020-06-15 04:14:42\";s:7:\"altText\";s:0:\"\";}', 'object'),
(6, 'en_US', 'librarianInformation', 'We encourage research librarians to list this journal among their library\'s electronic journal holdings. As well, it may be worth noting that this journal\'s open source publishing system is suitable for libraries to host for their faculty members to use with journals they are involved in editing (see <a href=\"http://pkp.sfu.ca/ojs\">Open Journal Systems</a>).', 'string'),
(6, 'en_US', 'lockssLicense', 'This journal utilizes the LOCKSS system to create a distributed archiving system among participating libraries and permits those libraries to create permanent archives of the journal for purposes of preservation and restoration. <a href=\"http://www.lockss.org/\">More...</a>', 'string'),
(6, 'en_US', 'name', 'JLT Polinema', 'string'),
(6, 'en_US', 'openAccessPolicy', 'This journal provides immediate open access to its content on the principle that making research freely available to the public supports a greater global exchange of knowledge.', 'string'),
(6, 'en_US', 'privacyStatement', '<p>The names and email addresses entered in this journal site will be used exclusively for the stated purposes of this journal and will not be made available for any other purpose or to any other party.</p>', 'string'),
(6, 'en_US', 'proofInstructions', '<p>The proofreading stage is intended to catch any errors in the galley\'s spelling, grammar, and formatting. More substantial changes cannot be made at this stage, unless discussed with the Section Editor. In Layout, click on VIEW PROOF to see the HTML, PDF, and other available file formats used in publishing this item.</p>\n	<h4>For Spelling and Grammar Errors</h4>\n\n	<p>Copy the problem word or groups of words and paste them into the Proofreading Corrections box with \"CHANGE-TO\" instructions to the editor as follows:</p>\n\n	<pre>1. CHANGE...\n	then the others\n	TO...\n	than the others</pre>\n	<br />\n	<pre>2. CHANGE...\n	Malinowsky\n	TO...\n	Malinowski</pre>\n	<br />\n\n	<h4>For Formatting Errors</h4>\n\n	<p>Describe the location and nature of the problem in the Proofreading Corrections box after typing in the title \"FORMATTING\" as follows:</p>\n	<br />\n	<pre>3. FORMATTING\n	The numbers in Table 3 are not aligned in the third column.</pre>\n	<br />\n	<pre>4. FORMATTING\n	The paragraph that begins \"This last topic...\" is not indented.</pre>', 'string'),
(6, 'en_US', 'readerInformation', 'We encourage readers to sign up for the publishing notification service for this journal. Use the <a href=\"http://localhost/eltek/index.php/jlt/user/register\">Register</a> link at the top of the home page for the journal. This registration will result in the reader receiving the Table of Contents by email for each new issue of the journal. This list also allows the journal to claim a certain level of support or readership. See the journal\'s <a href=\"http://localhost/eltek/index.php/jlt/about/submissions#privacyStatement\">Privacy Statement</a>, which assures readers that their name and email address will not be used for other purposes.', 'string'),
(6, 'en_US', 'refLinkInstructions', '<h4>To Add Reference Linking to the Layout Process</h4>\n	<p>When turning a submission into HTML or PDF, make sure that all hyperlinks in the submission are active.</p>\n	<h4>A. When the Author Provides a Link with the Reference</h4>\n	<ol>\n	<li>While the submission is still in its word processing format (e.g., Word), add the phrase VIEW ITEM to the end of the reference that has a URL.</li>\n	<li>Turn that phrase into a hyperlink by highlighting it and using Word\'s Insert Hyperlink tool and the URL prepared in #2.</li>\n	</ol>\n	<h4>B. Enabling Readers to Search Google Scholar For References</h4>\n	<ol>\n		<li>While the submission is still in its word processing format (e.g., Word), copy the title of the work referenced in the References list (if it appears to be too common a titlee.g., \"Peace\"then copy author and title).</li>\n		<li>Paste the reference\'s title between the %22\'s, placing a + between each word: http://scholar.google.com/scholar?q=%22PASTE+TITLE+HERE%22&hl=en&lr=&btnG=Search.</li>\n\n	<li>Add the phrase GS SEARCH to the end of each citation in the submission\'s References list.</li>\n	<li>Turn that phrase into a hyperlink by highlighting it and using Word\'s Insert Hyperlink tool and the URL prepared in #2.</li>\n	</ol>\n	<h4>C. Enabling Readers to Search for References with a DOI</h4>\n	<ol>\n	<li>While the submission is still in Word, copy a batch of references into CrossRef Text Query http://www.crossref.org/freeTextQuery/.</li>\n	<li>Paste each DOI that the Query provides in the following URL (between = and &): http://www.cmaj.ca/cgi/external_ref?access_num=PASTE DOI#HERE&link_type=DOI.</li>\n	<li>Add the phrase CrossRef to the end of each citation in the submission\'s References list.</li>\n	<li>Turn that phrase into a hyperlink by highlighting the phrase and using Word\'s Insert Hyperlink tool and the appropriate URL prepared in #2.</li>\n	</ol>', 'string'),
(6, 'en_US', 'submissionChecklist', 'a:5:{i:0;a:2:{s:7:\"content\";s:165:\"The submission has not been previously published, nor is it before another journal for consideration (or an explanation has been provided in Comments to the Editor).\";s:5:\"order\";s:1:\"1\";}i:1;a:2:{s:7:\"content\";s:82:\"The submission file is in OpenOffice, Microsoft Word, or RTF document file format.\";s:5:\"order\";s:1:\"2\";}i:2;a:2:{s:7:\"content\";s:60:\"Where available, URLs for the references have been provided.\";s:5:\"order\";s:1:\"3\";}i:3;a:2:{s:7:\"content\";s:239:\"The text is single-spaced; uses a 12-point font; employs italics, rather than underlining (except with URL addresses); and all illustrations, figures, and tables are placed within the text at the appropriate points, rather than at the end.\";s:5:\"order\";s:1:\"4\";}i:4;a:2:{s:7:\"content\";s:99:\"The text adheres to the stylistic and bibliographic requirements outlined in the Author Guidelines.\";s:5:\"order\";s:1:\"5\";}}', 'object'),
(7, '', 'copyrightYearBasis', 'issue', 'string'),
(7, '', 'defaultReviewMode', '2', 'int'),
(7, '', 'emailSignature', '<br/>\n________________________________________________________________________<br/>\n<a href=\"{$contextUrl}\">{$contextName}</a>', 'string'),
(7, '', 'enableOai', '1', 'bool'),
(7, '', 'itemsPerPage', '25', 'int'),
(7, '', 'keywordsEnabledSubmission', '1', 'bool'),
(7, '', 'keywordsEnabledWorkflow', '1', 'bool'),
(7, '', 'membershipFee', '0', 'int'),
(7, '', 'navItems', 'N;', 'object'),
(7, '', 'numPageLinks', '10', 'int'),
(7, '', 'numWeeksPerReview', '4', 'int'),
(7, '', 'publicationFee', '0', 'int'),
(7, '', 'purchaseArticleFee', '0', 'int'),
(7, '', 'reviewerAccessKeysEnabled', '1', 'bool'),
(7, '', 'supportedFormLocales', 'a:1:{i:0;s:5:\"en_US\";}', 'object'),
(7, '', 'supportedLocales', 'a:2:{i:0;s:5:\"en_US\";i:1;s:5:\"id_ID\";}', 'object'),
(7, '', 'supportedSubmissionLocales', 'a:1:{i:0;s:5:\"en_US\";}', 'object'),
(7, '', 'themePluginPath', 'default', 'string'),
(7, 'en_US', 'authorInformation', 'Interested in submitting to this journal? We recommend that you review the <a href=\"http://localhost/eltek/index.php/distilat/about\">About the Journal</a> page for the journal\'s section policies, as well as the <a href=\"http://localhost/eltek/index.php/distilat/about/submissions#authorGuidelines\">Author Guidelines</a>. Authors need to <a href=\"http://localhost/eltek/index.php/distilat/user/register\">register</a> with the journal prior to submitting or, if already registered, can simply <a href=\"http://localhost/eltek/index.php/index/login\">log in</a> and begin the five-step process.', 'string'),
(7, 'en_US', 'authorSelfArchivePolicy', 'This journal permits and encourages authors to post items submitted to the journal on personal websites or institutional repositories both prior to and after publication, while providing bibliographic details that credit, if applicable, its publication in this journal.', 'string'),
(7, 'en_US', 'clockssLicense', 'This journal utilizes the CLOCKSS system to create a distributed archiving system among participating libraries and permits those libraries to create permanent archives of the journal for purposes of preservation and restoration. <a href=\"http://clockss.org/\">More...</a>', 'string'),
(7, 'en_US', 'copyeditInstructions', 'The copyediting stage is intended to improve the flow, clarity, grammar, wording, and formatting of the article. It represents the last chance for the author to make any substantial changes to the text because the next stage is restricted to typos and formatting corrections.\n\nThe file to be copyedited is in Word or .rtf format and therefore can easily be edited as a word processing document. The set of instructions displayed here proposes two approaches to copyediting. One is based on Microsoft Word\'s Track Changes feature and requires that the copy editor, editor, and author have access to this program. A second system, which is software independent, has been borrowed, with permission, from the Harvard Educational Review. The journal editor is in a position to modify these instructions, so suggestions can be made to improve the process for this journal.\n\n\n<h4>Copyediting Systems</h4>\n\n<strong>1. Microsoft Word\'s Track Changes</strong>\n\nUnder Tools in the menu bar, the feature Track Changes enables the copy editor to make insertions (text appears in color) and deletions (text appears crossed out in color or in the margins as deleted). The copy editor can posit queries to both the author (Author Queries) and to the editor (Editor Queries) by inserting these queries in square brackets. The copyedited version is then uploaded, and the editor is notified. The editor then reviews the text and notifies the author.\n\nThe editor and author should leave those changes with which they are satisfied. If further changes are necessary, the editor and author can make changes to the initial insertions or deletions, as well as make new insertions or deletions elsewhere in the text. Authors and editors should respond to each of the queries addressed to them, with responses placed inside the square brackets.\n\nAfter the text has been reviewed by editor and author, the copy editor will make a final pass over the text accepting the changes in preparation for the layout and galley stage.\n\n\n<strong>2. Harvard Educational Review</strong>\n\n<strong>Instructions for Making Electronic Revisions to the Manuscript</strong>\n\nPlease follow the following protocol for making electronic revisions to your manuscript:\n\n<strong>Responding to suggested changes.</strong>\n&nbsp; For each of the suggested changes that you accept, unbold the text.\n&nbsp; For each of the suggested changes that you do not accept, re-enter the original text and <strong>bold</strong> it.\n\n<strong>Making additions and deletions.</strong>\n&nbsp; Indicate additions by <strong>bolding</strong> the new text.\n&nbsp; Replace deleted sections with: <strong>[deleted text]</strong>.\n&nbsp; If you delete one or more sentence, please indicate with a note, e.g., <strong>[deleted 2 sentences]</strong>.\n\n<strong>Responding to Queries to the Author (QAs).</strong>\n&nbsp; Keep all QAs intact and bolded within the text. Do not delete them.\n&nbsp; To reply to a QA, add a comment after it. Comments should be delimited using:\n<strong>[Comment:]</strong>\n&nbsp; e.g., <strong>[Comment: Expanded discussion of methodology as you suggested]</strong>.\n\n<strong>Making comments.</strong>\n&nbsp; Use comments to explain organizational changes or major revisions\n&nbsp; e.g., <strong>[Comment: Moved the above paragraph from p. 5 to p. 7].</strong>\n&nbsp; Note: When referring to page numbers, please use the page numbers from the printed copy of the manuscript that was sent to you. This is important since page numbers may change as a document is revised electronically.\n\n<h4>An Illustration of an Electronic Revision</h4>\n\n<ol>\n<li><strong>Initial copyedit.</strong> The journal copy editor will edit the text to improve flow, clarity, grammar, wording, and formatting, as well as including author queries as necessary. Once the initial edit is complete, the copy editor will upload the revised document through the journal Web site and notify the author that the edited manuscript is available for review.</li>\n<li><strong>Author copyedit.</strong> Before making dramatic departures from the structure and organization of the edited manuscript, authors must check in with the editors who are co-chairing the piece. Authors should accept/reject any changes made during the initial copyediting, as appropriate, and respond to all author queries. When finished with the revisions, authors should rename the file from AuthorNameQA.doc to AuthorNameQAR.doc (e.g., from LeeQA.doc to LeeQAR.doc) and upload the revised document through the journal Web site as directed.</li>\n<li><strong>Final copyedit.</strong> The journal copy editor will verify changes made by the author and incorporate the responses to the author queries to create a final manuscript. When finished, the copy editor will upload the final document through the journal Web site and alert the layout editor to complete formatting.</li>\n</ol>', 'string'),
(7, 'en_US', 'journalThumbnail', 'a:6:{s:4:\"name\";s:12:\"distilat.png\";s:10:\"uploadName\";s:26:\"journalThumbnail_en_US.png\";s:5:\"width\";i:1587;s:6:\"height\";i:2245;s:12:\"dateUploaded\";s:19:\"2020-06-15 02:53:05\";s:7:\"altText\";s:0:\"\";}', 'object'),
(7, 'en_US', 'librarianInformation', 'We encourage research librarians to list this journal among their library\'s electronic journal holdings. As well, it may be worth noting that this journal\'s open source publishing system is suitable for libraries to host for their faculty members to use with journals they are involved in editing (see <a href=\"http://pkp.sfu.ca/ojs\">Open Journal Systems</a>).', 'string'),
(7, 'en_US', 'lockssLicense', 'This journal utilizes the LOCKSS system to create a distributed archiving system among participating libraries and permits those libraries to create permanent archives of the journal for purposes of preservation and restoration. <a href=\"http://www.lockss.org/\">More...</a>', 'string'),
(7, 'en_US', 'name', 'distilat', 'string'),
(7, 'en_US', 'openAccessPolicy', 'This journal provides immediate open access to its content on the principle that making research freely available to the public supports a greater global exchange of knowledge.', 'string'),
(7, 'en_US', 'privacyStatement', '<p>The names and email addresses entered in this journal site will be used exclusively for the stated purposes of this journal and will not be made available for any other purpose or to any other party.</p>', 'string'),
(7, 'en_US', 'proofInstructions', '<p>The proofreading stage is intended to catch any errors in the galley\'s spelling, grammar, and formatting. More substantial changes cannot be made at this stage, unless discussed with the Section Editor. In Layout, click on VIEW PROOF to see the HTML, PDF, and other available file formats used in publishing this item.</p>\n	<h4>For Spelling and Grammar Errors</h4>\n\n	<p>Copy the problem word or groups of words and paste them into the Proofreading Corrections box with \"CHANGE-TO\" instructions to the editor as follows:</p>\n\n	<pre>1. CHANGE...\n	then the others\n	TO...\n	than the others</pre>\n	<br />\n	<pre>2. CHANGE...\n	Malinowsky\n	TO...\n	Malinowski</pre>\n	<br />\n\n	<h4>For Formatting Errors</h4>\n\n	<p>Describe the location and nature of the problem in the Proofreading Corrections box after typing in the title \"FORMATTING\" as follows:</p>\n	<br />\n	<pre>3. FORMATTING\n	The numbers in Table 3 are not aligned in the third column.</pre>\n	<br />\n	<pre>4. FORMATTING\n	The paragraph that begins \"This last topic...\" is not indented.</pre>', 'string'),
(7, 'en_US', 'readerInformation', 'We encourage readers to sign up for the publishing notification service for this journal. Use the <a href=\"http://localhost/eltek/index.php/distilat/user/register\">Register</a> link at the top of the home page for the journal. This registration will result in the reader receiving the Table of Contents by email for each new issue of the journal. This list also allows the journal to claim a certain level of support or readership. See the journal\'s <a href=\"http://localhost/eltek/index.php/distilat/about/submissions#privacyStatement\">Privacy Statement</a>, which assures readers that their name and email address will not be used for other purposes.', 'string'),
(7, 'en_US', 'refLinkInstructions', '<h4>To Add Reference Linking to the Layout Process</h4>\n	<p>When turning a submission into HTML or PDF, make sure that all hyperlinks in the submission are active.</p>\n	<h4>A. When the Author Provides a Link with the Reference</h4>\n	<ol>\n	<li>While the submission is still in its word processing format (e.g., Word), add the phrase VIEW ITEM to the end of the reference that has a URL.</li>\n	<li>Turn that phrase into a hyperlink by highlighting it and using Word\'s Insert Hyperlink tool and the URL prepared in #2.</li>\n	</ol>\n	<h4>B. Enabling Readers to Search Google Scholar For References</h4>\n	<ol>\n		<li>While the submission is still in its word processing format (e.g., Word), copy the title of the work referenced in the References list (if it appears to be too common a titlee.g., \"Peace\"then copy author and title).</li>\n		<li>Paste the reference\'s title between the %22\'s, placing a + between each word: http://scholar.google.com/scholar?q=%22PASTE+TITLE+HERE%22&hl=en&lr=&btnG=Search.</li>\n\n	<li>Add the phrase GS SEARCH to the end of each citation in the submission\'s References list.</li>\n	<li>Turn that phrase into a hyperlink by highlighting it and using Word\'s Insert Hyperlink tool and the URL prepared in #2.</li>\n	</ol>\n	<h4>C. Enabling Readers to Search for References with a DOI</h4>\n	<ol>\n	<li>While the submission is still in Word, copy a batch of references into CrossRef Text Query http://www.crossref.org/freeTextQuery/.</li>\n	<li>Paste each DOI that the Query provides in the following URL (between = and &): http://www.cmaj.ca/cgi/external_ref?access_num=PASTE DOI#HERE&link_type=DOI.</li>\n	<li>Add the phrase CrossRef to the end of each citation in the submission\'s References list.</li>\n	<li>Turn that phrase into a hyperlink by highlighting the phrase and using Word\'s Insert Hyperlink tool and the appropriate URL prepared in #2.</li>\n	</ol>', 'string'),
(7, 'en_US', 'submissionChecklist', 'a:5:{i:0;a:2:{s:7:\"content\";s:165:\"The submission has not been previously published, nor is it before another journal for consideration (or an explanation has been provided in Comments to the Editor).\";s:5:\"order\";s:1:\"1\";}i:1;a:2:{s:7:\"content\";s:82:\"The submission file is in OpenOffice, Microsoft Word, or RTF document file format.\";s:5:\"order\";s:1:\"2\";}i:2;a:2:{s:7:\"content\";s:60:\"Where available, URLs for the references have been provided.\";s:5:\"order\";s:1:\"3\";}i:3;a:2:{s:7:\"content\";s:239:\"The text is single-spaced; uses a 12-point font; employs italics, rather than underlining (except with URL addresses); and all illustrations, figures, and tables are placed within the text at the appropriate points, rather than at the end.\";s:5:\"order\";s:1:\"4\";}i:4;a:2:{s:7:\"content\";s:99:\"The text adheres to the stylistic and bibliographic requirements outlined in the Author Guidelines.\";s:5:\"order\";s:1:\"5\";}}', 'object'),
(8, '', 'copyrightYearBasis', 'issue', 'string'),
(8, '', 'defaultReviewMode', '2', 'int'),
(8, '', 'emailSignature', '<br/>\n________________________________________________________________________<br/>\n<a href=\"{$contextUrl}\">{$contextName}</a>', 'string'),
(8, '', 'enableOai', '1', 'bool'),
(8, '', 'itemsPerPage', '25', 'int'),
(8, '', 'keywordsEnabledSubmission', '1', 'bool'),
(8, '', 'keywordsEnabledWorkflow', '1', 'bool'),
(8, '', 'membershipFee', '0', 'int'),
(8, '', 'numPageLinks', '10', 'int'),
(8, '', 'numWeeksPerReview', '4', 'int'),
(8, '', 'publicationFee', '0', 'int'),
(8, '', 'purchaseArticleFee', '0', 'int'),
(8, '', 'reviewerAccessKeysEnabled', '1', 'bool'),
(8, '', 'supportedFormLocales', 'a:1:{i:0;s:5:\"en_US\";}', 'object'),
(8, '', 'supportedLocales', 'a:2:{i:0;s:5:\"en_US\";i:1;s:5:\"id_ID\";}', 'object'),
(8, '', 'supportedSubmissionLocales', 'a:1:{i:0;s:5:\"en_US\";}', 'object'),
(8, '', 'themePluginPath', 'default', 'string'),
(8, 'en_US', 'authorInformation', 'Interested in submitting to this journal? We recommend that you review the <a href=\"http://localhost/eltek/index.php/elposys/about\">About the Journal</a> page for the journal\'s section policies, as well as the <a href=\"http://localhost/eltek/index.php/elposys/about/submissions#authorGuidelines\">Author Guidelines</a>. Authors need to <a href=\"http://localhost/eltek/index.php/elposys/user/register\">register</a> with the journal prior to submitting or, if already registered, can simply <a href=\"http://localhost/eltek/index.php/index/login\">log in</a> and begin the five-step process.', 'string'),
(8, 'en_US', 'authorSelfArchivePolicy', 'This journal permits and encourages authors to post items submitted to the journal on personal websites or institutional repositories both prior to and after publication, while providing bibliographic details that credit, if applicable, its publication in this journal.', 'string'),
(8, 'en_US', 'clockssLicense', 'This journal utilizes the CLOCKSS system to create a distributed archiving system among participating libraries and permits those libraries to create permanent archives of the journal for purposes of preservation and restoration. <a href=\"http://clockss.org/\">More...</a>', 'string');
INSERT INTO `journal_settings` (`journal_id`, `locale`, `setting_name`, `setting_value`, `setting_type`) VALUES
(8, 'en_US', 'copyeditInstructions', 'The copyediting stage is intended to improve the flow, clarity, grammar, wording, and formatting of the article. It represents the last chance for the author to make any substantial changes to the text because the next stage is restricted to typos and formatting corrections.\n\nThe file to be copyedited is in Word or .rtf format and therefore can easily be edited as a word processing document. The set of instructions displayed here proposes two approaches to copyediting. One is based on Microsoft Word\'s Track Changes feature and requires that the copy editor, editor, and author have access to this program. A second system, which is software independent, has been borrowed, with permission, from the Harvard Educational Review. The journal editor is in a position to modify these instructions, so suggestions can be made to improve the process for this journal.\n\n\n<h4>Copyediting Systems</h4>\n\n<strong>1. Microsoft Word\'s Track Changes</strong>\n\nUnder Tools in the menu bar, the feature Track Changes enables the copy editor to make insertions (text appears in color) and deletions (text appears crossed out in color or in the margins as deleted). The copy editor can posit queries to both the author (Author Queries) and to the editor (Editor Queries) by inserting these queries in square brackets. The copyedited version is then uploaded, and the editor is notified. The editor then reviews the text and notifies the author.\n\nThe editor and author should leave those changes with which they are satisfied. If further changes are necessary, the editor and author can make changes to the initial insertions or deletions, as well as make new insertions or deletions elsewhere in the text. Authors and editors should respond to each of the queries addressed to them, with responses placed inside the square brackets.\n\nAfter the text has been reviewed by editor and author, the copy editor will make a final pass over the text accepting the changes in preparation for the layout and galley stage.\n\n\n<strong>2. Harvard Educational Review</strong>\n\n<strong>Instructions for Making Electronic Revisions to the Manuscript</strong>\n\nPlease follow the following protocol for making electronic revisions to your manuscript:\n\n<strong>Responding to suggested changes.</strong>\n&nbsp; For each of the suggested changes that you accept, unbold the text.\n&nbsp; For each of the suggested changes that you do not accept, re-enter the original text and <strong>bold</strong> it.\n\n<strong>Making additions and deletions.</strong>\n&nbsp; Indicate additions by <strong>bolding</strong> the new text.\n&nbsp; Replace deleted sections with: <strong>[deleted text]</strong>.\n&nbsp; If you delete one or more sentence, please indicate with a note, e.g., <strong>[deleted 2 sentences]</strong>.\n\n<strong>Responding to Queries to the Author (QAs).</strong>\n&nbsp; Keep all QAs intact and bolded within the text. Do not delete them.\n&nbsp; To reply to a QA, add a comment after it. Comments should be delimited using:\n<strong>[Comment:]</strong>\n&nbsp; e.g., <strong>[Comment: Expanded discussion of methodology as you suggested]</strong>.\n\n<strong>Making comments.</strong>\n&nbsp; Use comments to explain organizational changes or major revisions\n&nbsp; e.g., <strong>[Comment: Moved the above paragraph from p. 5 to p. 7].</strong>\n&nbsp; Note: When referring to page numbers, please use the page numbers from the printed copy of the manuscript that was sent to you. This is important since page numbers may change as a document is revised electronically.\n\n<h4>An Illustration of an Electronic Revision</h4>\n\n<ol>\n<li><strong>Initial copyedit.</strong> The journal copy editor will edit the text to improve flow, clarity, grammar, wording, and formatting, as well as including author queries as necessary. Once the initial edit is complete, the copy editor will upload the revised document through the journal Web site and notify the author that the edited manuscript is available for review.</li>\n<li><strong>Author copyedit.</strong> Before making dramatic departures from the structure and organization of the edited manuscript, authors must check in with the editors who are co-chairing the piece. Authors should accept/reject any changes made during the initial copyediting, as appropriate, and respond to all author queries. When finished with the revisions, authors should rename the file from AuthorNameQA.doc to AuthorNameQAR.doc (e.g., from LeeQA.doc to LeeQAR.doc) and upload the revised document through the journal Web site as directed.</li>\n<li><strong>Final copyedit.</strong> The journal copy editor will verify changes made by the author and incorporate the responses to the author queries to create a final manuscript. When finished, the copy editor will upload the final document through the journal Web site and alert the layout editor to complete formatting.</li>\n</ol>', 'string'),
(8, 'en_US', 'librarianInformation', 'We encourage research librarians to list this journal among their library\'s electronic journal holdings. As well, it may be worth noting that this journal\'s open source publishing system is suitable for libraries to host for their faculty members to use with journals they are involved in editing (see <a href=\"http://pkp.sfu.ca/ojs\">Open Journal Systems</a>).', 'string'),
(8, 'en_US', 'lockssLicense', 'This journal utilizes the LOCKSS system to create a distributed archiving system among participating libraries and permits those libraries to create permanent archives of the journal for purposes of preservation and restoration. <a href=\"http://www.lockss.org/\">More...</a>', 'string'),
(8, 'en_US', 'name', 'elposys', 'string'),
(8, 'en_US', 'openAccessPolicy', 'This journal provides immediate open access to its content on the principle that making research freely available to the public supports a greater global exchange of knowledge.', 'string'),
(8, 'en_US', 'privacyStatement', '<p>The names and email addresses entered in this journal site will be used exclusively for the stated purposes of this journal and will not be made available for any other purpose or to any other party.</p>', 'string'),
(8, 'en_US', 'proofInstructions', '<p>The proofreading stage is intended to catch any errors in the galley\'s spelling, grammar, and formatting. More substantial changes cannot be made at this stage, unless discussed with the Section Editor. In Layout, click on VIEW PROOF to see the HTML, PDF, and other available file formats used in publishing this item.</p>\n	<h4>For Spelling and Grammar Errors</h4>\n\n	<p>Copy the problem word or groups of words and paste them into the Proofreading Corrections box with \"CHANGE-TO\" instructions to the editor as follows:</p>\n\n	<pre>1. CHANGE...\n	then the others\n	TO...\n	than the others</pre>\n	<br />\n	<pre>2. CHANGE...\n	Malinowsky\n	TO...\n	Malinowski</pre>\n	<br />\n\n	<h4>For Formatting Errors</h4>\n\n	<p>Describe the location and nature of the problem in the Proofreading Corrections box after typing in the title \"FORMATTING\" as follows:</p>\n	<br />\n	<pre>3. FORMATTING\n	The numbers in Table 3 are not aligned in the third column.</pre>\n	<br />\n	<pre>4. FORMATTING\n	The paragraph that begins \"This last topic...\" is not indented.</pre>', 'string'),
(8, 'en_US', 'readerInformation', 'We encourage readers to sign up for the publishing notification service for this journal. Use the <a href=\"http://localhost/eltek/index.php/elposys/user/register\">Register</a> link at the top of the home page for the journal. This registration will result in the reader receiving the Table of Contents by email for each new issue of the journal. This list also allows the journal to claim a certain level of support or readership. See the journal\'s <a href=\"http://localhost/eltek/index.php/elposys/about/submissions#privacyStatement\">Privacy Statement</a>, which assures readers that their name and email address will not be used for other purposes.', 'string'),
(8, 'en_US', 'refLinkInstructions', '<h4>To Add Reference Linking to the Layout Process</h4>\n	<p>When turning a submission into HTML or PDF, make sure that all hyperlinks in the submission are active.</p>\n	<h4>A. When the Author Provides a Link with the Reference</h4>\n	<ol>\n	<li>While the submission is still in its word processing format (e.g., Word), add the phrase VIEW ITEM to the end of the reference that has a URL.</li>\n	<li>Turn that phrase into a hyperlink by highlighting it and using Word\'s Insert Hyperlink tool and the URL prepared in #2.</li>\n	</ol>\n	<h4>B. Enabling Readers to Search Google Scholar For References</h4>\n	<ol>\n		<li>While the submission is still in its word processing format (e.g., Word), copy the title of the work referenced in the References list (if it appears to be too common a titlee.g., \"Peace\"then copy author and title).</li>\n		<li>Paste the reference\'s title between the %22\'s, placing a + between each word: http://scholar.google.com/scholar?q=%22PASTE+TITLE+HERE%22&hl=en&lr=&btnG=Search.</li>\n\n	<li>Add the phrase GS SEARCH to the end of each citation in the submission\'s References list.</li>\n	<li>Turn that phrase into a hyperlink by highlighting it and using Word\'s Insert Hyperlink tool and the URL prepared in #2.</li>\n	</ol>\n	<h4>C. Enabling Readers to Search for References with a DOI</h4>\n	<ol>\n	<li>While the submission is still in Word, copy a batch of references into CrossRef Text Query http://www.crossref.org/freeTextQuery/.</li>\n	<li>Paste each DOI that the Query provides in the following URL (between = and &): http://www.cmaj.ca/cgi/external_ref?access_num=PASTE DOI#HERE&link_type=DOI.</li>\n	<li>Add the phrase CrossRef to the end of each citation in the submission\'s References list.</li>\n	<li>Turn that phrase into a hyperlink by highlighting the phrase and using Word\'s Insert Hyperlink tool and the appropriate URL prepared in #2.</li>\n	</ol>', 'string'),
(8, 'en_US', 'submissionChecklist', 'a:5:{i:0;a:2:{s:7:\"content\";s:165:\"The submission has not been previously published, nor is it before another journal for consideration (or an explanation has been provided in Comments to the Editor).\";s:5:\"order\";s:1:\"1\";}i:1;a:2:{s:7:\"content\";s:82:\"The submission file is in OpenOffice, Microsoft Word, or RTF document file format.\";s:5:\"order\";s:1:\"2\";}i:2;a:2:{s:7:\"content\";s:60:\"Where available, URLs for the references have been provided.\";s:5:\"order\";s:1:\"3\";}i:3;a:2:{s:7:\"content\";s:239:\"The text is single-spaced; uses a 12-point font; employs italics, rather than underlining (except with URL addresses); and all illustrations, figures, and tables are placed within the text at the appropriate points, rather than at the end.\";s:5:\"order\";s:1:\"4\";}i:4;a:2:{s:7:\"content\";s:99:\"The text adheres to the stylistic and bibliographic requirements outlined in the Author Guidelines.\";s:5:\"order\";s:1:\"5\";}}', 'object'),
(9, '', 'copyrightYearBasis', 'issue', 'string'),
(9, '', 'defaultReviewMode', '2', 'int'),
(9, '', 'emailSignature', '<br/>\n________________________________________________________________________<br/>\n<a href=\"{$contextUrl}\">{$contextName}</a>', 'string'),
(9, '', 'enableOai', '1', 'bool'),
(9, '', 'itemsPerPage', '25', 'int'),
(9, '', 'keywordsEnabledSubmission', '1', 'bool'),
(9, '', 'keywordsEnabledWorkflow', '1', 'bool'),
(9, '', 'membershipFee', '0', 'int'),
(9, '', 'numPageLinks', '10', 'int'),
(9, '', 'numWeeksPerReview', '4', 'int'),
(9, '', 'publicationFee', '0', 'int'),
(9, '', 'purchaseArticleFee', '0', 'int'),
(9, '', 'reviewerAccessKeysEnabled', '1', 'bool'),
(9, '', 'supportedFormLocales', 'a:1:{i:0;s:5:\"en_US\";}', 'object'),
(9, '', 'supportedLocales', 'a:2:{i:0;s:5:\"en_US\";i:1;s:5:\"id_ID\";}', 'object'),
(9, '', 'supportedSubmissionLocales', 'a:1:{i:0;s:5:\"en_US\";}', 'object'),
(9, '', 'themePluginPath', 'default', 'string'),
(9, 'en_US', 'authorInformation', 'Interested in submitting to this journal? We recommend that you review the <a href=\"http://localhost/eltek/index.php/jartel/about\">About the Journal</a> page for the journal\'s section policies, as well as the <a href=\"http://localhost/eltek/index.php/jartel/about/submissions#authorGuidelines\">Author Guidelines</a>. Authors need to <a href=\"http://localhost/eltek/index.php/jartel/user/register\">register</a> with the journal prior to submitting or, if already registered, can simply <a href=\"http://localhost/eltek/index.php/index/login\">log in</a> and begin the five-step process.', 'string'),
(9, 'en_US', 'authorSelfArchivePolicy', 'This journal permits and encourages authors to post items submitted to the journal on personal websites or institutional repositories both prior to and after publication, while providing bibliographic details that credit, if applicable, its publication in this journal.', 'string'),
(9, 'en_US', 'clockssLicense', 'This journal utilizes the CLOCKSS system to create a distributed archiving system among participating libraries and permits those libraries to create permanent archives of the journal for purposes of preservation and restoration. <a href=\"http://clockss.org/\">More...</a>', 'string'),
(9, 'en_US', 'copyeditInstructions', 'The copyediting stage is intended to improve the flow, clarity, grammar, wording, and formatting of the article. It represents the last chance for the author to make any substantial changes to the text because the next stage is restricted to typos and formatting corrections.\n\nThe file to be copyedited is in Word or .rtf format and therefore can easily be edited as a word processing document. The set of instructions displayed here proposes two approaches to copyediting. One is based on Microsoft Word\'s Track Changes feature and requires that the copy editor, editor, and author have access to this program. A second system, which is software independent, has been borrowed, with permission, from the Harvard Educational Review. The journal editor is in a position to modify these instructions, so suggestions can be made to improve the process for this journal.\n\n\n<h4>Copyediting Systems</h4>\n\n<strong>1. Microsoft Word\'s Track Changes</strong>\n\nUnder Tools in the menu bar, the feature Track Changes enables the copy editor to make insertions (text appears in color) and deletions (text appears crossed out in color or in the margins as deleted). The copy editor can posit queries to both the author (Author Queries) and to the editor (Editor Queries) by inserting these queries in square brackets. The copyedited version is then uploaded, and the editor is notified. The editor then reviews the text and notifies the author.\n\nThe editor and author should leave those changes with which they are satisfied. If further changes are necessary, the editor and author can make changes to the initial insertions or deletions, as well as make new insertions or deletions elsewhere in the text. Authors and editors should respond to each of the queries addressed to them, with responses placed inside the square brackets.\n\nAfter the text has been reviewed by editor and author, the copy editor will make a final pass over the text accepting the changes in preparation for the layout and galley stage.\n\n\n<strong>2. Harvard Educational Review</strong>\n\n<strong>Instructions for Making Electronic Revisions to the Manuscript</strong>\n\nPlease follow the following protocol for making electronic revisions to your manuscript:\n\n<strong>Responding to suggested changes.</strong>\n&nbsp; For each of the suggested changes that you accept, unbold the text.\n&nbsp; For each of the suggested changes that you do not accept, re-enter the original text and <strong>bold</strong> it.\n\n<strong>Making additions and deletions.</strong>\n&nbsp; Indicate additions by <strong>bolding</strong> the new text.\n&nbsp; Replace deleted sections with: <strong>[deleted text]</strong>.\n&nbsp; If you delete one or more sentence, please indicate with a note, e.g., <strong>[deleted 2 sentences]</strong>.\n\n<strong>Responding to Queries to the Author (QAs).</strong>\n&nbsp; Keep all QAs intact and bolded within the text. Do not delete them.\n&nbsp; To reply to a QA, add a comment after it. Comments should be delimited using:\n<strong>[Comment:]</strong>\n&nbsp; e.g., <strong>[Comment: Expanded discussion of methodology as you suggested]</strong>.\n\n<strong>Making comments.</strong>\n&nbsp; Use comments to explain organizational changes or major revisions\n&nbsp; e.g., <strong>[Comment: Moved the above paragraph from p. 5 to p. 7].</strong>\n&nbsp; Note: When referring to page numbers, please use the page numbers from the printed copy of the manuscript that was sent to you. This is important since page numbers may change as a document is revised electronically.\n\n<h4>An Illustration of an Electronic Revision</h4>\n\n<ol>\n<li><strong>Initial copyedit.</strong> The journal copy editor will edit the text to improve flow, clarity, grammar, wording, and formatting, as well as including author queries as necessary. Once the initial edit is complete, the copy editor will upload the revised document through the journal Web site and notify the author that the edited manuscript is available for review.</li>\n<li><strong>Author copyedit.</strong> Before making dramatic departures from the structure and organization of the edited manuscript, authors must check in with the editors who are co-chairing the piece. Authors should accept/reject any changes made during the initial copyediting, as appropriate, and respond to all author queries. When finished with the revisions, authors should rename the file from AuthorNameQA.doc to AuthorNameQAR.doc (e.g., from LeeQA.doc to LeeQAR.doc) and upload the revised document through the journal Web site as directed.</li>\n<li><strong>Final copyedit.</strong> The journal copy editor will verify changes made by the author and incorporate the responses to the author queries to create a final manuscript. When finished, the copy editor will upload the final document through the journal Web site and alert the layout editor to complete formatting.</li>\n</ol>', 'string'),
(9, 'en_US', 'librarianInformation', 'We encourage research librarians to list this journal among their library\'s electronic journal holdings. As well, it may be worth noting that this journal\'s open source publishing system is suitable for libraries to host for their faculty members to use with journals they are involved in editing (see <a href=\"http://pkp.sfu.ca/ojs\">Open Journal Systems</a>).', 'string'),
(9, 'en_US', 'lockssLicense', 'This journal utilizes the LOCKSS system to create a distributed archiving system among participating libraries and permits those libraries to create permanent archives of the journal for purposes of preservation and restoration. <a href=\"http://www.lockss.org/\">More...</a>', 'string'),
(9, 'en_US', 'name', 'Jurnal Jartel', 'string'),
(9, 'en_US', 'openAccessPolicy', 'This journal provides immediate open access to its content on the principle that making research freely available to the public supports a greater global exchange of knowledge.', 'string'),
(9, 'en_US', 'privacyStatement', '<p>The names and email addresses entered in this journal site will be used exclusively for the stated purposes of this journal and will not be made available for any other purpose or to any other party.</p>', 'string'),
(9, 'en_US', 'proofInstructions', '<p>The proofreading stage is intended to catch any errors in the galley\'s spelling, grammar, and formatting. More substantial changes cannot be made at this stage, unless discussed with the Section Editor. In Layout, click on VIEW PROOF to see the HTML, PDF, and other available file formats used in publishing this item.</p>\n	<h4>For Spelling and Grammar Errors</h4>\n\n	<p>Copy the problem word or groups of words and paste them into the Proofreading Corrections box with \"CHANGE-TO\" instructions to the editor as follows:</p>\n\n	<pre>1. CHANGE...\n	then the others\n	TO...\n	than the others</pre>\n	<br />\n	<pre>2. CHANGE...\n	Malinowsky\n	TO...\n	Malinowski</pre>\n	<br />\n\n	<h4>For Formatting Errors</h4>\n\n	<p>Describe the location and nature of the problem in the Proofreading Corrections box after typing in the title \"FORMATTING\" as follows:</p>\n	<br />\n	<pre>3. FORMATTING\n	The numbers in Table 3 are not aligned in the third column.</pre>\n	<br />\n	<pre>4. FORMATTING\n	The paragraph that begins \"This last topic...\" is not indented.</pre>', 'string'),
(9, 'en_US', 'readerInformation', 'We encourage readers to sign up for the publishing notification service for this journal. Use the <a href=\"http://localhost/eltek/index.php/jartel/user/register\">Register</a> link at the top of the home page for the journal. This registration will result in the reader receiving the Table of Contents by email for each new issue of the journal. This list also allows the journal to claim a certain level of support or readership. See the journal\'s <a href=\"http://localhost/eltek/index.php/jartel/about/submissions#privacyStatement\">Privacy Statement</a>, which assures readers that their name and email address will not be used for other purposes.', 'string'),
(9, 'en_US', 'refLinkInstructions', '<h4>To Add Reference Linking to the Layout Process</h4>\n	<p>When turning a submission into HTML or PDF, make sure that all hyperlinks in the submission are active.</p>\n	<h4>A. When the Author Provides a Link with the Reference</h4>\n	<ol>\n	<li>While the submission is still in its word processing format (e.g., Word), add the phrase VIEW ITEM to the end of the reference that has a URL.</li>\n	<li>Turn that phrase into a hyperlink by highlighting it and using Word\'s Insert Hyperlink tool and the URL prepared in #2.</li>\n	</ol>\n	<h4>B. Enabling Readers to Search Google Scholar For References</h4>\n	<ol>\n		<li>While the submission is still in its word processing format (e.g., Word), copy the title of the work referenced in the References list (if it appears to be too common a titlee.g., \"Peace\"then copy author and title).</li>\n		<li>Paste the reference\'s title between the %22\'s, placing a + between each word: http://scholar.google.com/scholar?q=%22PASTE+TITLE+HERE%22&hl=en&lr=&btnG=Search.</li>\n\n	<li>Add the phrase GS SEARCH to the end of each citation in the submission\'s References list.</li>\n	<li>Turn that phrase into a hyperlink by highlighting it and using Word\'s Insert Hyperlink tool and the URL prepared in #2.</li>\n	</ol>\n	<h4>C. Enabling Readers to Search for References with a DOI</h4>\n	<ol>\n	<li>While the submission is still in Word, copy a batch of references into CrossRef Text Query http://www.crossref.org/freeTextQuery/.</li>\n	<li>Paste each DOI that the Query provides in the following URL (between = and &): http://www.cmaj.ca/cgi/external_ref?access_num=PASTE DOI#HERE&link_type=DOI.</li>\n	<li>Add the phrase CrossRef to the end of each citation in the submission\'s References list.</li>\n	<li>Turn that phrase into a hyperlink by highlighting the phrase and using Word\'s Insert Hyperlink tool and the appropriate URL prepared in #2.</li>\n	</ol>', 'string'),
(9, 'en_US', 'submissionChecklist', 'a:5:{i:0;a:2:{s:7:\"content\";s:165:\"The submission has not been previously published, nor is it before another journal for consideration (or an explanation has been provided in Comments to the Editor).\";s:5:\"order\";s:1:\"1\";}i:1;a:2:{s:7:\"content\";s:82:\"The submission file is in OpenOffice, Microsoft Word, or RTF document file format.\";s:5:\"order\";s:1:\"2\";}i:2;a:2:{s:7:\"content\";s:60:\"Where available, URLs for the references have been provided.\";s:5:\"order\";s:1:\"3\";}i:3;a:2:{s:7:\"content\";s:239:\"The text is single-spaced; uses a 12-point font; employs italics, rather than underlining (except with URL addresses); and all illustrations, figures, and tables are placed within the text at the appropriate points, rather than at the end.\";s:5:\"order\";s:1:\"4\";}i:4;a:2:{s:7:\"content\";s:99:\"The text adheres to the stylistic and bibliographic requirements outlined in the Author Guidelines.\";s:5:\"order\";s:1:\"5\";}}', 'object'),
(10, '', 'copyrightYearBasis', 'issue', 'string'),
(10, '', 'defaultReviewMode', '2', 'int'),
(10, '', 'emailSignature', '<br/>\n________________________________________________________________________<br/>\n<a href=\"{$contextUrl}\">{$contextName}</a>', 'string'),
(10, '', 'enableOai', '1', 'bool'),
(10, '', 'itemsPerPage', '25', 'int'),
(10, '', 'keywordsEnabledSubmission', '1', 'bool'),
(10, '', 'keywordsEnabledWorkflow', '1', 'bool'),
(10, '', 'membershipFee', '0', 'int'),
(10, '', 'navItems', 'N;', 'object'),
(10, '', 'numPageLinks', '10', 'int'),
(10, '', 'numWeeksPerReview', '4', 'int'),
(10, '', 'publicationFee', '0', 'int'),
(10, '', 'purchaseArticleFee', '0', 'int'),
(10, '', 'reviewerAccessKeysEnabled', '1', 'bool'),
(10, '', 'styleSheet', 'a:3:{s:4:\"name\";s:7:\"ojs.css\";s:10:\"uploadName\";s:14:\"styleSheet.css\";s:12:\"dateUploaded\";s:19:\"2020-06-09 06:48:04\";}', 'object'),
(10, '', 'supportedFormLocales', 'a:1:{i:0;s:5:\"en_US\";}', 'object'),
(10, '', 'supportedLocales', 'a:2:{i:0;s:5:\"en_US\";i:1;s:5:\"id_ID\";}', 'object'),
(10, '', 'supportedSubmissionLocales', 'a:1:{i:0;s:5:\"en_US\";}', 'object'),
(10, '', 'themePluginPath', 'default', 'string'),
(10, 'en_US', 'authorInformation', 'Interested in submitting to this journal? We recommend that you review the <a href=\"http://localhost/eltek/index.php/jab/about\">About the Journal</a> page for the journal\'s section policies, as well as the <a href=\"http://localhost/eltek/index.php/jab/about/submissions#authorGuidelines\">Author Guidelines</a>. Authors need to <a href=\"http://localhost/eltek/index.php/jab/user/register\">register</a> with the journal prior to submitting or, if already registered, can simply <a href=\"http://localhost/eltek/index.php/index/login\">log in</a> and begin the five-step process.', 'string'),
(10, 'en_US', 'authorSelfArchivePolicy', 'This journal permits and encourages authors to post items submitted to the journal on personal websites or institutional repositories both prior to and after publication, while providing bibliographic details that credit, if applicable, its publication in this journal.', 'string'),
(10, 'en_US', 'clockssLicense', 'This journal utilizes the CLOCKSS system to create a distributed archiving system among participating libraries and permits those libraries to create permanent archives of the journal for purposes of preservation and restoration. <a href=\"http://clockss.org/\">More...</a>', 'string'),
(10, 'en_US', 'copyeditInstructions', 'The copyediting stage is intended to improve the flow, clarity, grammar, wording, and formatting of the article. It represents the last chance for the author to make any substantial changes to the text because the next stage is restricted to typos and formatting corrections.\n\nThe file to be copyedited is in Word or .rtf format and therefore can easily be edited as a word processing document. The set of instructions displayed here proposes two approaches to copyediting. One is based on Microsoft Word\'s Track Changes feature and requires that the copy editor, editor, and author have access to this program. A second system, which is software independent, has been borrowed, with permission, from the Harvard Educational Review. The journal editor is in a position to modify these instructions, so suggestions can be made to improve the process for this journal.\n\n\n<h4>Copyediting Systems</h4>\n\n<strong>1. Microsoft Word\'s Track Changes</strong>\n\nUnder Tools in the menu bar, the feature Track Changes enables the copy editor to make insertions (text appears in color) and deletions (text appears crossed out in color or in the margins as deleted). The copy editor can posit queries to both the author (Author Queries) and to the editor (Editor Queries) by inserting these queries in square brackets. The copyedited version is then uploaded, and the editor is notified. The editor then reviews the text and notifies the author.\n\nThe editor and author should leave those changes with which they are satisfied. If further changes are necessary, the editor and author can make changes to the initial insertions or deletions, as well as make new insertions or deletions elsewhere in the text. Authors and editors should respond to each of the queries addressed to them, with responses placed inside the square brackets.\n\nAfter the text has been reviewed by editor and author, the copy editor will make a final pass over the text accepting the changes in preparation for the layout and galley stage.\n\n\n<strong>2. Harvard Educational Review</strong>\n\n<strong>Instructions for Making Electronic Revisions to the Manuscript</strong>\n\nPlease follow the following protocol for making electronic revisions to your manuscript:\n\n<strong>Responding to suggested changes.</strong>\n&nbsp; For each of the suggested changes that you accept, unbold the text.\n&nbsp; For each of the suggested changes that you do not accept, re-enter the original text and <strong>bold</strong> it.\n\n<strong>Making additions and deletions.</strong>\n&nbsp; Indicate additions by <strong>bolding</strong> the new text.\n&nbsp; Replace deleted sections with: <strong>[deleted text]</strong>.\n&nbsp; If you delete one or more sentence, please indicate with a note, e.g., <strong>[deleted 2 sentences]</strong>.\n\n<strong>Responding to Queries to the Author (QAs).</strong>\n&nbsp; Keep all QAs intact and bolded within the text. Do not delete them.\n&nbsp; To reply to a QA, add a comment after it. Comments should be delimited using:\n<strong>[Comment:]</strong>\n&nbsp; e.g., <strong>[Comment: Expanded discussion of methodology as you suggested]</strong>.\n\n<strong>Making comments.</strong>\n&nbsp; Use comments to explain organizational changes or major revisions\n&nbsp; e.g., <strong>[Comment: Moved the above paragraph from p. 5 to p. 7].</strong>\n&nbsp; Note: When referring to page numbers, please use the page numbers from the printed copy of the manuscript that was sent to you. This is important since page numbers may change as a document is revised electronically.\n\n<h4>An Illustration of an Electronic Revision</h4>\n\n<ol>\n<li><strong>Initial copyedit.</strong> The journal copy editor will edit the text to improve flow, clarity, grammar, wording, and formatting, as well as including author queries as necessary. Once the initial edit is complete, the copy editor will upload the revised document through the journal Web site and notify the author that the edited manuscript is available for review.</li>\n<li><strong>Author copyedit.</strong> Before making dramatic departures from the structure and organization of the edited manuscript, authors must check in with the editors who are co-chairing the piece. Authors should accept/reject any changes made during the initial copyediting, as appropriate, and respond to all author queries. When finished with the revisions, authors should rename the file from AuthorNameQA.doc to AuthorNameQAR.doc (e.g., from LeeQA.doc to LeeQAR.doc) and upload the revised document through the journal Web site as directed.</li>\n<li><strong>Final copyedit.</strong> The journal copy editor will verify changes made by the author and incorporate the responses to the author queries to create a final manuscript. When finished, the copy editor will upload the final document through the journal Web site and alert the layout editor to complete formatting.</li>\n</ol>', 'string'),
(10, 'en_US', 'homepageImage', 'a:6:{s:4:\"name\";s:13:\"cover iap.jpg\";s:10:\"uploadName\";s:23:\"homepageImage_en_US.jpg\";s:5:\"width\";i:1280;s:6:\"height\";i:841;s:12:\"dateUploaded\";s:19:\"2020-06-09 06:55:11\";s:7:\"altText\";s:0:\"\";}', 'object'),
(10, 'en_US', 'journalThumbnail', 'a:6:{s:4:\"name\";s:13:\"cover iap.jpg\";s:10:\"uploadName\";s:26:\"journalThumbnail_en_US.jpg\";s:5:\"width\";i:1280;s:6:\"height\";i:841;s:12:\"dateUploaded\";s:19:\"2020-06-09 06:52:50\";s:7:\"altText\";s:0:\"\";}', 'object'),
(10, 'en_US', 'librarianInformation', 'We encourage research librarians to list this journal among their library\'s electronic journal holdings. As well, it may be worth noting that this journal\'s open source publishing system is suitable for libraries to host for their faculty members to use with journals they are involved in editing (see <a href=\"http://pkp.sfu.ca/ojs\">Open Journal Systems</a>).', 'string'),
(10, 'en_US', 'lockssLicense', 'This journal utilizes the LOCKSS system to create a distributed archiving system among participating libraries and permits those libraries to create permanent archives of the journal for purposes of preservation and restoration. <a href=\"http://www.lockss.org/\">More...</a>', 'string'),
(10, 'en_US', 'name', 'Jurnal Administrasi Bisnis', 'string'),
(10, 'en_US', 'openAccessPolicy', 'This journal provides immediate open access to its content on the principle that making research freely available to the public supports a greater global exchange of knowledge.', 'string'),
(10, 'en_US', 'pageHeaderLogoImage', 'a:6:{s:4:\"name\";s:7:\"jab.png\";s:10:\"uploadName\";s:29:\"pageHeaderLogoImage_en_US.png\";s:5:\"width\";i:605;s:6:\"height\";i:110;s:12:\"dateUploaded\";s:19:\"2020-06-09 06:35:07\";s:7:\"altText\";s:0:\"\";}', 'object'),
(10, 'en_US', 'privacyStatement', '<p>The names and email addresses entered in this journal site will be used exclusively for the stated purposes of this journal and will not be made available for any other purpose or to any other party.</p>', 'string'),
(10, 'en_US', 'proofInstructions', '<p>The proofreading stage is intended to catch any errors in the galley\'s spelling, grammar, and formatting. More substantial changes cannot be made at this stage, unless discussed with the Section Editor. In Layout, click on VIEW PROOF to see the HTML, PDF, and other available file formats used in publishing this item.</p>\n	<h4>For Spelling and Grammar Errors</h4>\n\n	<p>Copy the problem word or groups of words and paste them into the Proofreading Corrections box with \"CHANGE-TO\" instructions to the editor as follows:</p>\n\n	<pre>1. CHANGE...\n	then the others\n	TO...\n	than the others</pre>\n	<br />\n	<pre>2. CHANGE...\n	Malinowsky\n	TO...\n	Malinowski</pre>\n	<br />\n\n	<h4>For Formatting Errors</h4>\n\n	<p>Describe the location and nature of the problem in the Proofreading Corrections box after typing in the title \"FORMATTING\" as follows:</p>\n	<br />\n	<pre>3. FORMATTING\n	The numbers in Table 3 are not aligned in the third column.</pre>\n	<br />\n	<pre>4. FORMATTING\n	The paragraph that begins \"This last topic...\" is not indented.</pre>', 'string'),
(10, 'en_US', 'readerInformation', 'We encourage readers to sign up for the publishing notification service for this journal. Use the <a href=\"http://localhost/eltek/index.php/jab/user/register\">Register</a> link at the top of the home page for the journal. This registration will result in the reader receiving the Table of Contents by email for each new issue of the journal. This list also allows the journal to claim a certain level of support or readership. See the journal\'s <a href=\"http://localhost/eltek/index.php/jab/about/submissions#privacyStatement\">Privacy Statement</a>, which assures readers that their name and email address will not be used for other purposes.', 'string'),
(10, 'en_US', 'refLinkInstructions', '<h4>To Add Reference Linking to the Layout Process</h4>\n	<p>When turning a submission into HTML or PDF, make sure that all hyperlinks in the submission are active.</p>\n	<h4>A. When the Author Provides a Link with the Reference</h4>\n	<ol>\n	<li>While the submission is still in its word processing format (e.g., Word), add the phrase VIEW ITEM to the end of the reference that has a URL.</li>\n	<li>Turn that phrase into a hyperlink by highlighting it and using Word\'s Insert Hyperlink tool and the URL prepared in #2.</li>\n	</ol>\n	<h4>B. Enabling Readers to Search Google Scholar For References</h4>\n	<ol>\n		<li>While the submission is still in its word processing format (e.g., Word), copy the title of the work referenced in the References list (if it appears to be too common a titlee.g., \"Peace\"then copy author and title).</li>\n		<li>Paste the reference\'s title between the %22\'s, placing a + between each word: http://scholar.google.com/scholar?q=%22PASTE+TITLE+HERE%22&hl=en&lr=&btnG=Search.</li>\n\n	<li>Add the phrase GS SEARCH to the end of each citation in the submission\'s References list.</li>\n	<li>Turn that phrase into a hyperlink by highlighting it and using Word\'s Insert Hyperlink tool and the URL prepared in #2.</li>\n	</ol>\n	<h4>C. Enabling Readers to Search for References with a DOI</h4>\n	<ol>\n	<li>While the submission is still in Word, copy a batch of references into CrossRef Text Query http://www.crossref.org/freeTextQuery/.</li>\n	<li>Paste each DOI that the Query provides in the following URL (between = and &): http://www.cmaj.ca/cgi/external_ref?access_num=PASTE DOI#HERE&link_type=DOI.</li>\n	<li>Add the phrase CrossRef to the end of each citation in the submission\'s References list.</li>\n	<li>Turn that phrase into a hyperlink by highlighting the phrase and using Word\'s Insert Hyperlink tool and the appropriate URL prepared in #2.</li>\n	</ol>', 'string'),
(10, 'en_US', 'submissionChecklist', 'a:5:{i:0;a:2:{s:7:\"content\";s:165:\"The submission has not been previously published, nor is it before another journal for consideration (or an explanation has been provided in Comments to the Editor).\";s:5:\"order\";s:1:\"1\";}i:1;a:2:{s:7:\"content\";s:82:\"The submission file is in OpenOffice, Microsoft Word, or RTF document file format.\";s:5:\"order\";s:1:\"2\";}i:2;a:2:{s:7:\"content\";s:60:\"Where available, URLs for the references have been provided.\";s:5:\"order\";s:1:\"3\";}i:3;a:2:{s:7:\"content\";s:239:\"The text is single-spaced; uses a 12-point font; employs italics, rather than underlining (except with URL addresses); and all illustrations, figures, and tables are placed within the text at the appropriate points, rather than at the end.\";s:5:\"order\";s:1:\"4\";}i:4;a:2:{s:7:\"content\";s:99:\"The text adheres to the stylistic and bibliographic requirements outlined in the Author Guidelines.\";s:5:\"order\";s:1:\"5\";}}', 'object'),
(11, '', 'copyrightYearBasis', 'issue', 'string'),
(11, '', 'defaultReviewMode', '2', 'int'),
(11, '', 'emailSignature', '<br/>\n________________________________________________________________________<br/>\n<a href=\"{$contextUrl}\">{$contextName}</a>', 'string'),
(11, '', 'enableOai', '1', 'bool'),
(11, '', 'itemsPerPage', '25', 'int'),
(11, '', 'keywordsEnabledSubmission', '1', 'bool'),
(11, '', 'keywordsEnabledWorkflow', '1', 'bool'),
(11, '', 'membershipFee', '0', 'int'),
(11, '', 'numPageLinks', '10', 'int'),
(11, '', 'numWeeksPerReview', '4', 'int'),
(11, '', 'publicationFee', '0', 'int'),
(11, '', 'purchaseArticleFee', '0', 'int'),
(11, '', 'reviewerAccessKeysEnabled', '1', 'bool'),
(11, '', 'supportedFormLocales', 'a:1:{i:0;s:5:\"en_US\";}', 'object'),
(11, '', 'supportedLocales', 'a:2:{i:0;s:5:\"en_US\";i:1;s:5:\"id_ID\";}', 'object'),
(11, '', 'supportedSubmissionLocales', 'a:1:{i:0;s:5:\"en_US\";}', 'object'),
(11, '', 'themePluginPath', 'default', 'string'),
(11, 'en_US', 'authorInformation', 'Interested in submitting to this journal? We recommend that you review the <a href=\"http://localhost/eltek/index.php/prokons/about\">About the Journal</a> page for the journal\'s section policies, as well as the <a href=\"http://localhost/eltek/index.php/prokons/about/submissions#authorGuidelines\">Author Guidelines</a>. Authors need to <a href=\"http://localhost/eltek/index.php/prokons/user/register\">register</a> with the journal prior to submitting or, if already registered, can simply <a href=\"http://localhost/eltek/index.php/index/login\">log in</a> and begin the five-step process.', 'string'),
(11, 'en_US', 'authorSelfArchivePolicy', 'This journal permits and encourages authors to post items submitted to the journal on personal websites or institutional repositories both prior to and after publication, while providing bibliographic details that credit, if applicable, its publication in this journal.', 'string'),
(11, 'en_US', 'clockssLicense', 'This journal utilizes the CLOCKSS system to create a distributed archiving system among participating libraries and permits those libraries to create permanent archives of the journal for purposes of preservation and restoration. <a href=\"http://clockss.org/\">More...</a>', 'string'),
(11, 'en_US', 'copyeditInstructions', 'The copyediting stage is intended to improve the flow, clarity, grammar, wording, and formatting of the article. It represents the last chance for the author to make any substantial changes to the text because the next stage is restricted to typos and formatting corrections.\n\nThe file to be copyedited is in Word or .rtf format and therefore can easily be edited as a word processing document. The set of instructions displayed here proposes two approaches to copyediting. One is based on Microsoft Word\'s Track Changes feature and requires that the copy editor, editor, and author have access to this program. A second system, which is software independent, has been borrowed, with permission, from the Harvard Educational Review. The journal editor is in a position to modify these instructions, so suggestions can be made to improve the process for this journal.\n\n\n<h4>Copyediting Systems</h4>\n\n<strong>1. Microsoft Word\'s Track Changes</strong>\n\nUnder Tools in the menu bar, the feature Track Changes enables the copy editor to make insertions (text appears in color) and deletions (text appears crossed out in color or in the margins as deleted). The copy editor can posit queries to both the author (Author Queries) and to the editor (Editor Queries) by inserting these queries in square brackets. The copyedited version is then uploaded, and the editor is notified. The editor then reviews the text and notifies the author.\n\nThe editor and author should leave those changes with which they are satisfied. If further changes are necessary, the editor and author can make changes to the initial insertions or deletions, as well as make new insertions or deletions elsewhere in the text. Authors and editors should respond to each of the queries addressed to them, with responses placed inside the square brackets.\n\nAfter the text has been reviewed by editor and author, the copy editor will make a final pass over the text accepting the changes in preparation for the layout and galley stage.\n\n\n<strong>2. Harvard Educational Review</strong>\n\n<strong>Instructions for Making Electronic Revisions to the Manuscript</strong>\n\nPlease follow the following protocol for making electronic revisions to your manuscript:\n\n<strong>Responding to suggested changes.</strong>\n&nbsp; For each of the suggested changes that you accept, unbold the text.\n&nbsp; For each of the suggested changes that you do not accept, re-enter the original text and <strong>bold</strong> it.\n\n<strong>Making additions and deletions.</strong>\n&nbsp; Indicate additions by <strong>bolding</strong> the new text.\n&nbsp; Replace deleted sections with: <strong>[deleted text]</strong>.\n&nbsp; If you delete one or more sentence, please indicate with a note, e.g., <strong>[deleted 2 sentences]</strong>.\n\n<strong>Responding to Queries to the Author (QAs).</strong>\n&nbsp; Keep all QAs intact and bolded within the text. Do not delete them.\n&nbsp; To reply to a QA, add a comment after it. Comments should be delimited using:\n<strong>[Comment:]</strong>\n&nbsp; e.g., <strong>[Comment: Expanded discussion of methodology as you suggested]</strong>.\n\n<strong>Making comments.</strong>\n&nbsp; Use comments to explain organizational changes or major revisions\n&nbsp; e.g., <strong>[Comment: Moved the above paragraph from p. 5 to p. 7].</strong>\n&nbsp; Note: When referring to page numbers, please use the page numbers from the printed copy of the manuscript that was sent to you. This is important since page numbers may change as a document is revised electronically.\n\n<h4>An Illustration of an Electronic Revision</h4>\n\n<ol>\n<li><strong>Initial copyedit.</strong> The journal copy editor will edit the text to improve flow, clarity, grammar, wording, and formatting, as well as including author queries as necessary. Once the initial edit is complete, the copy editor will upload the revised document through the journal Web site and notify the author that the edited manuscript is available for review.</li>\n<li><strong>Author copyedit.</strong> Before making dramatic departures from the structure and organization of the edited manuscript, authors must check in with the editors who are co-chairing the piece. Authors should accept/reject any changes made during the initial copyediting, as appropriate, and respond to all author queries. When finished with the revisions, authors should rename the file from AuthorNameQA.doc to AuthorNameQAR.doc (e.g., from LeeQA.doc to LeeQAR.doc) and upload the revised document through the journal Web site as directed.</li>\n<li><strong>Final copyedit.</strong> The journal copy editor will verify changes made by the author and incorporate the responses to the author queries to create a final manuscript. When finished, the copy editor will upload the final document through the journal Web site and alert the layout editor to complete formatting.</li>\n</ol>', 'string'),
(11, 'en_US', 'librarianInformation', 'We encourage research librarians to list this journal among their library\'s electronic journal holdings. As well, it may be worth noting that this journal\'s open source publishing system is suitable for libraries to host for their faculty members to use with journals they are involved in editing (see <a href=\"http://pkp.sfu.ca/ojs\">Open Journal Systems</a>).', 'string'),
(11, 'en_US', 'lockssLicense', 'This journal utilizes the LOCKSS system to create a distributed archiving system among participating libraries and permits those libraries to create permanent archives of the journal for purposes of preservation and restoration. <a href=\"http://www.lockss.org/\">More...</a>', 'string'),
(11, 'en_US', 'name', 'Jurnal Prokons', 'string'),
(11, 'en_US', 'openAccessPolicy', 'This journal provides immediate open access to its content on the principle that making research freely available to the public supports a greater global exchange of knowledge.', 'string'),
(11, 'en_US', 'privacyStatement', '<p>The names and email addresses entered in this journal site will be used exclusively for the stated purposes of this journal and will not be made available for any other purpose or to any other party.</p>', 'string'),
(11, 'en_US', 'proofInstructions', '<p>The proofreading stage is intended to catch any errors in the galley\'s spelling, grammar, and formatting. More substantial changes cannot be made at this stage, unless discussed with the Section Editor. In Layout, click on VIEW PROOF to see the HTML, PDF, and other available file formats used in publishing this item.</p>\n	<h4>For Spelling and Grammar Errors</h4>\n\n	<p>Copy the problem word or groups of words and paste them into the Proofreading Corrections box with \"CHANGE-TO\" instructions to the editor as follows:</p>\n\n	<pre>1. CHANGE...\n	then the others\n	TO...\n	than the others</pre>\n	<br />\n	<pre>2. CHANGE...\n	Malinowsky\n	TO...\n	Malinowski</pre>\n	<br />\n\n	<h4>For Formatting Errors</h4>\n\n	<p>Describe the location and nature of the problem in the Proofreading Corrections box after typing in the title \"FORMATTING\" as follows:</p>\n	<br />\n	<pre>3. FORMATTING\n	The numbers in Table 3 are not aligned in the third column.</pre>\n	<br />\n	<pre>4. FORMATTING\n	The paragraph that begins \"This last topic...\" is not indented.</pre>', 'string'),
(11, 'en_US', 'readerInformation', 'We encourage readers to sign up for the publishing notification service for this journal. Use the <a href=\"http://localhost/eltek/index.php/prokons/user/register\">Register</a> link at the top of the home page for the journal. This registration will result in the reader receiving the Table of Contents by email for each new issue of the journal. This list also allows the journal to claim a certain level of support or readership. See the journal\'s <a href=\"http://localhost/eltek/index.php/prokons/about/submissions#privacyStatement\">Privacy Statement</a>, which assures readers that their name and email address will not be used for other purposes.', 'string');
INSERT INTO `journal_settings` (`journal_id`, `locale`, `setting_name`, `setting_value`, `setting_type`) VALUES
(11, 'en_US', 'refLinkInstructions', '<h4>To Add Reference Linking to the Layout Process</h4>\n	<p>When turning a submission into HTML or PDF, make sure that all hyperlinks in the submission are active.</p>\n	<h4>A. When the Author Provides a Link with the Reference</h4>\n	<ol>\n	<li>While the submission is still in its word processing format (e.g., Word), add the phrase VIEW ITEM to the end of the reference that has a URL.</li>\n	<li>Turn that phrase into a hyperlink by highlighting it and using Word\'s Insert Hyperlink tool and the URL prepared in #2.</li>\n	</ol>\n	<h4>B. Enabling Readers to Search Google Scholar For References</h4>\n	<ol>\n		<li>While the submission is still in its word processing format (e.g., Word), copy the title of the work referenced in the References list (if it appears to be too common a titlee.g., \"Peace\"then copy author and title).</li>\n		<li>Paste the reference\'s title between the %22\'s, placing a + between each word: http://scholar.google.com/scholar?q=%22PASTE+TITLE+HERE%22&hl=en&lr=&btnG=Search.</li>\n\n	<li>Add the phrase GS SEARCH to the end of each citation in the submission\'s References list.</li>\n	<li>Turn that phrase into a hyperlink by highlighting it and using Word\'s Insert Hyperlink tool and the URL prepared in #2.</li>\n	</ol>\n	<h4>C. Enabling Readers to Search for References with a DOI</h4>\n	<ol>\n	<li>While the submission is still in Word, copy a batch of references into CrossRef Text Query http://www.crossref.org/freeTextQuery/.</li>\n	<li>Paste each DOI that the Query provides in the following URL (between = and &): http://www.cmaj.ca/cgi/external_ref?access_num=PASTE DOI#HERE&link_type=DOI.</li>\n	<li>Add the phrase CrossRef to the end of each citation in the submission\'s References list.</li>\n	<li>Turn that phrase into a hyperlink by highlighting the phrase and using Word\'s Insert Hyperlink tool and the appropriate URL prepared in #2.</li>\n	</ol>', 'string'),
(11, 'en_US', 'submissionChecklist', 'a:5:{i:0;a:2:{s:7:\"content\";s:165:\"The submission has not been previously published, nor is it before another journal for consideration (or an explanation has been provided in Comments to the Editor).\";s:5:\"order\";s:1:\"1\";}i:1;a:2:{s:7:\"content\";s:82:\"The submission file is in OpenOffice, Microsoft Word, or RTF document file format.\";s:5:\"order\";s:1:\"2\";}i:2;a:2:{s:7:\"content\";s:60:\"Where available, URLs for the references have been provided.\";s:5:\"order\";s:1:\"3\";}i:3;a:2:{s:7:\"content\";s:239:\"The text is single-spaced; uses a 12-point font; employs italics, rather than underlining (except with URL addresses); and all illustrations, figures, and tables are placed within the text at the appropriate points, rather than at the end.\";s:5:\"order\";s:1:\"4\";}i:4;a:2:{s:7:\"content\";s:99:\"The text adheres to the stylistic and bibliographic requirements outlined in the Author Guidelines.\";s:5:\"order\";s:1:\"5\";}}', 'object'),
(12, '', 'copyrightYearBasis', 'issue', 'string'),
(12, '', 'defaultReviewMode', '2', 'int'),
(12, '', 'emailSignature', '<br/>\n________________________________________________________________________<br/>\n<a href=\"{$contextUrl}\">{$contextName}</a>', 'string'),
(12, '', 'enableOai', '1', 'bool'),
(12, '', 'itemsPerPage', '25', 'int'),
(12, '', 'keywordsEnabledSubmission', '1', 'bool'),
(12, '', 'keywordsEnabledWorkflow', '1', 'bool'),
(12, '', 'membershipFee', '0', 'int'),
(12, '', 'navItems', 'N;', 'object'),
(12, '', 'numPageLinks', '10', 'int'),
(12, '', 'numWeeksPerReview', '4', 'int'),
(12, '', 'onlineIssn', '', 'string'),
(12, '', 'printIssn', '', 'string'),
(12, '', 'publicationFee', '0', 'int'),
(12, '', 'publisherInstitution', '', 'string'),
(12, '', 'purchaseArticleFee', '0', 'int'),
(12, '', 'reviewerAccessKeysEnabled', '1', 'bool'),
(12, '', 'styleSheet', 'a:3:{s:4:\"name\";s:7:\"ojs.css\";s:10:\"uploadName\";s:14:\"styleSheet.css\";s:12:\"dateUploaded\";s:19:\"2020-06-09 02:23:08\";}', 'object'),
(12, '', 'supportedFormLocales', 'a:1:{i:0;s:5:\"en_US\";}', 'object'),
(12, '', 'supportedLocales', 'a:2:{i:0;s:5:\"en_US\";i:1;s:5:\"id_ID\";}', 'object'),
(12, '', 'supportedSubmissionLocales', 'a:1:{i:0;s:5:\"en_US\";}', 'object'),
(12, '', 'themePluginPath', 'default', 'string'),
(12, 'en_US', 'acronym', 'iap', 'string'),
(12, 'en_US', 'additionalHomeContent', '<p>Jurnal Teknik Ilmu dan Aplikasi merupakan jurnal ilmiah yang berasal dari tugas akhir mahasiswa ataupun hasil penelitian mahasiswa yang berdasar dari teori berdasarkan lingkup teknik ilmu dan aplikasi lainnya. Jurnal ini terbit setahun dua kali yaitu pada bulan Juli dan Desember.&nbsp;&nbsp;</p>\r\n<p>Jurnal IAP ini memiliki Elektronik ISSN dengan nomer <a href=\"http://u.lipi.go.id/1525845106\" target=\"_blank\" rel=\"noopener\"><strong>2621-xxx</strong></a>&nbsp;serta Nomor DOI&nbsp;<em><strong>10.3xxxx/iap</strong></em>&nbsp;</p>\r\n<p>Template Artikel dapat diunduh&nbsp;<a href=\"https://drive.google.com/file/d/1t2vjKXewVbylzvx4ksK2hMYYA4Ai1o0z/view?usp=sharing\" target=\"_blank\" rel=\"noopener\"><em><strong>DISINI</strong></em></a></p>', 'string'),
(12, 'en_US', 'authorInformation', 'Interested in submitting to this journal? We recommend that you review the <a href=\"http://localhost/eltek/index.php/iap/about\">About the Journal</a> page for the journal\'s section policies, as well as the <a href=\"http://localhost/eltek/index.php/iap/about/submissions#authorGuidelines\">Author Guidelines</a>. Authors need to <a href=\"http://localhost/eltek/index.php/iap/user/register\">register</a> with the journal prior to submitting or, if already registered, can simply <a href=\"http://localhost/eltek/index.php/index/login\">log in</a> and begin the five-step process.', 'string'),
(12, 'en_US', 'authorSelfArchivePolicy', 'This journal permits and encourages authors to post items submitted to the journal on personal websites or institutional repositories both prior to and after publication, while providing bibliographic details that credit, if applicable, its publication in this journal.', 'string'),
(12, 'en_US', 'clockssLicense', 'This journal utilizes the CLOCKSS system to create a distributed archiving system among participating libraries and permits those libraries to create permanent archives of the journal for purposes of preservation and restoration. <a href=\"http://clockss.org/\">More...</a>', 'string'),
(12, 'en_US', 'copyeditInstructions', 'The copyediting stage is intended to improve the flow, clarity, grammar, wording, and formatting of the article. It represents the last chance for the author to make any substantial changes to the text because the next stage is restricted to typos and formatting corrections.\n\nThe file to be copyedited is in Word or .rtf format and therefore can easily be edited as a word processing document. The set of instructions displayed here proposes two approaches to copyediting. One is based on Microsoft Word\'s Track Changes feature and requires that the copy editor, editor, and author have access to this program. A second system, which is software independent, has been borrowed, with permission, from the Harvard Educational Review. The journal editor is in a position to modify these instructions, so suggestions can be made to improve the process for this journal.\n\n\n<h4>Copyediting Systems</h4>\n\n<strong>1. Microsoft Word\'s Track Changes</strong>\n\nUnder Tools in the menu bar, the feature Track Changes enables the copy editor to make insertions (text appears in color) and deletions (text appears crossed out in color or in the margins as deleted). The copy editor can posit queries to both the author (Author Queries) and to the editor (Editor Queries) by inserting these queries in square brackets. The copyedited version is then uploaded, and the editor is notified. The editor then reviews the text and notifies the author.\n\nThe editor and author should leave those changes with which they are satisfied. If further changes are necessary, the editor and author can make changes to the initial insertions or deletions, as well as make new insertions or deletions elsewhere in the text. Authors and editors should respond to each of the queries addressed to them, with responses placed inside the square brackets.\n\nAfter the text has been reviewed by editor and author, the copy editor will make a final pass over the text accepting the changes in preparation for the layout and galley stage.\n\n\n<strong>2. Harvard Educational Review</strong>\n\n<strong>Instructions for Making Electronic Revisions to the Manuscript</strong>\n\nPlease follow the following protocol for making electronic revisions to your manuscript:\n\n<strong>Responding to suggested changes.</strong>\n&nbsp; For each of the suggested changes that you accept, unbold the text.\n&nbsp; For each of the suggested changes that you do not accept, re-enter the original text and <strong>bold</strong> it.\n\n<strong>Making additions and deletions.</strong>\n&nbsp; Indicate additions by <strong>bolding</strong> the new text.\n&nbsp; Replace deleted sections with: <strong>[deleted text]</strong>.\n&nbsp; If you delete one or more sentence, please indicate with a note, e.g., <strong>[deleted 2 sentences]</strong>.\n\n<strong>Responding to Queries to the Author (QAs).</strong>\n&nbsp; Keep all QAs intact and bolded within the text. Do not delete them.\n&nbsp; To reply to a QA, add a comment after it. Comments should be delimited using:\n<strong>[Comment:]</strong>\n&nbsp; e.g., <strong>[Comment: Expanded discussion of methodology as you suggested]</strong>.\n\n<strong>Making comments.</strong>\n&nbsp; Use comments to explain organizational changes or major revisions\n&nbsp; e.g., <strong>[Comment: Moved the above paragraph from p. 5 to p. 7].</strong>\n&nbsp; Note: When referring to page numbers, please use the page numbers from the printed copy of the manuscript that was sent to you. This is important since page numbers may change as a document is revised electronically.\n\n<h4>An Illustration of an Electronic Revision</h4>\n\n<ol>\n<li><strong>Initial copyedit.</strong> The journal copy editor will edit the text to improve flow, clarity, grammar, wording, and formatting, as well as including author queries as necessary. Once the initial edit is complete, the copy editor will upload the revised document through the journal Web site and notify the author that the edited manuscript is available for review.</li>\n<li><strong>Author copyedit.</strong> Before making dramatic departures from the structure and organization of the edited manuscript, authors must check in with the editors who are co-chairing the piece. Authors should accept/reject any changes made during the initial copyediting, as appropriate, and respond to all author queries. When finished with the revisions, authors should rename the file from AuthorNameQA.doc to AuthorNameQAR.doc (e.g., from LeeQA.doc to LeeQAR.doc) and upload the revised document through the journal Web site as directed.</li>\n<li><strong>Final copyedit.</strong> The journal copy editor will verify changes made by the author and incorporate the responses to the author queries to create a final manuscript. When finished, the copy editor will upload the final document through the journal Web site and alert the layout editor to complete formatting.</li>\n</ol>', 'string'),
(12, 'en_US', 'description', '<p>Jurnal Teknik Ilmu Dan Aplikasi</p>', 'string'),
(12, 'en_US', 'journalThumbnail', 'a:6:{s:4:\"name\";s:14:\"Jurnal IAP.jpg\";s:10:\"uploadName\";s:26:\"journalThumbnail_en_US.jpg\";s:5:\"width\";i:639;s:6:\"height\";i:840;s:12:\"dateUploaded\";s:19:\"2020-06-15 02:45:24\";s:7:\"altText\";s:0:\"\";}', 'object'),
(12, 'en_US', 'librarianInformation', 'We encourage research librarians to list this journal among their library\'s electronic journal holdings. As well, it may be worth noting that this journal\'s open source publishing system is suitable for libraries to host for their faculty members to use with journals they are involved in editing (see <a href=\"http://pkp.sfu.ca/ojs\">Open Journal Systems</a>).', 'string'),
(12, 'en_US', 'lockssLicense', 'This journal utilizes the LOCKSS system to create a distributed archiving system among participating libraries and permits those libraries to create permanent archives of the journal for purposes of preservation and restoration. <a href=\"http://www.lockss.org/\">More...</a>', 'string'),
(12, 'en_US', 'name', 'Jurnal Ilmu Dan Aplikasi', 'string'),
(12, 'en_US', 'openAccessPolicy', 'This journal provides immediate open access to its content on the principle that making research freely available to the public supports a greater global exchange of knowledge.', 'string'),
(12, 'en_US', 'pageFooter', '<p>Jurnal Teknik Ilmu Dan Aplikasi<br>LPPM Politeknik Negeri Malang<br>Jl. Soekarno Hatta No.9, Jatimulyo, Kec. Lowokwaru<br>Malang, Prov. Jawa Timur, Indonesia, 65411<br>Telp. 0341 - 404424, upt.p2m@polinema.ac.id</p>', 'string'),
(12, 'en_US', 'privacyStatement', '<p>The names and email addresses entered in this journal site will be used exclusively for the stated purposes of this journal and will not be made available for any other purpose or to any other party.</p>', 'string'),
(12, 'en_US', 'proofInstructions', '<p>The proofreading stage is intended to catch any errors in the galley\'s spelling, grammar, and formatting. More substantial changes cannot be made at this stage, unless discussed with the Section Editor. In Layout, click on VIEW PROOF to see the HTML, PDF, and other available file formats used in publishing this item.</p>\n	<h4>For Spelling and Grammar Errors</h4>\n\n	<p>Copy the problem word or groups of words and paste them into the Proofreading Corrections box with \"CHANGE-TO\" instructions to the editor as follows:</p>\n\n	<pre>1. CHANGE...\n	then the others\n	TO...\n	than the others</pre>\n	<br />\n	<pre>2. CHANGE...\n	Malinowsky\n	TO...\n	Malinowski</pre>\n	<br />\n\n	<h4>For Formatting Errors</h4>\n\n	<p>Describe the location and nature of the problem in the Proofreading Corrections box after typing in the title \"FORMATTING\" as follows:</p>\n	<br />\n	<pre>3. FORMATTING\n	The numbers in Table 3 are not aligned in the third column.</pre>\n	<br />\n	<pre>4. FORMATTING\n	The paragraph that begins \"This last topic...\" is not indented.</pre>', 'string'),
(12, 'en_US', 'readerInformation', 'We encourage readers to sign up for the publishing notification service for this journal. Use the <a href=\"http://localhost/eltek/index.php/iap/user/register\">Register</a> link at the top of the home page for the journal. This registration will result in the reader receiving the Table of Contents by email for each new issue of the journal. This list also allows the journal to claim a certain level of support or readership. See the journal\'s <a href=\"http://localhost/eltek/index.php/iap/about/submissions#privacyStatement\">Privacy Statement</a>, which assures readers that their name and email address will not be used for other purposes.', 'string'),
(12, 'en_US', 'refLinkInstructions', '<h4>To Add Reference Linking to the Layout Process</h4>\n	<p>When turning a submission into HTML or PDF, make sure that all hyperlinks in the submission are active.</p>\n	<h4>A. When the Author Provides a Link with the Reference</h4>\n	<ol>\n	<li>While the submission is still in its word processing format (e.g., Word), add the phrase VIEW ITEM to the end of the reference that has a URL.</li>\n	<li>Turn that phrase into a hyperlink by highlighting it and using Word\'s Insert Hyperlink tool and the URL prepared in #2.</li>\n	</ol>\n	<h4>B. Enabling Readers to Search Google Scholar For References</h4>\n	<ol>\n		<li>While the submission is still in its word processing format (e.g., Word), copy the title of the work referenced in the References list (if it appears to be too common a titlee.g., \"Peace\"then copy author and title).</li>\n		<li>Paste the reference\'s title between the %22\'s, placing a + between each word: http://scholar.google.com/scholar?q=%22PASTE+TITLE+HERE%22&hl=en&lr=&btnG=Search.</li>\n\n	<li>Add the phrase GS SEARCH to the end of each citation in the submission\'s References list.</li>\n	<li>Turn that phrase into a hyperlink by highlighting it and using Word\'s Insert Hyperlink tool and the URL prepared in #2.</li>\n	</ol>\n	<h4>C. Enabling Readers to Search for References with a DOI</h4>\n	<ol>\n	<li>While the submission is still in Word, copy a batch of references into CrossRef Text Query http://www.crossref.org/freeTextQuery/.</li>\n	<li>Paste each DOI that the Query provides in the following URL (between = and &): http://www.cmaj.ca/cgi/external_ref?access_num=PASTE DOI#HERE&link_type=DOI.</li>\n	<li>Add the phrase CrossRef to the end of each citation in the submission\'s References list.</li>\n	<li>Turn that phrase into a hyperlink by highlighting the phrase and using Word\'s Insert Hyperlink tool and the appropriate URL prepared in #2.</li>\n	</ol>', 'string'),
(12, 'en_US', 'submissionChecklist', 'a:5:{i:0;a:2:{s:7:\"content\";s:165:\"The submission has not been previously published, nor is it before another journal for consideration (or an explanation has been provided in Comments to the Editor).\";s:5:\"order\";s:1:\"1\";}i:1;a:2:{s:7:\"content\";s:82:\"The submission file is in OpenOffice, Microsoft Word, or RTF document file format.\";s:5:\"order\";s:1:\"2\";}i:2;a:2:{s:7:\"content\";s:60:\"Where available, URLs for the references have been provided.\";s:5:\"order\";s:1:\"3\";}i:3;a:2:{s:7:\"content\";s:239:\"The text is single-spaced; uses a 12-point font; employs italics, rather than underlining (except with URL addresses); and all illustrations, figures, and tables are placed within the text at the appropriate points, rather than at the end.\";s:5:\"order\";s:1:\"4\";}i:4;a:2:{s:7:\"content\";s:99:\"The text adheres to the stylistic and bibliographic requirements outlined in the Author Guidelines.\";s:5:\"order\";s:1:\"5\";}}', 'object'),
(13, '', 'copyrightYearBasis', 'issue', 'string'),
(13, '', 'defaultReviewMode', '2', 'int'),
(13, '', 'emailSignature', '<br/>\n________________________________________________________________________<br/>\n<a href=\"{$contextUrl}\">{$contextName}</a>', 'string'),
(13, '', 'enableOai', '1', 'bool'),
(13, '', 'itemsPerPage', '25', 'int'),
(13, '', 'keywordsEnabledSubmission', '1', 'bool'),
(13, '', 'keywordsEnabledWorkflow', '1', 'bool'),
(13, '', 'membershipFee', '0', 'int'),
(13, '', 'numPageLinks', '10', 'int'),
(13, '', 'numWeeksPerReview', '4', 'int'),
(13, '', 'onlineIssn', '', 'string'),
(13, '', 'printIssn', '', 'string'),
(13, '', 'publicationFee', '0', 'int'),
(13, '', 'publisherInstitution', 'Polinema', 'string'),
(13, '', 'purchaseArticleFee', '0', 'int'),
(13, '', 'reviewerAccessKeysEnabled', '1', 'bool'),
(13, '', 'supportedFormLocales', 'a:1:{i:0;s:5:\"en_US\";}', 'object'),
(13, '', 'supportedLocales', 'a:2:{i:0;s:5:\"en_US\";i:1;s:5:\"id_ID\";}', 'object'),
(13, '', 'supportedSubmissionLocales', 'a:1:{i:0;s:5:\"en_US\";}', 'object'),
(13, '', 'themePluginPath', 'default', 'string'),
(13, 'en_US', 'acronym', 'jtia', 'string'),
(13, 'en_US', 'authorInformation', 'Interested in submitting to this journal? We recommend that you review the <a href=\"http://localhost/ojs/index.php/jtia/about\">About the Journal</a> page for the journal\'s section policies, as well as the <a href=\"http://localhost/ojs/index.php/jtia/about/submissions#authorGuidelines\">Author Guidelines</a>. Authors need to <a href=\"http://localhost/ojs/index.php/jtia/user/register\">register</a> with the journal prior to submitting or, if already registered, can simply <a href=\"http://localhost/ojs/index.php/index/login\">log in</a> and begin the five-step process.', 'string'),
(13, 'en_US', 'authorSelfArchivePolicy', 'This journal permits and encourages authors to post items submitted to the journal on personal websites or institutional repositories both prior to and after publication, while providing bibliographic details that credit, if applicable, its publication in this journal.', 'string'),
(13, 'en_US', 'clockssLicense', 'This journal utilizes the CLOCKSS system to create a distributed archiving system among participating libraries and permits those libraries to create permanent archives of the journal for purposes of preservation and restoration. <a href=\"http://clockss.org/\">More...</a>', 'string'),
(13, 'en_US', 'copyeditInstructions', 'The copyediting stage is intended to improve the flow, clarity, grammar, wording, and formatting of the article. It represents the last chance for the author to make any substantial changes to the text because the next stage is restricted to typos and formatting corrections.\n\nThe file to be copyedited is in Word or .rtf format and therefore can easily be edited as a word processing document. The set of instructions displayed here proposes two approaches to copyediting. One is based on Microsoft Word\'s Track Changes feature and requires that the copy editor, editor, and author have access to this program. A second system, which is software independent, has been borrowed, with permission, from the Harvard Educational Review. The journal editor is in a position to modify these instructions, so suggestions can be made to improve the process for this journal.\n\n\n<h4>Copyediting Systems</h4>\n\n<strong>1. Microsoft Word\'s Track Changes</strong>\n\nUnder Tools in the menu bar, the feature Track Changes enables the copy editor to make insertions (text appears in color) and deletions (text appears crossed out in color or in the margins as deleted). The copy editor can posit queries to both the author (Author Queries) and to the editor (Editor Queries) by inserting these queries in square brackets. The copyedited version is then uploaded, and the editor is notified. The editor then reviews the text and notifies the author.\n\nThe editor and author should leave those changes with which they are satisfied. If further changes are necessary, the editor and author can make changes to the initial insertions or deletions, as well as make new insertions or deletions elsewhere in the text. Authors and editors should respond to each of the queries addressed to them, with responses placed inside the square brackets.\n\nAfter the text has been reviewed by editor and author, the copy editor will make a final pass over the text accepting the changes in preparation for the layout and galley stage.\n\n\n<strong>2. Harvard Educational Review</strong>\n\n<strong>Instructions for Making Electronic Revisions to the Manuscript</strong>\n\nPlease follow the following protocol for making electronic revisions to your manuscript:\n\n<strong>Responding to suggested changes.</strong>\n&nbsp; For each of the suggested changes that you accept, unbold the text.\n&nbsp; For each of the suggested changes that you do not accept, re-enter the original text and <strong>bold</strong> it.\n\n<strong>Making additions and deletions.</strong>\n&nbsp; Indicate additions by <strong>bolding</strong> the new text.\n&nbsp; Replace deleted sections with: <strong>[deleted text]</strong>.\n&nbsp; If you delete one or more sentence, please indicate with a note, e.g., <strong>[deleted 2 sentences]</strong>.\n\n<strong>Responding to Queries to the Author (QAs).</strong>\n&nbsp; Keep all QAs intact and bolded within the text. Do not delete them.\n&nbsp; To reply to a QA, add a comment after it. Comments should be delimited using:\n<strong>[Comment:]</strong>\n&nbsp; e.g., <strong>[Comment: Expanded discussion of methodology as you suggested]</strong>.\n\n<strong>Making comments.</strong>\n&nbsp; Use comments to explain organizational changes or major revisions\n&nbsp; e.g., <strong>[Comment: Moved the above paragraph from p. 5 to p. 7].</strong>\n&nbsp; Note: When referring to page numbers, please use the page numbers from the printed copy of the manuscript that was sent to you. This is important since page numbers may change as a document is revised electronically.\n\n<h4>An Illustration of an Electronic Revision</h4>\n\n<ol>\n<li><strong>Initial copyedit.</strong> The journal copy editor will edit the text to improve flow, clarity, grammar, wording, and formatting, as well as including author queries as necessary. Once the initial edit is complete, the copy editor will upload the revised document through the journal Web site and notify the author that the edited manuscript is available for review.</li>\n<li><strong>Author copyedit.</strong> Before making dramatic departures from the structure and organization of the edited manuscript, authors must check in with the editors who are co-chairing the piece. Authors should accept/reject any changes made during the initial copyediting, as appropriate, and respond to all author queries. When finished with the revisions, authors should rename the file from AuthorNameQA.doc to AuthorNameQAR.doc (e.g., from LeeQA.doc to LeeQAR.doc) and upload the revised document through the journal Web site as directed.</li>\n<li><strong>Final copyedit.</strong> The journal copy editor will verify changes made by the author and incorporate the responses to the author queries to create a final manuscript. When finished, the copy editor will upload the final document through the journal Web site and alert the layout editor to complete formatting.</li>\n</ol>', 'string'),
(13, 'en_US', 'description', '<p>Jurnal Teknik Ilmu Dan Aplikasi</p>', 'string'),
(13, 'en_US', 'librarianInformation', 'We encourage research librarians to list this journal among their library\'s electronic journal holdings. As well, it may be worth noting that this journal\'s open source publishing system is suitable for libraries to host for their faculty members to use with journals they are involved in editing (see <a href=\"http://pkp.sfu.ca/ojs\">Open Journal Systems</a>).', 'string'),
(13, 'en_US', 'lockssLicense', 'This journal utilizes the LOCKSS system to create a distributed archiving system among participating libraries and permits those libraries to create permanent archives of the journal for purposes of preservation and restoration. <a href=\"http://www.lockss.org/\">More...</a>', 'string'),
(13, 'en_US', 'name', 'Jurnal Teknik Ilmu Dan Aplikasi', 'string'),
(13, 'en_US', 'openAccessPolicy', 'This journal provides immediate open access to its content on the principle that making research freely available to the public supports a greater global exchange of knowledge.', 'string'),
(13, 'en_US', 'privacyStatement', '<p>The names and email addresses entered in this journal site will be used exclusively for the stated purposes of this journal and will not be made available for any other purpose or to any other party.</p>', 'string'),
(13, 'en_US', 'proofInstructions', '<p>The proofreading stage is intended to catch any errors in the galley\'s spelling, grammar, and formatting. More substantial changes cannot be made at this stage, unless discussed with the Section Editor. In Layout, click on VIEW PROOF to see the HTML, PDF, and other available file formats used in publishing this item.</p>\n	<h4>For Spelling and Grammar Errors</h4>\n\n	<p>Copy the problem word or groups of words and paste them into the Proofreading Corrections box with \"CHANGE-TO\" instructions to the editor as follows:</p>\n\n	<pre>1. CHANGE...\n	then the others\n	TO...\n	than the others</pre>\n	<br />\n	<pre>2. CHANGE...\n	Malinowsky\n	TO...\n	Malinowski</pre>\n	<br />\n\n	<h4>For Formatting Errors</h4>\n\n	<p>Describe the location and nature of the problem in the Proofreading Corrections box after typing in the title \"FORMATTING\" as follows:</p>\n	<br />\n	<pre>3. FORMATTING\n	The numbers in Table 3 are not aligned in the third column.</pre>\n	<br />\n	<pre>4. FORMATTING\n	The paragraph that begins \"This last topic...\" is not indented.</pre>', 'string'),
(13, 'en_US', 'readerInformation', 'We encourage readers to sign up for the publishing notification service for this journal. Use the <a href=\"http://localhost/ojs/index.php/jtia/user/register\">Register</a> link at the top of the home page for the journal. This registration will result in the reader receiving the Table of Contents by email for each new issue of the journal. This list also allows the journal to claim a certain level of support or readership. See the journal\'s <a href=\"http://localhost/ojs/index.php/jtia/about/submissions#privacyStatement\">Privacy Statement</a>, which assures readers that their name and email address will not be used for other purposes.', 'string'),
(13, 'en_US', 'refLinkInstructions', '<h4>To Add Reference Linking to the Layout Process</h4>\n	<p>When turning a submission into HTML or PDF, make sure that all hyperlinks in the submission are active.</p>\n	<h4>A. When the Author Provides a Link with the Reference</h4>\n	<ol>\n	<li>While the submission is still in its word processing format (e.g., Word), add the phrase VIEW ITEM to the end of the reference that has a URL.</li>\n	<li>Turn that phrase into a hyperlink by highlighting it and using Word\'s Insert Hyperlink tool and the URL prepared in #2.</li>\n	</ol>\n	<h4>B. Enabling Readers to Search Google Scholar For References</h4>\n	<ol>\n		<li>While the submission is still in its word processing format (e.g., Word), copy the title of the work referenced in the References list (if it appears to be too common a titlee.g., \"Peace\"then copy author and title).</li>\n		<li>Paste the reference\'s title between the %22\'s, placing a + between each word: http://scholar.google.com/scholar?q=%22PASTE+TITLE+HERE%22&hl=en&lr=&btnG=Search.</li>\n\n	<li>Add the phrase GS SEARCH to the end of each citation in the submission\'s References list.</li>\n	<li>Turn that phrase into a hyperlink by highlighting it and using Word\'s Insert Hyperlink tool and the URL prepared in #2.</li>\n	</ol>\n	<h4>C. Enabling Readers to Search for References with a DOI</h4>\n	<ol>\n	<li>While the submission is still in Word, copy a batch of references into CrossRef Text Query http://www.crossref.org/freeTextQuery/.</li>\n	<li>Paste each DOI that the Query provides in the following URL (between = and &): http://www.cmaj.ca/cgi/external_ref?access_num=PASTE DOI#HERE&link_type=DOI.</li>\n	<li>Add the phrase CrossRef to the end of each citation in the submission\'s References list.</li>\n	<li>Turn that phrase into a hyperlink by highlighting the phrase and using Word\'s Insert Hyperlink tool and the appropriate URL prepared in #2.</li>\n	</ol>', 'string'),
(13, 'en_US', 'submissionChecklist', 'a:5:{i:0;a:2:{s:7:\"content\";s:165:\"The submission has not been previously published, nor is it before another journal for consideration (or an explanation has been provided in Comments to the Editor).\";s:5:\"order\";s:1:\"1\";}i:1;a:2:{s:7:\"content\";s:82:\"The submission file is in OpenOffice, Microsoft Word, or RTF document file format.\";s:5:\"order\";s:1:\"2\";}i:2;a:2:{s:7:\"content\";s:60:\"Where available, URLs for the references have been provided.\";s:5:\"order\";s:1:\"3\";}i:3;a:2:{s:7:\"content\";s:239:\"The text is single-spaced; uses a 12-point font; employs italics, rather than underlining (except with URL addresses); and all illustrations, figures, and tables are placed within the text at the appropriate points, rather than at the end.\";s:5:\"order\";s:1:\"4\";}i:4;a:2:{s:7:\"content\";s:99:\"The text adheres to the stylistic and bibliographic requirements outlined in the Author Guidelines.\";s:5:\"order\";s:1:\"5\";}}', 'object'),
(14, '', 'agenciesEnabledSubmission', '0', 'bool'),
(14, '', 'agenciesEnabledWorkflow', '0', 'bool'),
(14, '', 'agenciesRequired', '0', 'bool'),
(14, '', 'citationsEnabledSubmission', '0', 'bool'),
(14, '', 'citationsEnabledWorkflow', '0', 'bool'),
(14, '', 'citationsRequired', '0', 'bool'),
(14, '', 'copyrightYearBasis', 'issue', 'string'),
(14, '', 'copySubmissionAckAddress', '', 'string'),
(14, '', 'copySubmissionAckPrimaryContact', '0', 'bool'),
(14, '', 'coverageEnabledSubmission', '0', 'bool'),
(14, '', 'coverageEnabledWorkflow', '0', 'bool'),
(14, '', 'coverageRequired', '0', 'bool'),
(14, '', 'defaultReviewMode', '2', 'int'),
(14, '', 'disciplinesEnabledSubmission', '0', 'bool'),
(14, '', 'disciplinesEnabledWorkflow', '0', 'bool'),
(14, '', 'disciplinesRequired', '0', 'bool'),
(14, '', 'emailSignature', '<br/>\n________________________________________________________________________<br/>\n<a href=\"{$contextUrl}\">{$contextName}</a>', 'string'),
(14, '', 'enableOai', '1', 'bool'),
(14, '', 'itemsPerPage', '25', 'int'),
(14, '', 'keywordsEnabledSubmission', '1', 'bool'),
(14, '', 'keywordsEnabledWorkflow', '1', 'bool'),
(14, '', 'keywordsRequired', '0', 'bool'),
(14, '', 'languagesEnabledSubmission', '0', 'bool'),
(14, '', 'languagesEnabledWorkflow', '0', 'bool'),
(14, '', 'languagesRequired', '0', 'bool'),
(14, '', 'membershipFee', '0', 'int'),
(14, '', 'navItems', 'N;', 'object'),
(14, '', 'numPageLinks', '10', 'int'),
(14, '', 'numWeeksPerReview', '4', 'int'),
(14, '', 'onlineIssn', '2686-6501', 'string'),
(14, '', 'printIssn', '', 'string'),
(14, '', 'publicationFee', '0', 'int'),
(14, '', 'publisherInstitution', 'Polinema', 'string'),
(14, '', 'purchaseArticleFee', '0', 'int'),
(14, '', 'reviewerAccessKeysEnabled', '1', 'bool'),
(14, '', 'rightsEnabledSubmission', '0', 'bool'),
(14, '', 'rightsEnabledWorkflow', '0', 'bool'),
(14, '', 'rightsRequired', '0', 'bool'),
(14, '', 'sourceEnabledSubmission', '0', 'bool'),
(14, '', 'sourceEnabledWorkflow', '0', 'bool'),
(14, '', 'sourceRequired', '0', 'bool'),
(14, '', 'styleSheet', 'a:3:{s:4:\"name\";s:7:\"ojs.css\";s:10:\"uploadName\";s:14:\"styleSheet.css\";s:12:\"dateUploaded\";s:19:\"2020-06-23 08:14:46\";}', 'object'),
(14, '', 'subjectsEnabledSubmission', '0', 'bool'),
(14, '', 'subjectsEnabledWorkflow', '0', 'bool'),
(14, '', 'subjectsRequired', '0', 'bool'),
(14, '', 'supportedFormLocales', 'a:2:{i:0;s:5:\"en_US\";i:1;s:5:\"id_ID\";}', 'object'),
(14, '', 'supportedLocales', 'a:2:{i:0;s:5:\"en_US\";i:1;s:5:\"id_ID\";}', 'object'),
(14, '', 'supportedSubmissionLocales', 'a:2:{i:0;s:5:\"en_US\";i:1;s:5:\"id_ID\";}', 'object'),
(14, '', 'themePluginPath', 'default', 'string'),
(14, '', 'typeEnabledSubmission', '0', 'bool'),
(14, '', 'typeEnabledWorkflow', '0', 'bool'),
(14, '', 'typeRequired', '0', 'bool'),
(14, 'en_US', 'acronym', 'jp2m', 'string'),
(14, 'en_US', 'additionalHomeContent', '<p align=\"justify\"><a href=\"http://www.google.com\" target=\"blank\" rel=\"noopener\">ISSN: 2686-6501(Print)</a><br><img style=\"float: right; width: 250px; margin-top: 8px; margin-left: 15px; border: 2px solid #000000;\" src=\"https://i.ibb.co/Lk6qCF2/jurnal-pkm.jpg\"> Jurnal Pengabdian Polinema Kepada Masyarakat merupakan jurnal ilmiah yang berasal dari tugas akhir mahasiswa ataupun hasil penelitian mahasiswa yang berdasar dari teori berdasarkan lingkup teknik ilmu dan aplikasi lainnya. Jurnal ini terbit setahun dua kali yaitu pada bulan Juli dan Desember.Jurnal Pengabdian Polinema Kepada Masyarakat ini memiliki Elektronik ISSN dengan nomer 2686-6501 (Print)&nbsp;serta Nomor DOI&nbsp;10.3xxxx/iap&nbsp;Template Artikel dapat diunduh&nbsp;DISINI</p>\r\n<p align=\"justify\">To Submit Please Follow Guidelines : <a href=\"#\" target=\"_blank\" rel=\"noopener\">Author Guide</a></p>', 'string'),
(14, 'en_US', 'authorInformation', 'Interested in submitting to this journal? We recommend that you review the <a href=\"http://localhost/ojs/index.php/jp2m/about\">About the Journal</a> page for the journal\'s section policies, as well as the <a href=\"http://localhost/ojs/index.php/jp2m/about/submissions#authorGuidelines\">Author Guidelines</a>. Authors need to <a href=\"http://localhost/ojs/index.php/jp2m/user/register\">register</a> with the journal prior to submitting or, if already registered, can simply <a href=\"http://localhost/ojs/index.php/index/login\">log in</a> and begin the five-step process.', 'string'),
(14, 'en_US', 'authorSelfArchivePolicy', 'This journal permits and encourages authors to post items submitted to the journal on personal websites or institutional repositories both prior to and after publication, while providing bibliographic details that credit, if applicable, its publication in this journal.', 'string'),
(14, 'en_US', 'clockssLicense', 'This journal utilizes the CLOCKSS system to create a distributed archiving system among participating libraries and permits those libraries to create permanent archives of the journal for purposes of preservation and restoration. <a href=\"http://clockss.org/\">More...</a>', 'string'),
(14, 'en_US', 'copyeditInstructions', 'The copyediting stage is intended to improve the flow, clarity, grammar, wording, and formatting of the article. It represents the last chance for the author to make any substantial changes to the text because the next stage is restricted to typos and formatting corrections.\n\nThe file to be copyedited is in Word or .rtf format and therefore can easily be edited as a word processing document. The set of instructions displayed here proposes two approaches to copyediting. One is based on Microsoft Word\'s Track Changes feature and requires that the copy editor, editor, and author have access to this program. A second system, which is software independent, has been borrowed, with permission, from the Harvard Educational Review. The journal editor is in a position to modify these instructions, so suggestions can be made to improve the process for this journal.\n\n\n<h4>Copyediting Systems</h4>\n\n<strong>1. Microsoft Word\'s Track Changes</strong>\n\nUnder Tools in the menu bar, the feature Track Changes enables the copy editor to make insertions (text appears in color) and deletions (text appears crossed out in color or in the margins as deleted). The copy editor can posit queries to both the author (Author Queries) and to the editor (Editor Queries) by inserting these queries in square brackets. The copyedited version is then uploaded, and the editor is notified. The editor then reviews the text and notifies the author.\n\nThe editor and author should leave those changes with which they are satisfied. If further changes are necessary, the editor and author can make changes to the initial insertions or deletions, as well as make new insertions or deletions elsewhere in the text. Authors and editors should respond to each of the queries addressed to them, with responses placed inside the square brackets.\n\nAfter the text has been reviewed by editor and author, the copy editor will make a final pass over the text accepting the changes in preparation for the layout and galley stage.\n\n\n<strong>2. Harvard Educational Review</strong>\n\n<strong>Instructions for Making Electronic Revisions to the Manuscript</strong>\n\nPlease follow the following protocol for making electronic revisions to your manuscript:\n\n<strong>Responding to suggested changes.</strong>\n&nbsp; For each of the suggested changes that you accept, unbold the text.\n&nbsp; For each of the suggested changes that you do not accept, re-enter the original text and <strong>bold</strong> it.\n\n<strong>Making additions and deletions.</strong>\n&nbsp; Indicate additions by <strong>bolding</strong> the new text.\n&nbsp; Replace deleted sections with: <strong>[deleted text]</strong>.\n&nbsp; If you delete one or more sentence, please indicate with a note, e.g., <strong>[deleted 2 sentences]</strong>.\n\n<strong>Responding to Queries to the Author (QAs).</strong>\n&nbsp; Keep all QAs intact and bolded within the text. Do not delete them.\n&nbsp; To reply to a QA, add a comment after it. Comments should be delimited using:\n<strong>[Comment:]</strong>\n&nbsp; e.g., <strong>[Comment: Expanded discussion of methodology as you suggested]</strong>.\n\n<strong>Making comments.</strong>\n&nbsp; Use comments to explain organizational changes or major revisions\n&nbsp; e.g., <strong>[Comment: Moved the above paragraph from p. 5 to p. 7].</strong>\n&nbsp; Note: When referring to page numbers, please use the page numbers from the printed copy of the manuscript that was sent to you. This is important since page numbers may change as a document is revised electronically.\n\n<h4>An Illustration of an Electronic Revision</h4>\n\n<ol>\n<li><strong>Initial copyedit.</strong> The journal copy editor will edit the text to improve flow, clarity, grammar, wording, and formatting, as well as including author queries as necessary. Once the initial edit is complete, the copy editor will upload the revised document through the journal Web site and notify the author that the edited manuscript is available for review.</li>\n<li><strong>Author copyedit.</strong> Before making dramatic departures from the structure and organization of the edited manuscript, authors must check in with the editors who are co-chairing the piece. Authors should accept/reject any changes made during the initial copyediting, as appropriate, and respond to all author queries. When finished with the revisions, authors should rename the file from AuthorNameQA.doc to AuthorNameQAR.doc (e.g., from LeeQA.doc to LeeQAR.doc) and upload the revised document through the journal Web site as directed.</li>\n<li><strong>Final copyedit.</strong> The journal copy editor will verify changes made by the author and incorporate the responses to the author queries to create a final manuscript. When finished, the copy editor will upload the final document through the journal Web site and alert the layout editor to complete formatting.</li>\n</ol>', 'string'),
(14, 'en_US', 'description', '<p>Jurnal Pengabdian Polinema Kepada Masyarakat</p>', 'string'),
(14, 'en_US', 'librarianInformation', 'We encourage research librarians to list this journal among their library\'s electronic journal holdings. As well, it may be worth noting that this journal\'s open source publishing system is suitable for libraries to host for their faculty members to use with journals they are involved in editing (see <a href=\"http://pkp.sfu.ca/ojs\">Open Journal Systems</a>).', 'string'),
(14, 'en_US', 'lockssLicense', 'This journal utilizes the LOCKSS system to create a distributed archiving system among participating libraries and permits those libraries to create permanent archives of the journal for purposes of preservation and restoration. <a href=\"http://www.lockss.org/\">More...</a>', 'string'),
(14, 'en_US', 'name', 'Jurnal Pengabdian Polinema Kepada Masyarakat', 'string'),
(14, 'en_US', 'openAccessPolicy', 'This journal provides immediate open access to its content on the principle that making research freely available to the public supports a greater global exchange of knowledge.', 'string'),
(14, 'en_US', 'pageFooter', '<p><strong>Editorial Office:</strong> <br>Jurnal Pengabdian Polinema Kepada Masyarakat<br>LPPM Politeknik Negeri Malang <br>Jl. Soekarno Hatta No.9, Jatimulyo, <br>Kec. Lowokwaru Malang, Prov. Jawa Timur, Indonesia, 65411 <br>Telp. 0341 - 404424, upt.p2m@polinema.ac.id</p>', 'string'),
(14, 'en_US', 'privacyStatement', '<p>The names and email addresses entered in this journal site will be used exclusively for the stated purposes of this journal and will not be made available for any other purpose or to any other party.</p>', 'string'),
(14, 'en_US', 'proofInstructions', '<p>The proofreading stage is intended to catch any errors in the galley\'s spelling, grammar, and formatting. More substantial changes cannot be made at this stage, unless discussed with the Section Editor. In Layout, click on VIEW PROOF to see the HTML, PDF, and other available file formats used in publishing this item.</p>\n	<h4>For Spelling and Grammar Errors</h4>\n\n	<p>Copy the problem word or groups of words and paste them into the Proofreading Corrections box with \"CHANGE-TO\" instructions to the editor as follows:</p>\n\n	<pre>1. CHANGE...\n	then the others\n	TO...\n	than the others</pre>\n	<br />\n	<pre>2. CHANGE...\n	Malinowsky\n	TO...\n	Malinowski</pre>\n	<br />\n\n	<h4>For Formatting Errors</h4>\n\n	<p>Describe the location and nature of the problem in the Proofreading Corrections box after typing in the title \"FORMATTING\" as follows:</p>\n	<br />\n	<pre>3. FORMATTING\n	The numbers in Table 3 are not aligned in the third column.</pre>\n	<br />\n	<pre>4. FORMATTING\n	The paragraph that begins \"This last topic...\" is not indented.</pre>', 'string'),
(14, 'en_US', 'readerInformation', 'We encourage readers to sign up for the publishing notification service for this journal. Use the <a href=\"http://localhost/ojs/index.php/jp2m/user/register\">Register</a> link at the top of the home page for the journal. This registration will result in the reader receiving the Table of Contents by email for each new issue of the journal. This list also allows the journal to claim a certain level of support or readership. See the journal\'s <a href=\"http://localhost/ojs/index.php/jp2m/about/submissions#privacyStatement\">Privacy Statement</a>, which assures readers that their name and email address will not be used for other purposes.', 'string'),
(14, 'en_US', 'refLinkInstructions', '<h4>To Add Reference Linking to the Layout Process</h4>\n	<p>When turning a submission into HTML or PDF, make sure that all hyperlinks in the submission are active.</p>\n	<h4>A. When the Author Provides a Link with the Reference</h4>\n	<ol>\n	<li>While the submission is still in its word processing format (e.g., Word), add the phrase VIEW ITEM to the end of the reference that has a URL.</li>\n	<li>Turn that phrase into a hyperlink by highlighting it and using Word\'s Insert Hyperlink tool and the URL prepared in #2.</li>\n	</ol>\n	<h4>B. Enabling Readers to Search Google Scholar For References</h4>\n	<ol>\n		<li>While the submission is still in its word processing format (e.g., Word), copy the title of the work referenced in the References list (if it appears to be too common a titlee.g., \"Peace\"then copy author and title).</li>\n		<li>Paste the reference\'s title between the %22\'s, placing a + between each word: http://scholar.google.com/scholar?q=%22PASTE+TITLE+HERE%22&hl=en&lr=&btnG=Search.</li>\n\n	<li>Add the phrase GS SEARCH to the end of each citation in the submission\'s References list.</li>\n	<li>Turn that phrase into a hyperlink by highlighting it and using Word\'s Insert Hyperlink tool and the URL prepared in #2.</li>\n	</ol>\n	<h4>C. Enabling Readers to Search for References with a DOI</h4>\n	<ol>\n	<li>While the submission is still in Word, copy a batch of references into CrossRef Text Query http://www.crossref.org/freeTextQuery/.</li>\n	<li>Paste each DOI that the Query provides in the following URL (between = and &): http://www.cmaj.ca/cgi/external_ref?access_num=PASTE DOI#HERE&link_type=DOI.</li>\n	<li>Add the phrase CrossRef to the end of each citation in the submission\'s References list.</li>\n	<li>Turn that phrase into a hyperlink by highlighting the phrase and using Word\'s Insert Hyperlink tool and the appropriate URL prepared in #2.</li>\n	</ol>', 'string'),
(14, 'en_US', 'submissionChecklist', 'a:5:{i:0;a:2:{s:7:\"content\";s:165:\"The submission has not been previously published, nor is it before another journal for consideration (or an explanation has been provided in Comments to the Editor).\";s:5:\"order\";s:1:\"1\";}i:1;a:2:{s:7:\"content\";s:82:\"The submission file is in OpenOffice, Microsoft Word, or RTF document file format.\";s:5:\"order\";s:1:\"2\";}i:2;a:2:{s:7:\"content\";s:60:\"Where available, URLs for the references have been provided.\";s:5:\"order\";s:1:\"3\";}i:3;a:2:{s:7:\"content\";s:239:\"The text is single-spaced; uses a 12-point font; employs italics, rather than underlining (except with URL addresses); and all illustrations, figures, and tables are placed within the text at the appropriate points, rather than at the end.\";s:5:\"order\";s:1:\"4\";}i:4;a:2:{s:7:\"content\";s:99:\"The text adheres to the stylistic and bibliographic requirements outlined in the Author Guidelines.\";s:5:\"order\";s:1:\"5\";}}', 'object');

-- --------------------------------------------------------

--
-- Struktur dari tabel `library_files`
--

CREATE TABLE `library_files` (
  `file_id` bigint(20) NOT NULL,
  `context_id` bigint(20) NOT NULL,
  `file_name` varchar(255) NOT NULL,
  `original_file_name` varchar(255) NOT NULL,
  `file_type` varchar(255) NOT NULL,
  `file_size` bigint(20) NOT NULL,
  `type` tinyint(4) NOT NULL,
  `date_uploaded` datetime NOT NULL,
  `date_modified` datetime NOT NULL,
  `submission_id` bigint(20) NOT NULL,
  `public_access` tinyint(4) DEFAULT '0'
) ENGINE=InnoDB DEFAULT CHARSET=utf8;

-- --------------------------------------------------------

--
-- Struktur dari tabel `library_file_settings`
--

CREATE TABLE `library_file_settings` (
  `file_id` bigint(20) NOT NULL,
  `locale` varchar(14) NOT NULL DEFAULT '',
  `setting_name` varchar(255) NOT NULL,
  `setting_value` text,
  `setting_type` varchar(6) NOT NULL
) ENGINE=InnoDB DEFAULT CHARSET=utf8;

-- --------------------------------------------------------

--
-- Struktur dari tabel `metadata_descriptions`
--

CREATE TABLE `metadata_descriptions` (
  `metadata_description_id` bigint(20) NOT NULL,
  `assoc_type` bigint(20) NOT NULL DEFAULT '0',
  `assoc_id` bigint(20) NOT NULL DEFAULT '0',
  `schema_namespace` varchar(255) NOT NULL,
  `schema_name` varchar(255) NOT NULL,
  `display_name` varchar(255) DEFAULT NULL,
  `seq` bigint(20) NOT NULL DEFAULT '0'
) ENGINE=InnoDB DEFAULT CHARSET=utf8;

-- --------------------------------------------------------

--
-- Struktur dari tabel `metadata_description_settings`
--

CREATE TABLE `metadata_description_settings` (
  `metadata_description_id` bigint(20) NOT NULL,
  `locale` varchar(14) NOT NULL DEFAULT '',
  `setting_name` varchar(255) NOT NULL,
  `setting_value` text,
  `setting_type` varchar(6) NOT NULL
) ENGINE=InnoDB DEFAULT CHARSET=utf8;

-- --------------------------------------------------------

--
-- Struktur dari tabel `metrics`
--

CREATE TABLE `metrics` (
  `load_id` varchar(255) NOT NULL,
  `context_id` bigint(20) NOT NULL,
  `pkp_section_id` bigint(20) DEFAULT NULL,
  `assoc_object_type` bigint(20) DEFAULT NULL,
  `assoc_object_id` bigint(20) DEFAULT NULL,
  `submission_id` bigint(20) DEFAULT NULL,
  `representation_id` bigint(20) DEFAULT NULL,
  `assoc_type` bigint(20) NOT NULL,
  `assoc_id` bigint(20) NOT NULL,
  `day` varchar(8) DEFAULT NULL,
  `month` varchar(6) DEFAULT NULL,
  `file_type` tinyint(4) DEFAULT NULL,
  `country_id` varchar(2) DEFAULT NULL,
  `region` varchar(2) DEFAULT NULL,
  `city` varchar(255) DEFAULT NULL,
  `metric_type` varchar(255) NOT NULL,
  `metric` int(11) NOT NULL
) ENGINE=InnoDB DEFAULT CHARSET=utf8;

--
-- Dumping data untuk tabel `metrics`
--

INSERT INTO `metrics` (`load_id`, `context_id`, `pkp_section_id`, `assoc_object_type`, `assoc_object_id`, `submission_id`, `representation_id`, `assoc_type`, `assoc_id`, `day`, `month`, `file_type`, `country_id`, `region`, `city`, `metric_type`, `metric`) VALUES
('usage_events_20200604.log', 1, NULL, NULL, NULL, NULL, NULL, 256, 1, '20200604', '202006', NULL, NULL, NULL, NULL, 'ojs::counter', 5),
('usage_events_20200604.log', 2, NULL, NULL, NULL, NULL, NULL, 256, 2, '20200604', '202006', NULL, NULL, NULL, NULL, 'ojs::counter', 6),
('usage_events_20200605.log', 2, NULL, NULL, NULL, NULL, NULL, 256, 2, '20200605', '202006', NULL, NULL, NULL, NULL, 'ojs::counter', 2),
('usage_events_20200607.log', 2, NULL, NULL, NULL, NULL, NULL, 256, 2, '20200607', '202006', NULL, NULL, NULL, NULL, 'ojs::counter', 6),
('usage_events_20200609.log', 2, NULL, NULL, NULL, NULL, NULL, 256, 2, '20200609', '202006', NULL, NULL, NULL, NULL, 'ojs::counter', 15),
('usage_events_20200609.log', 10, NULL, NULL, NULL, NULL, NULL, 256, 10, '20200609', '202006', NULL, NULL, NULL, NULL, 'ojs::counter', 6),
('usage_events_20200609.log', 12, NULL, NULL, NULL, NULL, NULL, 256, 12, '20200609', '202006', NULL, NULL, NULL, NULL, 'ojs::counter', 16),
('usage_events_20200610.log', 12, NULL, NULL, NULL, NULL, NULL, 256, 12, '20200610', '202006', NULL, NULL, NULL, NULL, 'ojs::counter', 1),
('usage_events_20200615.log', 7, NULL, NULL, NULL, NULL, NULL, 256, 7, '20200615', '202006', NULL, NULL, NULL, NULL, 'ojs::counter', 1),
('usage_events_20200615.log', 12, NULL, NULL, NULL, NULL, NULL, 256, 12, '20200615', '202006', NULL, NULL, NULL, NULL, 'ojs::counter', 6),
('usage_events_20200622.log', 2, NULL, NULL, NULL, NULL, NULL, 256, 2, '20200622', '202006', NULL, NULL, NULL, NULL, 'ojs::counter', 2),
('usage_events_20200622.log', 12, NULL, NULL, NULL, NULL, NULL, 256, 12, '20200622', '202006', NULL, NULL, NULL, NULL, 'ojs::counter', 2),
('usage_events_20200622.log', 14, NULL, NULL, NULL, NULL, NULL, 256, 14, '20200622', '202006', NULL, NULL, NULL, NULL, 'ojs::counter', 15),
('usage_events_20200623.log', 14, NULL, NULL, NULL, NULL, NULL, 256, 14, '20200623', '202006', NULL, NULL, NULL, NULL, 'ojs::counter', 15),
('usage_events_20200624.log', 14, NULL, NULL, NULL, NULL, NULL, 256, 14, '20200624', '202006', NULL, NULL, NULL, NULL, 'ojs::counter', 11),
('usage_events_20200624.log', 14, NULL, NULL, NULL, NULL, NULL, 259, 2, '20200624', '202006', NULL, NULL, NULL, NULL, 'ojs::counter', 4);

-- --------------------------------------------------------

--
-- Struktur dari tabel `navigation_menus`
--

CREATE TABLE `navigation_menus` (
  `navigation_menu_id` bigint(20) NOT NULL,
  `context_id` bigint(20) NOT NULL,
  `area_name` varchar(255) DEFAULT '',
  `title` varchar(255) NOT NULL
) ENGINE=InnoDB DEFAULT CHARSET=utf8;

--
-- Dumping data untuk tabel `navigation_menus`
--

INSERT INTO `navigation_menus` (`navigation_menu_id`, `context_id`, `area_name`, `title`) VALUES
(1, 0, 'user', 'User Navigation Menu'),
(2, 1, 'user', 'User Navigation Menu'),
(3, 1, 'primary', 'Primary Navigation Menu'),
(4, 2, 'user', 'User Navigation Menu'),
(5, 2, 'primary', 'Primary Navigation Menu'),
(6, 3, 'user', 'User Navigation Menu'),
(7, 3, 'primary', 'Primary Navigation Menu'),
(8, 4, 'user', 'User Navigation Menu'),
(9, 4, 'primary', 'Primary Navigation Menu'),
(10, 5, 'user', 'User Navigation Menu'),
(11, 5, 'primary', 'Primary Navigation Menu'),
(12, 6, 'user', 'User Navigation Menu'),
(13, 6, 'primary', 'Primary Navigation Menu'),
(14, 7, 'user', 'User Navigation Menu'),
(15, 7, 'primary', 'Primary Navigation Menu'),
(16, 8, 'user', 'User Navigation Menu'),
(17, 8, 'primary', 'Primary Navigation Menu'),
(18, 9, 'user', 'User Navigation Menu'),
(19, 9, 'primary', 'Primary Navigation Menu'),
(20, 10, 'user', 'User Navigation Menu'),
(21, 10, 'primary', 'Primary Navigation Menu'),
(22, 11, 'user', 'User Navigation Menu'),
(23, 11, 'primary', 'Primary Navigation Menu'),
(24, 12, 'user', 'User Navigation Menu'),
(25, 12, 'primary', 'Primary Navigation Menu'),
(26, 13, 'user', 'User Navigation Menu'),
(27, 13, 'primary', 'Primary Navigation Menu'),
(28, 14, 'user', 'User Navigation Menu'),
(29, 14, 'primary', 'Primary Navigation Menu');

-- --------------------------------------------------------

--
-- Struktur dari tabel `navigation_menu_items`
--

CREATE TABLE `navigation_menu_items` (
  `navigation_menu_item_id` bigint(20) NOT NULL,
  `context_id` bigint(20) NOT NULL,
  `url` varchar(255) DEFAULT '',
  `path` varchar(255) DEFAULT '',
  `type` varchar(255) DEFAULT ''
) ENGINE=InnoDB DEFAULT CHARSET=utf8;

--
-- Dumping data untuk tabel `navigation_menu_items`
--

INSERT INTO `navigation_menu_items` (`navigation_menu_item_id`, `context_id`, `url`, `path`, `type`) VALUES
(1, 0, NULL, NULL, 'NMI_TYPE_USER_REGISTER'),
(2, 0, NULL, NULL, 'NMI_TYPE_USER_LOGIN'),
(3, 0, NULL, NULL, 'NMI_TYPE_USER_DASHBOARD'),
(4, 0, NULL, NULL, 'NMI_TYPE_USER_DASHBOARD'),
(5, 0, NULL, NULL, 'NMI_TYPE_USER_PROFILE'),
(6, 0, NULL, NULL, 'NMI_TYPE_ADMINISTRATION'),
(7, 0, NULL, NULL, 'NMI_TYPE_USER_LOGOUT'),
(8, 1, NULL, NULL, 'NMI_TYPE_USER_REGISTER'),
(9, 1, NULL, NULL, 'NMI_TYPE_USER_LOGIN'),
(10, 1, NULL, NULL, 'NMI_TYPE_USER_DASHBOARD'),
(11, 1, NULL, NULL, 'NMI_TYPE_USER_DASHBOARD'),
(12, 1, NULL, NULL, 'NMI_TYPE_USER_PROFILE'),
(13, 1, NULL, NULL, 'NMI_TYPE_ADMINISTRATION'),
(14, 1, NULL, NULL, 'NMI_TYPE_USER_LOGOUT'),
(15, 1, NULL, NULL, 'NMI_TYPE_CURRENT'),
(16, 1, NULL, NULL, 'NMI_TYPE_ARCHIVES'),
(17, 1, NULL, NULL, 'NMI_TYPE_ANNOUNCEMENTS'),
(18, 1, NULL, NULL, 'NMI_TYPE_ABOUT'),
(19, 1, NULL, NULL, 'NMI_TYPE_ABOUT'),
(20, 1, NULL, NULL, 'NMI_TYPE_SUBMISSIONS'),
(21, 1, NULL, NULL, 'NMI_TYPE_EDITORIAL_TEAM'),
(22, 1, NULL, NULL, 'NMI_TYPE_PRIVACY'),
(23, 1, NULL, NULL, 'NMI_TYPE_CONTACT'),
(24, 1, NULL, NULL, 'NMI_TYPE_SEARCH'),
(25, 2, NULL, NULL, 'NMI_TYPE_USER_REGISTER'),
(26, 2, NULL, NULL, 'NMI_TYPE_USER_LOGIN'),
(27, 2, NULL, NULL, 'NMI_TYPE_USER_DASHBOARD'),
(28, 2, NULL, NULL, 'NMI_TYPE_USER_DASHBOARD'),
(29, 2, NULL, NULL, 'NMI_TYPE_USER_PROFILE'),
(30, 2, NULL, NULL, 'NMI_TYPE_ADMINISTRATION'),
(31, 2, NULL, NULL, 'NMI_TYPE_USER_LOGOUT'),
(32, 2, NULL, NULL, 'NMI_TYPE_CURRENT'),
(33, 2, NULL, NULL, 'NMI_TYPE_ARCHIVES'),
(34, 2, NULL, NULL, 'NMI_TYPE_ANNOUNCEMENTS'),
(35, 2, NULL, NULL, 'NMI_TYPE_ABOUT'),
(36, 2, NULL, NULL, 'NMI_TYPE_ABOUT'),
(37, 2, NULL, NULL, 'NMI_TYPE_SUBMISSIONS'),
(38, 2, NULL, NULL, 'NMI_TYPE_EDITORIAL_TEAM'),
(39, 2, NULL, NULL, 'NMI_TYPE_PRIVACY'),
(40, 2, NULL, NULL, 'NMI_TYPE_CONTACT'),
(41, 2, NULL, NULL, 'NMI_TYPE_SEARCH'),
(42, 2, '', 'etika', 'NMI_TYPE_CUSTOM'),
(43, 2, '', 'Scope', 'NMI_TYPE_CUSTOM'),
(44, 3, NULL, NULL, 'NMI_TYPE_USER_REGISTER'),
(45, 3, NULL, NULL, 'NMI_TYPE_USER_LOGIN'),
(46, 3, NULL, NULL, 'NMI_TYPE_USER_DASHBOARD'),
(47, 3, NULL, NULL, 'NMI_TYPE_USER_DASHBOARD'),
(48, 3, NULL, NULL, 'NMI_TYPE_USER_PROFILE'),
(49, 3, NULL, NULL, 'NMI_TYPE_ADMINISTRATION'),
(50, 3, NULL, NULL, 'NMI_TYPE_USER_LOGOUT'),
(51, 3, NULL, NULL, 'NMI_TYPE_CURRENT'),
(52, 3, NULL, NULL, 'NMI_TYPE_ARCHIVES'),
(53, 3, NULL, NULL, 'NMI_TYPE_ANNOUNCEMENTS'),
(54, 3, NULL, NULL, 'NMI_TYPE_ABOUT'),
(55, 3, NULL, NULL, 'NMI_TYPE_ABOUT'),
(56, 3, NULL, NULL, 'NMI_TYPE_SUBMISSIONS'),
(57, 3, NULL, NULL, 'NMI_TYPE_EDITORIAL_TEAM'),
(58, 3, NULL, NULL, 'NMI_TYPE_PRIVACY'),
(59, 3, NULL, NULL, 'NMI_TYPE_CONTACT'),
(60, 3, NULL, NULL, 'NMI_TYPE_SEARCH'),
(61, 4, NULL, NULL, 'NMI_TYPE_USER_REGISTER'),
(62, 4, NULL, NULL, 'NMI_TYPE_USER_LOGIN'),
(63, 4, NULL, NULL, 'NMI_TYPE_USER_DASHBOARD'),
(64, 4, NULL, NULL, 'NMI_TYPE_USER_DASHBOARD'),
(65, 4, NULL, NULL, 'NMI_TYPE_USER_PROFILE'),
(66, 4, NULL, NULL, 'NMI_TYPE_ADMINISTRATION'),
(67, 4, NULL, NULL, 'NMI_TYPE_USER_LOGOUT'),
(68, 4, NULL, NULL, 'NMI_TYPE_CURRENT'),
(69, 4, NULL, NULL, 'NMI_TYPE_ARCHIVES'),
(70, 4, NULL, NULL, 'NMI_TYPE_ANNOUNCEMENTS'),
(71, 4, NULL, NULL, 'NMI_TYPE_ABOUT'),
(72, 4, NULL, NULL, 'NMI_TYPE_ABOUT'),
(73, 4, NULL, NULL, 'NMI_TYPE_SUBMISSIONS'),
(74, 4, NULL, NULL, 'NMI_TYPE_EDITORIAL_TEAM'),
(75, 4, NULL, NULL, 'NMI_TYPE_PRIVACY'),
(76, 4, NULL, NULL, 'NMI_TYPE_CONTACT'),
(77, 4, NULL, NULL, 'NMI_TYPE_SEARCH'),
(78, 5, NULL, NULL, 'NMI_TYPE_USER_REGISTER'),
(79, 5, NULL, NULL, 'NMI_TYPE_USER_LOGIN'),
(80, 5, NULL, NULL, 'NMI_TYPE_USER_DASHBOARD'),
(81, 5, NULL, NULL, 'NMI_TYPE_USER_DASHBOARD'),
(82, 5, NULL, NULL, 'NMI_TYPE_USER_PROFILE'),
(83, 5, NULL, NULL, 'NMI_TYPE_ADMINISTRATION'),
(84, 5, NULL, NULL, 'NMI_TYPE_USER_LOGOUT'),
(85, 5, NULL, NULL, 'NMI_TYPE_CURRENT'),
(86, 5, NULL, NULL, 'NMI_TYPE_ARCHIVES'),
(87, 5, NULL, NULL, 'NMI_TYPE_ANNOUNCEMENTS'),
(88, 5, NULL, NULL, 'NMI_TYPE_ABOUT'),
(89, 5, NULL, NULL, 'NMI_TYPE_ABOUT'),
(90, 5, NULL, NULL, 'NMI_TYPE_SUBMISSIONS'),
(91, 5, NULL, NULL, 'NMI_TYPE_EDITORIAL_TEAM'),
(92, 5, NULL, NULL, 'NMI_TYPE_PRIVACY'),
(93, 5, NULL, NULL, 'NMI_TYPE_CONTACT'),
(94, 5, NULL, NULL, 'NMI_TYPE_SEARCH'),
(95, 6, NULL, NULL, 'NMI_TYPE_USER_REGISTER'),
(96, 6, NULL, NULL, 'NMI_TYPE_USER_LOGIN'),
(97, 6, NULL, NULL, 'NMI_TYPE_USER_DASHBOARD'),
(98, 6, NULL, NULL, 'NMI_TYPE_USER_DASHBOARD'),
(99, 6, NULL, NULL, 'NMI_TYPE_USER_PROFILE'),
(100, 6, NULL, NULL, 'NMI_TYPE_ADMINISTRATION'),
(101, 6, NULL, NULL, 'NMI_TYPE_USER_LOGOUT'),
(102, 6, NULL, NULL, 'NMI_TYPE_CURRENT'),
(103, 6, NULL, NULL, 'NMI_TYPE_ARCHIVES'),
(104, 6, NULL, NULL, 'NMI_TYPE_ANNOUNCEMENTS'),
(105, 6, NULL, NULL, 'NMI_TYPE_ABOUT'),
(106, 6, NULL, NULL, 'NMI_TYPE_ABOUT'),
(107, 6, NULL, NULL, 'NMI_TYPE_SUBMISSIONS'),
(108, 6, NULL, NULL, 'NMI_TYPE_EDITORIAL_TEAM'),
(109, 6, NULL, NULL, 'NMI_TYPE_PRIVACY'),
(110, 6, NULL, NULL, 'NMI_TYPE_CONTACT'),
(111, 6, NULL, NULL, 'NMI_TYPE_SEARCH'),
(112, 7, NULL, NULL, 'NMI_TYPE_USER_REGISTER'),
(113, 7, NULL, NULL, 'NMI_TYPE_USER_LOGIN'),
(114, 7, NULL, NULL, 'NMI_TYPE_USER_DASHBOARD'),
(115, 7, NULL, NULL, 'NMI_TYPE_USER_DASHBOARD'),
(116, 7, NULL, NULL, 'NMI_TYPE_USER_PROFILE'),
(117, 7, NULL, NULL, 'NMI_TYPE_ADMINISTRATION'),
(118, 7, NULL, NULL, 'NMI_TYPE_USER_LOGOUT'),
(119, 7, NULL, NULL, 'NMI_TYPE_CURRENT'),
(120, 7, NULL, NULL, 'NMI_TYPE_ARCHIVES'),
(121, 7, NULL, NULL, 'NMI_TYPE_ANNOUNCEMENTS'),
(122, 7, NULL, NULL, 'NMI_TYPE_ABOUT'),
(123, 7, NULL, NULL, 'NMI_TYPE_ABOUT'),
(124, 7, NULL, NULL, 'NMI_TYPE_SUBMISSIONS'),
(125, 7, NULL, NULL, 'NMI_TYPE_EDITORIAL_TEAM'),
(126, 7, NULL, NULL, 'NMI_TYPE_PRIVACY'),
(127, 7, NULL, NULL, 'NMI_TYPE_CONTACT'),
(128, 7, NULL, NULL, 'NMI_TYPE_SEARCH'),
(129, 8, NULL, NULL, 'NMI_TYPE_USER_REGISTER'),
(130, 8, NULL, NULL, 'NMI_TYPE_USER_LOGIN'),
(131, 8, NULL, NULL, 'NMI_TYPE_USER_DASHBOARD'),
(132, 8, NULL, NULL, 'NMI_TYPE_USER_DASHBOARD'),
(133, 8, NULL, NULL, 'NMI_TYPE_USER_PROFILE'),
(134, 8, NULL, NULL, 'NMI_TYPE_ADMINISTRATION'),
(135, 8, NULL, NULL, 'NMI_TYPE_USER_LOGOUT'),
(136, 8, NULL, NULL, 'NMI_TYPE_CURRENT'),
(137, 8, NULL, NULL, 'NMI_TYPE_ARCHIVES'),
(138, 8, NULL, NULL, 'NMI_TYPE_ANNOUNCEMENTS'),
(139, 8, NULL, NULL, 'NMI_TYPE_ABOUT'),
(140, 8, NULL, NULL, 'NMI_TYPE_ABOUT'),
(141, 8, NULL, NULL, 'NMI_TYPE_SUBMISSIONS'),
(142, 8, NULL, NULL, 'NMI_TYPE_EDITORIAL_TEAM'),
(143, 8, NULL, NULL, 'NMI_TYPE_PRIVACY'),
(144, 8, NULL, NULL, 'NMI_TYPE_CONTACT'),
(145, 8, NULL, NULL, 'NMI_TYPE_SEARCH'),
(146, 9, NULL, NULL, 'NMI_TYPE_USER_REGISTER'),
(147, 9, NULL, NULL, 'NMI_TYPE_USER_LOGIN'),
(148, 9, NULL, NULL, 'NMI_TYPE_USER_DASHBOARD'),
(149, 9, NULL, NULL, 'NMI_TYPE_USER_DASHBOARD'),
(150, 9, NULL, NULL, 'NMI_TYPE_USER_PROFILE'),
(151, 9, NULL, NULL, 'NMI_TYPE_ADMINISTRATION'),
(152, 9, NULL, NULL, 'NMI_TYPE_USER_LOGOUT'),
(153, 9, NULL, NULL, 'NMI_TYPE_CURRENT'),
(154, 9, NULL, NULL, 'NMI_TYPE_ARCHIVES'),
(155, 9, NULL, NULL, 'NMI_TYPE_ANNOUNCEMENTS'),
(156, 9, NULL, NULL, 'NMI_TYPE_ABOUT'),
(157, 9, NULL, NULL, 'NMI_TYPE_ABOUT'),
(158, 9, NULL, NULL, 'NMI_TYPE_SUBMISSIONS'),
(159, 9, NULL, NULL, 'NMI_TYPE_EDITORIAL_TEAM'),
(160, 9, NULL, NULL, 'NMI_TYPE_PRIVACY'),
(161, 9, NULL, NULL, 'NMI_TYPE_CONTACT'),
(162, 9, NULL, NULL, 'NMI_TYPE_SEARCH'),
(163, 10, NULL, NULL, 'NMI_TYPE_USER_REGISTER'),
(164, 10, NULL, NULL, 'NMI_TYPE_USER_LOGIN'),
(165, 10, NULL, NULL, 'NMI_TYPE_USER_DASHBOARD'),
(166, 10, NULL, NULL, 'NMI_TYPE_USER_DASHBOARD'),
(167, 10, NULL, NULL, 'NMI_TYPE_USER_PROFILE'),
(168, 10, NULL, NULL, 'NMI_TYPE_ADMINISTRATION'),
(169, 10, NULL, NULL, 'NMI_TYPE_USER_LOGOUT'),
(170, 10, NULL, NULL, 'NMI_TYPE_CURRENT'),
(171, 10, NULL, NULL, 'NMI_TYPE_ARCHIVES'),
(172, 10, NULL, NULL, 'NMI_TYPE_ANNOUNCEMENTS'),
(173, 10, NULL, NULL, 'NMI_TYPE_ABOUT'),
(174, 10, NULL, NULL, 'NMI_TYPE_ABOUT'),
(175, 10, NULL, NULL, 'NMI_TYPE_SUBMISSIONS'),
(176, 10, NULL, NULL, 'NMI_TYPE_EDITORIAL_TEAM'),
(177, 10, NULL, NULL, 'NMI_TYPE_PRIVACY'),
(178, 10, NULL, NULL, 'NMI_TYPE_CONTACT'),
(179, 10, NULL, NULL, 'NMI_TYPE_SEARCH'),
(180, 11, NULL, NULL, 'NMI_TYPE_USER_REGISTER'),
(181, 11, NULL, NULL, 'NMI_TYPE_USER_LOGIN'),
(182, 11, NULL, NULL, 'NMI_TYPE_USER_DASHBOARD'),
(183, 11, NULL, NULL, 'NMI_TYPE_USER_DASHBOARD'),
(184, 11, NULL, NULL, 'NMI_TYPE_USER_PROFILE'),
(185, 11, NULL, NULL, 'NMI_TYPE_ADMINISTRATION'),
(186, 11, NULL, NULL, 'NMI_TYPE_USER_LOGOUT'),
(187, 11, NULL, NULL, 'NMI_TYPE_CURRENT'),
(188, 11, NULL, NULL, 'NMI_TYPE_ARCHIVES'),
(189, 11, NULL, NULL, 'NMI_TYPE_ANNOUNCEMENTS'),
(190, 11, NULL, NULL, 'NMI_TYPE_ABOUT'),
(191, 11, NULL, NULL, 'NMI_TYPE_ABOUT'),
(192, 11, NULL, NULL, 'NMI_TYPE_SUBMISSIONS'),
(193, 11, NULL, NULL, 'NMI_TYPE_EDITORIAL_TEAM'),
(194, 11, NULL, NULL, 'NMI_TYPE_PRIVACY'),
(195, 11, NULL, NULL, 'NMI_TYPE_CONTACT'),
(196, 11, NULL, NULL, 'NMI_TYPE_SEARCH'),
(197, 12, NULL, NULL, 'NMI_TYPE_USER_REGISTER'),
(198, 12, NULL, NULL, 'NMI_TYPE_USER_LOGIN'),
(199, 12, NULL, NULL, 'NMI_TYPE_USER_DASHBOARD'),
(200, 12, NULL, NULL, 'NMI_TYPE_USER_DASHBOARD'),
(201, 12, NULL, NULL, 'NMI_TYPE_USER_PROFILE'),
(202, 12, NULL, NULL, 'NMI_TYPE_ADMINISTRATION'),
(203, 12, NULL, NULL, 'NMI_TYPE_USER_LOGOUT'),
(204, 12, NULL, NULL, 'NMI_TYPE_CURRENT'),
(205, 12, NULL, NULL, 'NMI_TYPE_ARCHIVES'),
(206, 12, NULL, NULL, 'NMI_TYPE_ANNOUNCEMENTS'),
(207, 12, NULL, NULL, 'NMI_TYPE_ABOUT'),
(208, 12, NULL, NULL, 'NMI_TYPE_ABOUT'),
(209, 12, NULL, NULL, 'NMI_TYPE_SUBMISSIONS'),
(210, 12, NULL, NULL, 'NMI_TYPE_EDITORIAL_TEAM'),
(211, 12, NULL, NULL, 'NMI_TYPE_PRIVACY'),
(212, 12, NULL, NULL, 'NMI_TYPE_CONTACT'),
(213, 12, NULL, NULL, 'NMI_TYPE_SEARCH'),
(214, 13, NULL, NULL, 'NMI_TYPE_USER_REGISTER'),
(215, 13, NULL, NULL, 'NMI_TYPE_USER_LOGIN'),
(216, 13, NULL, NULL, 'NMI_TYPE_USER_DASHBOARD'),
(217, 13, NULL, NULL, 'NMI_TYPE_USER_DASHBOARD'),
(218, 13, NULL, NULL, 'NMI_TYPE_USER_PROFILE'),
(219, 13, NULL, NULL, 'NMI_TYPE_ADMINISTRATION'),
(220, 13, NULL, NULL, 'NMI_TYPE_USER_LOGOUT'),
(221, 13, NULL, NULL, 'NMI_TYPE_CURRENT'),
(222, 13, NULL, NULL, 'NMI_TYPE_ARCHIVES'),
(223, 13, NULL, NULL, 'NMI_TYPE_ANNOUNCEMENTS'),
(224, 13, NULL, NULL, 'NMI_TYPE_ABOUT'),
(225, 13, NULL, NULL, 'NMI_TYPE_ABOUT'),
(226, 13, NULL, NULL, 'NMI_TYPE_SUBMISSIONS'),
(227, 13, NULL, NULL, 'NMI_TYPE_EDITORIAL_TEAM'),
(228, 13, NULL, NULL, 'NMI_TYPE_PRIVACY'),
(229, 13, NULL, NULL, 'NMI_TYPE_CONTACT'),
(230, 13, NULL, NULL, 'NMI_TYPE_SEARCH'),
(231, 14, NULL, NULL, 'NMI_TYPE_USER_REGISTER'),
(232, 14, NULL, NULL, 'NMI_TYPE_USER_LOGIN'),
(233, 14, NULL, NULL, 'NMI_TYPE_USER_DASHBOARD'),
(234, 14, NULL, NULL, 'NMI_TYPE_USER_DASHBOARD'),
(235, 14, NULL, NULL, 'NMI_TYPE_USER_PROFILE'),
(236, 14, NULL, NULL, 'NMI_TYPE_ADMINISTRATION'),
(237, 14, NULL, NULL, 'NMI_TYPE_USER_LOGOUT'),
(238, 14, NULL, NULL, 'NMI_TYPE_CURRENT'),
(239, 14, NULL, NULL, 'NMI_TYPE_ARCHIVES'),
(240, 14, NULL, NULL, 'NMI_TYPE_ANNOUNCEMENTS'),
(241, 14, NULL, NULL, 'NMI_TYPE_ABOUT'),
(242, 14, NULL, NULL, 'NMI_TYPE_ABOUT'),
(243, 14, NULL, NULL, 'NMI_TYPE_SUBMISSIONS'),
(244, 14, NULL, NULL, 'NMI_TYPE_EDITORIAL_TEAM'),
(245, 14, NULL, NULL, 'NMI_TYPE_PRIVACY'),
(247, 14, NULL, NULL, 'NMI_TYPE_SEARCH'),
(248, 14, '', 'contact', 'NMI_TYPE_CUSTOM'),
(249, 14, '', 'scope', 'NMI_TYPE_CUSTOM'),
(250, 14, '', 'ethic', 'NMI_TYPE_CUSTOM'),
(251, 14, '', 'editor', 'NMI_TYPE_CUSTOM'),
(252, 14, '', 'reviewer', 'NMI_TYPE_CUSTOM'),
(253, 14, '', 'Author_guidelines', 'NMI_TYPE_CUSTOM'),
(254, 14, '', 'plagiarism_policy', 'NMI_TYPE_CUSTOM'),
(255, 14, '', 'akreditasi', 'NMI_TYPE_CUSTOM');

-- --------------------------------------------------------

--
-- Struktur dari tabel `navigation_menu_item_assignments`
--

CREATE TABLE `navigation_menu_item_assignments` (
  `navigation_menu_item_assignment_id` bigint(20) NOT NULL,
  `navigation_menu_id` bigint(20) NOT NULL,
  `navigation_menu_item_id` bigint(20) NOT NULL,
  `parent_id` bigint(20) DEFAULT NULL,
  `seq` bigint(20) DEFAULT '0'
) ENGINE=InnoDB DEFAULT CHARSET=utf8;

--
-- Dumping data untuk tabel `navigation_menu_item_assignments`
--

INSERT INTO `navigation_menu_item_assignments` (`navigation_menu_item_assignment_id`, `navigation_menu_id`, `navigation_menu_item_id`, `parent_id`, `seq`) VALUES
(1, 1, 1, 0, 0),
(2, 1, 2, 0, 1),
(3, 1, 3, 0, 2),
(4, 1, 4, 3, 0),
(5, 1, 5, 3, 1),
(6, 1, 6, 3, 2),
(7, 1, 7, 3, 3),
(8, 2, 8, 0, 0),
(9, 2, 9, 0, 1),
(10, 2, 10, 0, 2),
(11, 2, 11, 10, 0),
(12, 2, 12, 10, 1),
(13, 2, 13, 10, 2),
(14, 2, 14, 10, 3),
(15, 3, 15, 0, 0),
(16, 3, 16, 0, 1),
(17, 3, 17, 0, 2),
(18, 3, 18, 0, 3),
(19, 3, 19, 18, 0),
(20, 3, 20, 18, 1),
(21, 3, 21, 18, 2),
(22, 3, 22, 18, 3),
(23, 3, 23, 18, 4),
(24, 4, 25, 0, 0),
(25, 4, 26, 0, 1),
(26, 4, 27, 0, 2),
(27, 4, 28, 27, 0),
(28, 4, 29, 27, 1),
(29, 4, 30, 27, 2),
(30, 4, 31, 27, 3),
(50, 5, 32, 0, 0),
(51, 5, 33, 0, 1),
(52, 5, 43, 0, 2),
(53, 5, 42, 0, 3),
(54, 5, 34, 0, 4),
(55, 5, 35, 0, 5),
(56, 5, 36, 35, 6),
(57, 5, 37, 35, 7),
(58, 5, 38, 35, 8),
(59, 5, 39, 35, 9),
(60, 5, 40, 35, 10),
(61, 6, 44, 0, 0),
(62, 6, 45, 0, 1),
(63, 6, 46, 0, 2),
(64, 6, 47, 46, 0),
(65, 6, 48, 46, 1),
(66, 6, 49, 46, 2),
(67, 6, 50, 46, 3),
(68, 7, 51, 0, 0),
(69, 7, 52, 0, 1),
(70, 7, 53, 0, 2),
(71, 7, 54, 0, 3),
(72, 7, 55, 54, 0),
(73, 7, 56, 54, 1),
(74, 7, 57, 54, 2),
(75, 7, 58, 54, 3),
(76, 7, 59, 54, 4),
(77, 8, 61, 0, 0),
(78, 8, 62, 0, 1),
(79, 8, 63, 0, 2),
(80, 8, 64, 63, 0),
(81, 8, 65, 63, 1),
(82, 8, 66, 63, 2),
(83, 8, 67, 63, 3),
(84, 9, 68, 0, 0),
(85, 9, 69, 0, 1),
(86, 9, 70, 0, 2),
(87, 9, 71, 0, 3),
(88, 9, 72, 71, 0),
(89, 9, 73, 71, 1),
(90, 9, 74, 71, 2),
(91, 9, 75, 71, 3),
(92, 9, 76, 71, 4),
(93, 10, 78, 0, 0),
(94, 10, 79, 0, 1),
(95, 10, 80, 0, 2),
(96, 10, 81, 80, 0),
(97, 10, 82, 80, 1),
(98, 10, 83, 80, 2),
(99, 10, 84, 80, 3),
(100, 11, 85, 0, 0),
(101, 11, 86, 0, 1),
(102, 11, 87, 0, 2),
(103, 11, 88, 0, 3),
(104, 11, 89, 88, 0),
(105, 11, 90, 88, 1),
(106, 11, 91, 88, 2),
(107, 11, 92, 88, 3),
(108, 11, 93, 88, 4),
(109, 12, 95, 0, 0),
(110, 12, 96, 0, 1),
(111, 12, 97, 0, 2),
(112, 12, 98, 97, 0),
(113, 12, 99, 97, 1),
(114, 12, 100, 97, 2),
(115, 12, 101, 97, 3),
(116, 13, 102, 0, 0),
(117, 13, 103, 0, 1),
(118, 13, 104, 0, 2),
(119, 13, 105, 0, 3),
(120, 13, 106, 105, 0),
(121, 13, 107, 105, 1),
(122, 13, 108, 105, 2),
(123, 13, 109, 105, 3),
(124, 13, 110, 105, 4),
(125, 14, 112, 0, 0),
(126, 14, 113, 0, 1),
(127, 14, 114, 0, 2),
(128, 14, 115, 114, 0),
(129, 14, 116, 114, 1),
(130, 14, 117, 114, 2),
(131, 14, 118, 114, 3),
(132, 15, 119, 0, 0),
(133, 15, 120, 0, 1),
(134, 15, 121, 0, 2),
(135, 15, 122, 0, 3),
(136, 15, 123, 122, 0),
(137, 15, 124, 122, 1),
(138, 15, 125, 122, 2),
(139, 15, 126, 122, 3),
(140, 15, 127, 122, 4),
(141, 16, 129, 0, 0),
(142, 16, 130, 0, 1),
(143, 16, 131, 0, 2),
(144, 16, 132, 131, 0),
(145, 16, 133, 131, 1),
(146, 16, 134, 131, 2),
(147, 16, 135, 131, 3),
(148, 17, 136, 0, 0),
(149, 17, 137, 0, 1),
(150, 17, 138, 0, 2),
(151, 17, 139, 0, 3),
(152, 17, 140, 139, 0),
(153, 17, 141, 139, 1),
(154, 17, 142, 139, 2),
(155, 17, 143, 139, 3),
(156, 17, 144, 139, 4),
(157, 18, 146, 0, 0),
(158, 18, 147, 0, 1),
(159, 18, 148, 0, 2),
(160, 18, 149, 148, 0),
(161, 18, 150, 148, 1),
(162, 18, 151, 148, 2),
(163, 18, 152, 148, 3),
(164, 19, 153, 0, 0),
(165, 19, 154, 0, 1),
(166, 19, 155, 0, 2),
(167, 19, 156, 0, 3),
(168, 19, 157, 156, 0),
(169, 19, 158, 156, 1),
(170, 19, 159, 156, 2),
(171, 19, 160, 156, 3),
(172, 19, 161, 156, 4),
(173, 20, 163, 0, 0),
(174, 20, 164, 0, 1),
(175, 20, 165, 0, 2),
(176, 20, 166, 165, 0),
(177, 20, 167, 165, 1),
(178, 20, 168, 165, 2),
(179, 20, 169, 165, 3),
(180, 21, 170, 0, 0),
(181, 21, 171, 0, 1),
(182, 21, 172, 0, 2),
(183, 21, 173, 0, 3),
(184, 21, 174, 173, 0),
(185, 21, 175, 173, 1),
(186, 21, 176, 173, 2),
(187, 21, 177, 173, 3),
(188, 21, 178, 173, 4),
(189, 22, 180, 0, 0),
(190, 22, 181, 0, 1),
(191, 22, 182, 0, 2),
(192, 22, 183, 182, 0),
(193, 22, 184, 182, 1),
(194, 22, 185, 182, 2),
(195, 22, 186, 182, 3),
(196, 23, 187, 0, 0),
(197, 23, 188, 0, 1),
(198, 23, 189, 0, 2),
(199, 23, 190, 0, 3),
(200, 23, 191, 190, 0),
(201, 23, 192, 190, 1),
(202, 23, 193, 190, 2),
(203, 23, 194, 190, 3),
(204, 23, 195, 190, 4),
(205, 24, 197, 0, 0),
(206, 24, 198, 0, 1),
(207, 24, 199, 0, 2),
(208, 24, 200, 199, 0),
(209, 24, 201, 199, 1),
(210, 24, 202, 199, 2),
(211, 24, 203, 199, 3),
(212, 25, 204, 0, 0),
(213, 25, 205, 0, 1),
(214, 25, 206, 0, 2),
(215, 25, 207, 0, 3),
(216, 25, 208, 207, 0),
(217, 25, 209, 207, 1),
(218, 25, 210, 207, 2),
(219, 25, 211, 207, 3),
(220, 25, 212, 207, 4),
(221, 26, 214, 0, 0),
(222, 26, 215, 0, 1),
(223, 26, 216, 0, 2),
(224, 26, 217, 216, 0),
(225, 26, 218, 216, 1),
(226, 26, 219, 216, 2),
(227, 26, 220, 216, 3),
(228, 27, 221, 0, 0),
(229, 27, 222, 0, 1),
(230, 27, 223, 0, 2),
(231, 27, 224, 0, 3),
(232, 27, 225, 224, 0),
(233, 27, 226, 224, 1),
(234, 27, 227, 224, 2),
(235, 27, 228, 224, 3),
(236, 27, 229, 224, 4),
(262, 28, 231, 0, 0),
(263, 28, 232, 0, 1),
(264, 28, 233, 0, 2),
(265, 28, 234, 233, 3),
(266, 28, 235, 233, 4),
(267, 28, 236, 233, 5),
(268, 28, 237, 233, 6),
(324, 29, 238, 0, 0),
(325, 29, 239, 0, 1),
(326, 29, 232, 0, 2),
(327, 29, 231, 0, 3),
(328, 29, 240, 0, 4),
(329, 29, 243, 0, 5),
(330, 29, 241, 0, 6),
(331, 29, 242, 241, 7),
(332, 29, 248, 241, 8);

-- --------------------------------------------------------

--
-- Struktur dari tabel `navigation_menu_item_assignment_settings`
--

CREATE TABLE `navigation_menu_item_assignment_settings` (
  `navigation_menu_item_assignment_id` bigint(20) NOT NULL,
  `locale` varchar(14) NOT NULL DEFAULT '',
  `setting_name` varchar(255) NOT NULL,
  `setting_value` text,
  `setting_type` varchar(6) NOT NULL
) ENGINE=InnoDB DEFAULT CHARSET=utf8;

--
-- Dumping data untuk tabel `navigation_menu_item_assignment_settings`
--

INSERT INTO `navigation_menu_item_assignment_settings` (`navigation_menu_item_assignment_id`, `locale`, `setting_name`, `setting_value`, `setting_type`) VALUES
(0, 'en_US', 'title', 'Kontak', 'string');

-- --------------------------------------------------------

--
-- Struktur dari tabel `navigation_menu_item_settings`
--

CREATE TABLE `navigation_menu_item_settings` (
  `navigation_menu_item_id` bigint(20) NOT NULL,
  `locale` varchar(14) NOT NULL DEFAULT '',
  `setting_name` varchar(255) NOT NULL,
  `setting_value` text,
  `setting_type` varchar(6) NOT NULL
) ENGINE=InnoDB DEFAULT CHARSET=utf8;

--
-- Dumping data untuk tabel `navigation_menu_item_settings`
--

INSERT INTO `navigation_menu_item_settings` (`navigation_menu_item_id`, `locale`, `setting_name`, `setting_value`, `setting_type`) VALUES
(1, '', 'titleLocaleKey', 'navigation.register', 'string'),
(2, '', 'titleLocaleKey', 'navigation.login', 'string'),
(3, '', 'titleLocaleKey', '{$loggedInUsername}', 'string'),
(4, '', 'titleLocaleKey', 'navigation.dashboard', 'string'),
(5, '', 'titleLocaleKey', 'common.viewProfile', 'string'),
(6, '', 'titleLocaleKey', 'navigation.admin', 'string'),
(7, '', 'titleLocaleKey', 'user.logOut', 'string'),
(8, '', 'titleLocaleKey', 'navigation.register', 'string'),
(9, '', 'titleLocaleKey', 'navigation.login', 'string'),
(10, '', 'titleLocaleKey', '{$loggedInUsername}', 'string'),
(11, '', 'titleLocaleKey', 'navigation.dashboard', 'string'),
(12, '', 'titleLocaleKey', 'common.viewProfile', 'string'),
(13, '', 'titleLocaleKey', 'navigation.admin', 'string'),
(14, '', 'titleLocaleKey', 'user.logOut', 'string'),
(15, '', 'titleLocaleKey', 'navigation.current', 'string'),
(16, '', 'titleLocaleKey', 'navigation.archives', 'string'),
(17, '', 'titleLocaleKey', 'manager.announcements', 'string'),
(18, '', 'titleLocaleKey', 'navigation.about', 'string'),
(19, '', 'titleLocaleKey', 'about.aboutContext', 'string'),
(20, '', 'titleLocaleKey', 'about.submissions', 'string'),
(21, '', 'titleLocaleKey', 'about.editorialTeam', 'string'),
(22, '', 'titleLocaleKey', 'manager.setup.privacyStatement', 'string'),
(23, '', 'titleLocaleKey', 'about.contact', 'string'),
(24, '', 'titleLocaleKey', 'common.search', 'string'),
(25, '', 'titleLocaleKey', 'navigation.register', 'string'),
(26, '', 'titleLocaleKey', 'navigation.login', 'string'),
(27, '', 'titleLocaleKey', '{$loggedInUsername}', 'string'),
(28, '', 'titleLocaleKey', 'navigation.dashboard', 'string'),
(29, '', 'titleLocaleKey', 'common.viewProfile', 'string'),
(30, '', 'titleLocaleKey', 'navigation.admin', 'string'),
(31, '', 'titleLocaleKey', 'user.logOut', 'string'),
(32, '', 'titleLocaleKey', 'navigation.current', 'string'),
(33, '', 'titleLocaleKey', 'navigation.archives', 'string'),
(34, '', 'titleLocaleKey', 'manager.announcements', 'string'),
(35, '', 'titleLocaleKey', 'navigation.about', 'string'),
(36, '', 'titleLocaleKey', 'about.aboutContext', 'string'),
(37, '', 'titleLocaleKey', 'about.submissions', 'string'),
(38, '', 'titleLocaleKey', 'about.editorialTeam', 'string'),
(39, '', 'titleLocaleKey', 'manager.setup.privacyStatement', 'string'),
(40, '', 'titleLocaleKey', 'about.contact', 'string'),
(41, '', 'titleLocaleKey', 'common.search', 'string'),
(42, 'en_US', 'content', '<h1 class=\"page_title\">&nbsp;</h1>\r\n<div class=\"page\">\r\n<p>JIP (Jurnal Informatika Polinema ) merupakan salah satu jurnal yang dikelola oleh&nbsp; UPT Penelitian dan Pengabdian Kepada Masyarakat, Politeknik Negeri Malang. Terbit pertama kali pada bulan Nopember 2014.&nbsp; JIP merupakan jurnal ilmiah yang terbit secara&nbsp;<em>online</em>&nbsp;dan menerbitkan artikel atau karya ilmiah hasil penelitian dalam bidang aplikasi ilmu komputer atau ilmu komputer terapan.</p>\r\n<p>JIP (Jurnal Informatika Polinema) adalah jurnal&nbsp;<em>peer-review</em>. Pernyataan ini mengklarifikasi perilaku etis dari semua pihak yang terlibat dalam tindakan penerbitan artikel dalam jurnal ini, termasuk penulis, pemimpin redaksi, dewan editorial, peer-reviewer dan penerbit (Politeknik Negeri Malang). Pernyataan ini didasarkan pada Pedoman Perilaku COPE (<a href=\"https://publicationethics.org/files/u7141/1999pdf13.pdf\">Code of Conduct and Best Practice Guidelines for Journal Editors</a>).<br><br>Pernyataan etika publikasi ilmiah ini merupakan pernyataan kode etik semua pihak yang terlibat dalam proses publikasi jurnal ilmiah ini yaitu pengelola, editor, reviewer, dan author. Kode Etika Publikasi Ilmiah pada intinya menjunjung tiga nilai etika dalam publikasi, yaitu (i) Kenetralan, yakni bebas dari pertentangan kepentingan dalam pengelolaan publikasi; (ii) Keadilan, yakni memberikan hak kepengarangan kepada yang berhak sebagai pengarang; dan (iii) Kejujuran, yakni bebas dari duplikasi, fabrikasi, falsifikasi, dan plagiarisme dalam publikasi.</p>\r\n<p><br><strong>Tugas dan Tanggung Jawab Pengelola Jurnal</strong><br>1. Menentukan nama jurnal, lingkup keilmuan, keberkalaan, dan akreditasi apabila diperlukan.<br>2. Menentukan keanggotaan dewan editor.<br>3. Mendefinisikan hubungan antara penerbit, editor, reviewer, dan pihak lain.<br>4. Menghargai hal-hal yang bersifat rahasia, baik untuk peneliti yang berkontribusi, pengarang/penulis, editor, maupun reviewer.<br>5. Menerapkan norma dan ketentuan mengenai hak atas kekayaan intelektual, khususnya hak cipta.<br>6. Melakukan telaah kebijakan jurnal dan menyampaikannya kepada pengarang/penulis, dewan editor, reviewer, dan pembaca.<br>7. Membuat panduan kode berperilaku bagi editor dan reviewer.<br>8. Mempublikasikan jurnal secara teratur.<br>9. Mempersiapkan perizinan dan aspek legalitas lainnya.<br><br><strong>Tugas dan Tanggung Jawab Editor</strong><br>1. Mempertemukan kebutuhan pembaca dan pengarang/penulis,<br>2. Mengupayakan peningkatan mutu publikasi secara berkelanjutan,<br>3. Menyampaikan koreksi, klarifikasi, penarikan, dan permintaan maaf apabila diperlukan,<br>4. Bertanggung jawab terhadap gaya dan format karya tulis, sedangkan isi dan segala pernyataan dalam karya tulis adalah tanggung jawab pengarang/penulis,<br>5. Secara aktif meminta pendapat pengarang, pembaca, mitra bestari, dan anggota dewan editor untuk meningkatkan mutu publikasi,<br>6. Mendorong dilakukannya penilaian terhadap jurnal apabila ada temuan,<br>7. Memiliki pikiran terbuka terhadap pendapat baru atau pandangan orang lain yang mungkin bertentangan dengan pendapat pribadi,<br>8. Tidak mempertahankan pendapat sendiri, pengarang atau pihak ketiga yang dapat mengakibatkan keputusan tidak objektif,<br>9. Mendorong pengarang/penulis, supaya dapat melakukan perbaikan karya tulis hingga layak terbit.<br><br><strong>Tugas dan Tanggung Jawab Reviewer</strong><br>1. Mendapat tugas dari editor untuk menelaah karya tulis dan menyampaikan hasil penelaahan kepada editor, sebagai bahan penentuan kelayakan suatu karya tulis untuk diterbitkan.<br>2. Penelaah tidak boleh melakukan telaah atas karya tulis yang melibatkan dirinya, baik secara langsung maupun tidak<br>3. Menjaga privasi pengarang dengan tidak menyebarluaskan hasil koreksi, saran, dan rekomendasi dengan memberikan kritik, saran, masukan, dan rekomendasi<br>4. Mendorong pengarang/penulis untuk melakukan perbaikan karya tulis<br>5. Menelaah kembali karya tulis yang telah diperbaiki sesuai dengan standar yang telah ditentukan.<br>6. Karya tulis ditelaah secara tepat waktu sesuai gaya selingkung terbitan berdasarkan kaidah ilmiah (metode pengumpulan data, legalitas pengarang, kesimpulan, dan lain-lain.).<br><br><strong>Tugas dan Tanggung Jawab Pengarang/Penulis</strong><br>1. Memastikan bahwa yang masuk dalam daftar pengarang/penulis memenuhi kriteria sebagai pengarang/penulis.<br>2. Bertanggung jawab secara kolektif untuk pekerjaan dan isi artikel meliputi metode, analisis, perhitungan, dan rinciannya.<br>3. Menyatakan asal sumber daya (termasuk pendanaan), baik secara langsung maupun tidak langsung.<br>4. Menjelaskan keterbatasan-keterbatasan dalam penelitian<br>5. Menanggapi komentar yang dibuat oleh para mitra bestari secara profesional dan tepat waktu.<br>6. Menginformasikan kepada editor jika akan menarik kembali karya tulisnya.<br>7. Membuat pernyataan bahwa karya tulis yang diserahkan untuk diterbitkan adalah asli, belum pernah dipublikasikan di manapun dalam bahasa apapun.</p>\r\n</div>', 'string'),
(42, 'en_US', 'title', 'Etika Publikasi', 'string'),
(43, 'en_US', 'content', '<h1 class=\"page_title\"><strong style=\"font-size: 14px;\">Fokus dan cakupan artikel yang diterbitkan di dalam JIP (Jurnal Informatika Polinema) meliputi artikel terapan:</strong></h1>\r\n<div class=\"page\">\r\n<p>1. Pembelajaran Mesin (Machine Learning)</p>\r\n<p>2. Keamanan Informasi (Information Security)</p>\r\n<p>3. Sistem Informasi (Information System)</p>\r\n<p>4. Teori Informatika</p>\r\n<p>5. Kecerdasan Buatan (Artificial Intelligence)</p>\r\n<p>6. Digital Forensic</p>\r\n<p>7. Keamanan Cyber (Cyber Security)</p>\r\n<p>8. Sistem Sumber Terbuka (Open Source System)</p>\r\n<p>9. Sistem Pendukung Keputusan (Decision Support System)</p>\r\n<p>10. Komputasi Awan (Cloud &amp; Grid Computing)</p>\r\n<p>11. Komputasi Perangkat Bergerak (Mobile Computing)</p>\r\n<p>12. Web Semantik (Semantic Web)</p>\r\n<p>13. Sistem Terdistribusi dan sistem perusahaan (Distributed &amp; enterprise System)</p>\r\n<p>14. Penambangan Data (Data Mining)</p>\r\n<p>15. Pengolahan Citra Digital (Image Processing)&nbsp;</p>\r\n<p>16. Computer Vision</p>\r\n<p>17. Perolehan Informasi (Information Retrieval)</p>\r\n<p>18. Pengenalan Pola (Pattern Recognition)</p>\r\n<p>19. Internet of Thing (IoT)</p>\r\n<p>20. Penambangan Teks (Text Mining)</p>\r\n<p>21. Business Intelligent</p>\r\n</div>', 'string'),
(43, 'en_US', 'title', 'Ruang Lingkup', 'string'),
(44, '', 'titleLocaleKey', 'navigation.register', 'string'),
(45, '', 'titleLocaleKey', 'navigation.login', 'string'),
(46, '', 'titleLocaleKey', '{$loggedInUsername}', 'string'),
(47, '', 'titleLocaleKey', 'navigation.dashboard', 'string'),
(48, '', 'titleLocaleKey', 'common.viewProfile', 'string'),
(49, '', 'titleLocaleKey', 'navigation.admin', 'string'),
(50, '', 'titleLocaleKey', 'user.logOut', 'string'),
(51, '', 'titleLocaleKey', 'navigation.current', 'string'),
(52, '', 'titleLocaleKey', 'navigation.archives', 'string'),
(53, '', 'titleLocaleKey', 'manager.announcements', 'string'),
(54, '', 'titleLocaleKey', 'navigation.about', 'string'),
(55, '', 'titleLocaleKey', 'about.aboutContext', 'string'),
(56, '', 'titleLocaleKey', 'about.submissions', 'string'),
(57, '', 'titleLocaleKey', 'about.editorialTeam', 'string'),
(58, '', 'titleLocaleKey', 'manager.setup.privacyStatement', 'string'),
(59, '', 'titleLocaleKey', 'about.contact', 'string'),
(60, '', 'titleLocaleKey', 'common.search', 'string'),
(61, '', 'titleLocaleKey', 'navigation.register', 'string'),
(62, '', 'titleLocaleKey', 'navigation.login', 'string'),
(63, '', 'titleLocaleKey', '{$loggedInUsername}', 'string'),
(64, '', 'titleLocaleKey', 'navigation.dashboard', 'string'),
(65, '', 'titleLocaleKey', 'common.viewProfile', 'string'),
(66, '', 'titleLocaleKey', 'navigation.admin', 'string'),
(67, '', 'titleLocaleKey', 'user.logOut', 'string'),
(68, '', 'titleLocaleKey', 'navigation.current', 'string'),
(69, '', 'titleLocaleKey', 'navigation.archives', 'string'),
(70, '', 'titleLocaleKey', 'manager.announcements', 'string'),
(71, '', 'titleLocaleKey', 'navigation.about', 'string'),
(72, '', 'titleLocaleKey', 'about.aboutContext', 'string'),
(73, '', 'titleLocaleKey', 'about.submissions', 'string'),
(74, '', 'titleLocaleKey', 'about.editorialTeam', 'string'),
(75, '', 'titleLocaleKey', 'manager.setup.privacyStatement', 'string'),
(76, '', 'titleLocaleKey', 'about.contact', 'string'),
(77, '', 'titleLocaleKey', 'common.search', 'string'),
(78, '', 'titleLocaleKey', 'navigation.register', 'string'),
(79, '', 'titleLocaleKey', 'navigation.login', 'string'),
(80, '', 'titleLocaleKey', '{$loggedInUsername}', 'string'),
(81, '', 'titleLocaleKey', 'navigation.dashboard', 'string'),
(82, '', 'titleLocaleKey', 'common.viewProfile', 'string'),
(83, '', 'titleLocaleKey', 'navigation.admin', 'string'),
(84, '', 'titleLocaleKey', 'user.logOut', 'string'),
(85, '', 'titleLocaleKey', 'navigation.current', 'string'),
(86, '', 'titleLocaleKey', 'navigation.archives', 'string'),
(87, '', 'titleLocaleKey', 'manager.announcements', 'string'),
(88, '', 'titleLocaleKey', 'navigation.about', 'string'),
(89, '', 'titleLocaleKey', 'about.aboutContext', 'string'),
(90, '', 'titleLocaleKey', 'about.submissions', 'string'),
(91, '', 'titleLocaleKey', 'about.editorialTeam', 'string'),
(92, '', 'titleLocaleKey', 'manager.setup.privacyStatement', 'string'),
(93, '', 'titleLocaleKey', 'about.contact', 'string'),
(94, '', 'titleLocaleKey', 'common.search', 'string'),
(95, '', 'titleLocaleKey', 'navigation.register', 'string'),
(96, '', 'titleLocaleKey', 'navigation.login', 'string'),
(97, '', 'titleLocaleKey', '{$loggedInUsername}', 'string'),
(98, '', 'titleLocaleKey', 'navigation.dashboard', 'string'),
(99, '', 'titleLocaleKey', 'common.viewProfile', 'string'),
(100, '', 'titleLocaleKey', 'navigation.admin', 'string'),
(101, '', 'titleLocaleKey', 'user.logOut', 'string'),
(102, '', 'titleLocaleKey', 'navigation.current', 'string'),
(103, '', 'titleLocaleKey', 'navigation.archives', 'string'),
(104, '', 'titleLocaleKey', 'manager.announcements', 'string'),
(105, '', 'titleLocaleKey', 'navigation.about', 'string'),
(106, '', 'titleLocaleKey', 'about.aboutContext', 'string'),
(107, '', 'titleLocaleKey', 'about.submissions', 'string'),
(108, '', 'titleLocaleKey', 'about.editorialTeam', 'string'),
(109, '', 'titleLocaleKey', 'manager.setup.privacyStatement', 'string'),
(110, '', 'titleLocaleKey', 'about.contact', 'string'),
(111, '', 'titleLocaleKey', 'common.search', 'string'),
(112, '', 'titleLocaleKey', 'navigation.register', 'string'),
(113, '', 'titleLocaleKey', 'navigation.login', 'string'),
(114, '', 'titleLocaleKey', '{$loggedInUsername}', 'string'),
(115, '', 'titleLocaleKey', 'navigation.dashboard', 'string'),
(116, '', 'titleLocaleKey', 'common.viewProfile', 'string'),
(117, '', 'titleLocaleKey', 'navigation.admin', 'string'),
(118, '', 'titleLocaleKey', 'user.logOut', 'string'),
(119, '', 'titleLocaleKey', 'navigation.current', 'string'),
(120, '', 'titleLocaleKey', 'navigation.archives', 'string'),
(121, '', 'titleLocaleKey', 'manager.announcements', 'string'),
(122, '', 'titleLocaleKey', 'navigation.about', 'string'),
(123, '', 'titleLocaleKey', 'about.aboutContext', 'string'),
(124, '', 'titleLocaleKey', 'about.submissions', 'string'),
(125, '', 'titleLocaleKey', 'about.editorialTeam', 'string'),
(126, '', 'titleLocaleKey', 'manager.setup.privacyStatement', 'string'),
(127, '', 'titleLocaleKey', 'about.contact', 'string'),
(128, '', 'titleLocaleKey', 'common.search', 'string'),
(129, '', 'titleLocaleKey', 'navigation.register', 'string'),
(130, '', 'titleLocaleKey', 'navigation.login', 'string'),
(131, '', 'titleLocaleKey', '{$loggedInUsername}', 'string'),
(132, '', 'titleLocaleKey', 'navigation.dashboard', 'string'),
(133, '', 'titleLocaleKey', 'common.viewProfile', 'string'),
(134, '', 'titleLocaleKey', 'navigation.admin', 'string'),
(135, '', 'titleLocaleKey', 'user.logOut', 'string'),
(136, '', 'titleLocaleKey', 'navigation.current', 'string'),
(137, '', 'titleLocaleKey', 'navigation.archives', 'string'),
(138, '', 'titleLocaleKey', 'manager.announcements', 'string'),
(139, '', 'titleLocaleKey', 'navigation.about', 'string'),
(140, '', 'titleLocaleKey', 'about.aboutContext', 'string'),
(141, '', 'titleLocaleKey', 'about.submissions', 'string'),
(142, '', 'titleLocaleKey', 'about.editorialTeam', 'string'),
(143, '', 'titleLocaleKey', 'manager.setup.privacyStatement', 'string'),
(144, '', 'titleLocaleKey', 'about.contact', 'string'),
(145, '', 'titleLocaleKey', 'common.search', 'string'),
(146, '', 'titleLocaleKey', 'navigation.register', 'string'),
(147, '', 'titleLocaleKey', 'navigation.login', 'string'),
(148, '', 'titleLocaleKey', '{$loggedInUsername}', 'string'),
(149, '', 'titleLocaleKey', 'navigation.dashboard', 'string'),
(150, '', 'titleLocaleKey', 'common.viewProfile', 'string'),
(151, '', 'titleLocaleKey', 'navigation.admin', 'string'),
(152, '', 'titleLocaleKey', 'user.logOut', 'string'),
(153, '', 'titleLocaleKey', 'navigation.current', 'string'),
(154, '', 'titleLocaleKey', 'navigation.archives', 'string'),
(155, '', 'titleLocaleKey', 'manager.announcements', 'string'),
(156, '', 'titleLocaleKey', 'navigation.about', 'string'),
(157, '', 'titleLocaleKey', 'about.aboutContext', 'string'),
(158, '', 'titleLocaleKey', 'about.submissions', 'string'),
(159, '', 'titleLocaleKey', 'about.editorialTeam', 'string'),
(160, '', 'titleLocaleKey', 'manager.setup.privacyStatement', 'string'),
(161, '', 'titleLocaleKey', 'about.contact', 'string'),
(162, '', 'titleLocaleKey', 'common.search', 'string'),
(163, '', 'titleLocaleKey', 'navigation.register', 'string'),
(164, '', 'titleLocaleKey', 'navigation.login', 'string'),
(165, '', 'titleLocaleKey', '{$loggedInUsername}', 'string'),
(166, '', 'titleLocaleKey', 'navigation.dashboard', 'string'),
(167, '', 'titleLocaleKey', 'common.viewProfile', 'string'),
(168, '', 'titleLocaleKey', 'navigation.admin', 'string'),
(169, '', 'titleLocaleKey', 'user.logOut', 'string'),
(170, '', 'titleLocaleKey', 'navigation.current', 'string'),
(171, '', 'titleLocaleKey', 'navigation.archives', 'string'),
(172, '', 'titleLocaleKey', 'manager.announcements', 'string'),
(173, '', 'titleLocaleKey', 'navigation.about', 'string'),
(174, '', 'titleLocaleKey', 'about.aboutContext', 'string'),
(175, '', 'titleLocaleKey', 'about.submissions', 'string'),
(176, '', 'titleLocaleKey', 'about.editorialTeam', 'string'),
(177, '', 'titleLocaleKey', 'manager.setup.privacyStatement', 'string'),
(178, '', 'titleLocaleKey', 'about.contact', 'string'),
(179, '', 'titleLocaleKey', 'common.search', 'string'),
(180, '', 'titleLocaleKey', 'navigation.register', 'string'),
(181, '', 'titleLocaleKey', 'navigation.login', 'string'),
(182, '', 'titleLocaleKey', '{$loggedInUsername}', 'string'),
(183, '', 'titleLocaleKey', 'navigation.dashboard', 'string'),
(184, '', 'titleLocaleKey', 'common.viewProfile', 'string'),
(185, '', 'titleLocaleKey', 'navigation.admin', 'string'),
(186, '', 'titleLocaleKey', 'user.logOut', 'string'),
(187, '', 'titleLocaleKey', 'navigation.current', 'string'),
(188, '', 'titleLocaleKey', 'navigation.archives', 'string'),
(189, '', 'titleLocaleKey', 'manager.announcements', 'string'),
(190, '', 'titleLocaleKey', 'navigation.about', 'string'),
(191, '', 'titleLocaleKey', 'about.aboutContext', 'string'),
(192, '', 'titleLocaleKey', 'about.submissions', 'string'),
(193, '', 'titleLocaleKey', 'about.editorialTeam', 'string'),
(194, '', 'titleLocaleKey', 'manager.setup.privacyStatement', 'string'),
(195, '', 'titleLocaleKey', 'about.contact', 'string'),
(196, '', 'titleLocaleKey', 'common.search', 'string'),
(197, '', 'titleLocaleKey', 'navigation.register', 'string'),
(198, '', 'titleLocaleKey', 'navigation.login', 'string'),
(199, '', 'titleLocaleKey', '{$loggedInUsername}', 'string'),
(200, '', 'titleLocaleKey', 'navigation.dashboard', 'string'),
(201, '', 'titleLocaleKey', 'common.viewProfile', 'string'),
(202, '', 'titleLocaleKey', 'navigation.admin', 'string'),
(203, '', 'titleLocaleKey', 'user.logOut', 'string'),
(204, '', 'titleLocaleKey', 'navigation.current', 'string'),
(205, '', 'titleLocaleKey', 'navigation.archives', 'string'),
(206, '', 'titleLocaleKey', 'manager.announcements', 'string'),
(207, '', 'titleLocaleKey', 'navigation.about', 'string'),
(208, '', 'titleLocaleKey', 'about.aboutContext', 'string'),
(209, '', 'titleLocaleKey', 'about.submissions', 'string'),
(210, '', 'titleLocaleKey', 'about.editorialTeam', 'string'),
(211, '', 'titleLocaleKey', 'manager.setup.privacyStatement', 'string'),
(212, '', 'titleLocaleKey', 'about.contact', 'string'),
(213, '', 'titleLocaleKey', 'common.search', 'string'),
(214, '', 'titleLocaleKey', 'navigation.register', 'string'),
(215, '', 'titleLocaleKey', 'navigation.login', 'string'),
(216, '', 'titleLocaleKey', '{$loggedInUsername}', 'string'),
(217, '', 'titleLocaleKey', 'navigation.dashboard', 'string'),
(218, '', 'titleLocaleKey', 'common.viewProfile', 'string'),
(219, '', 'titleLocaleKey', 'navigation.admin', 'string'),
(220, '', 'titleLocaleKey', 'user.logOut', 'string'),
(221, '', 'titleLocaleKey', 'navigation.current', 'string'),
(222, '', 'titleLocaleKey', 'navigation.archives', 'string'),
(223, '', 'titleLocaleKey', 'manager.announcements', 'string'),
(224, '', 'titleLocaleKey', 'navigation.about', 'string'),
(225, '', 'titleLocaleKey', 'about.aboutContext', 'string'),
(226, '', 'titleLocaleKey', 'about.submissions', 'string'),
(227, '', 'titleLocaleKey', 'about.editorialTeam', 'string'),
(228, '', 'titleLocaleKey', 'manager.setup.privacyStatement', 'string'),
(229, '', 'titleLocaleKey', 'about.contact', 'string'),
(230, '', 'titleLocaleKey', 'common.search', 'string'),
(231, '', 'titleLocaleKey', 'navigation.register', 'string'),
(232, '', 'titleLocaleKey', 'navigation.login', 'string'),
(233, '', 'titleLocaleKey', '{$loggedInUsername}', 'string'),
(234, '', 'titleLocaleKey', 'navigation.dashboard', 'string'),
(235, '', 'titleLocaleKey', 'common.viewProfile', 'string'),
(236, '', 'titleLocaleKey', 'navigation.admin', 'string'),
(237, '', 'titleLocaleKey', 'user.logOut', 'string'),
(238, '', 'titleLocaleKey', 'navigation.current', 'string'),
(239, '', 'titleLocaleKey', 'navigation.archives', 'string'),
(240, '', 'titleLocaleKey', 'manager.announcements', 'string'),
(241, '', 'titleLocaleKey', 'navigation.about', 'string'),
(242, '', 'titleLocaleKey', 'about.aboutContext', 'string'),
(243, '', 'titleLocaleKey', 'about.submissions', 'string'),
(244, '', 'titleLocaleKey', 'about.editorialTeam', 'string'),
(245, '', 'titleLocaleKey', 'manager.setup.privacyStatement', 'string'),
(247, '', 'titleLocaleKey', 'common.search', 'string'),
(248, 'en_US', 'content', '<p><strong>Publisher :&nbsp;</strong></p>\r\n<p>LPPM Politeknik Negeri Malang <br>Jl. Soekarno Hatta No.9, Jatimulyo, <br>Kec. Lowokwaru Malang, Prov. Jawa Timur, Indonesia, 65411 <br>Telp. 0341 - 404424, upt.p2m@polinema.ac.id</p>\r\n<table>\r\n<tbody>\r\n<tr>\r\n<td>Hauu</td>\r\n<td>Hau 2</td>\r\n</tr>\r\n</tbody>\r\n</table>', 'string'),
(248, 'en_US', 'title', 'Kontak', 'string'),
(248, 'id_ID', 'content', '', 'string'),
(249, 'en_US', 'content', '<p><strong>Aims</strong></p>\r\n<p>Jurnal Pengabdian Polinema Kepada Masyarakat mencakup secara rinci berbagai macam topik dalam .... Tujuan jurnal adalah menyebarluaskan pengetahuan yang diperoleh dari hasil penelitian pada organisasi, perorangan, sistem, dan peristiwa di bidang ..... Jurnal ini menyediakan forum untuk pertukaran ilmiah untuk akademisi, praktisi, dan peneliti independen dengan menerbitkan penelitian empiris yang berkualitas.</p>\r\n<p><strong>Ruang Lingkup</strong></p>\r\n<p>Jurnal Pengabdian Polinema Kepada Masyarakat mempromosikan ide dan informasi di antara para peneliti yang telah dicapai di bidang ......</p>', 'string'),
(249, 'en_US', 'title', 'Ruang Lingkup', 'string'),
(249, 'id_ID', 'content', '', 'string'),
(250, 'en_US', 'content', '<p>In general, conduct publication compiled refer to COPE. Statement scientific code of conduct is an expression of the code of conduct of all parties involved in the process of scientific journal publications, namely managers, editors, reviewer and author/writer. The statement\'s code of ethics of scientific publications by LIPI Chief Regulation No. 5 of 2014 on the Code of Ethics of Scientific Publications, which basically Scientific Publication Ethics Code is essentially upholds ethical values in three publications, namely.</p>\r\n<p><strong>Duties and Responsibilities Editor</strong></p>\r\n<ul>\r\n<li>Reconciling the needs of the reader and the author</li>\r\n<li>Every effort to improve the quality of publications on an ongoing basis,</li>\r\n<li>Implement the process to ensure the quality of papers published,</li>\r\n<li>Promoting freedom of speech objectively,</li>\r\n<li>Maintaining the integrity of the track record of academic authors,</li>\r\n<li>Delivering corrections, clarifications, withdrawal, and an apology if necessary,</li>\r\n<li>Responsible for the style and format of the paper, while the contents and any statements in the papers is the responsibility of the authors&nbsp;</li>\r\n<li>Actively soliciting opinion of the authors, readers, reviewers, and members of the editorial board to improve the quality of publications</li>\r\n<li>Encouraging assessment of the journal, if there are findings,</li>\r\n<li>Support initiatives to reduce errors of research and publications by asking the authors attach form clearance of Conduct approved by the Ethics Committee clearance,</li>\r\n<li>Supports the initiative to educate researchers about publication ethics,</li>\r\n<li>Assessing the effects of policy on the issue of the attitude of the author and reviewer and fix it to increase accountability and reduce errors,</li>\r\n<li>Have an open mind towards new opinion or views of others that may conflict with personal opinions,</li>\r\n<li>Not maintaining his own opinion, the author or third parties which may result in a decision not objective</li>\r\n</ul>\r\n<p><strong>Duties and Responsibilities Reviewers</strong></p>\r\n<ul>\r\n<li>Given the task of editors to examine the papers and submit the review to the editor, as a determination of the feasibility of a paper for publication.</li>\r\n<li>Reviewers should not perform a review of the papers involving him, either directly or indirectly</li>\r\n<li>Maintain the author\'s privacy by not disseminating the results of corrections, suggestions, and recommendations provide criticism, suggestions, feedback, and recommendations</li>\r\n<li>Encouraging author to make improvements papers</li>\r\n<li>Going back papers that have been fixed in accordance with the specified standard.</li>\r\n</ul>\r\n<p><strong>Duties and Responsibilities Author</strong></p>\r\n<ul>\r\n<li>Ensure that were included in the list of authors / writers meet the criteria as an author / writer.</li>\r\n<li>Responsible collectively to work content and the articles include methods, analysis, calculation, and details.</li>\r\n<li>To declare the origin of the resources (including funding), either directly or indirectly.</li>\r\n<li>Describe the limitations of the study</li>\r\n<li>Response to the comments made by the reviewer in a professional and timely</li>\r\n<li>Inform if the editor would retract his paper.</li>\r\n<li>Make a statement that the papers submitted for publication is original, has not been published anywhere in any language, and not in the process of submission to another publisher.</li>\r\n</ul>', 'string'),
(250, 'en_US', 'title', 'Etika Publikasi', 'string'),
(251, 'en_US', 'content', '<ol>\r\n<li class=\"show\"><strong>Nama, M.Kom<br></strong>\r\n<ul>\r\n<li class=\"show\">(GoogleScholar: xxxx)</li>\r\n<li class=\"show\">(Politeknik Negeri Malang, Indonesia)</li>\r\n</ul>\r\n</li>\r\n<li class=\"show\"><strong>Nama, M.Kom</strong>\r\n<ul>\r\n<li class=\"show\">(ScopusID :&nbsp;<a href=\"https://www.scopus.com/authid/detail.uri?authorId=57189241716\">xxx</a>, GoogleScholar: xxx)</li>\r\n<li class=\"show\">(Politeknik Negeri Malang, Indonesia)</li>\r\n</ul>\r\n</li>\r\n<li class=\"show\"><strong>Nama, M.T.</strong>&nbsp;&nbsp;\r\n<ul>\r\n<li class=\"show\">(ScopusID : xxx, GoogleScholar: xxx)</li>\r\n<li class=\"show\">(Politeknik Negeri Malang, Indonesia)</li>\r\n</ul>\r\n</li>\r\n<li class=\"show\"><strong>Nama, M.T.</strong>\r\n<ul>\r\n<li class=\"show\">(Politeknik Negeri Malang, Indonesia)</li>\r\n</ul>\r\n</li>\r\n<li class=\"show\"><strong>Nama., M.Kom.</strong>\r\n<ul>\r\n<li class=\"show\">(Politeknik Negeri Malang, Indonesia)</li>\r\n</ul>\r\n</li>\r\n</ol>', 'string'),
(251, 'en_US', 'title', 'Editor', 'string'),
(252, 'en_US', 'content', '<ol>\r\n<li class=\"show\"><strong>Nama, M.Kom<br></strong>\r\n<ul>\r\n<li class=\"show\">(GoogleScholar: xxxx)</li>\r\n<li class=\"show\">(Politeknik Negeri Malang, Indonesia)</li>\r\n</ul>\r\n</li>\r\n<li class=\"show\"><strong>Nama, M.Kom</strong>\r\n<ul>\r\n<li class=\"show\">(ScopusID :&nbsp;<a href=\"https://www.scopus.com/authid/detail.uri?authorId=57189241716\">xxx</a>, GoogleScholar: xxx)</li>\r\n<li class=\"show\">(Politeknik Negeri Malang, Indonesia)</li>\r\n</ul>\r\n</li>\r\n<li class=\"show\"><strong>Nama, M.T.</strong>&nbsp;&nbsp;\r\n<ul>\r\n<li class=\"show\">(ScopusID : xxx, GoogleScholar: xxx)</li>\r\n<li class=\"show\">(Politeknik Negeri Malang, Indonesia)</li>\r\n</ul>\r\n</li>\r\n<li class=\"show\"><strong>Nama, M.T.</strong>\r\n<ul>\r\n<li class=\"show\">(Politeknik Negeri Malang, Indonesia)</li>\r\n</ul>\r\n</li>\r\n<li class=\"show\"><strong>Nama., M.Kom.</strong>\r\n<ul>\r\n<li class=\"show\">(Universitas Negeri Bali, Indonesia)</li>\r\n</ul>\r\n</li>\r\n</ol>', 'string'),
(252, 'en_US', 'title', 'Tim Reviewer', 'string'),
(253, 'en_US', 'content', '<p><strong>Submission Prepapation</strong></p>\r\n<p>Sebagai bagian dari proses pengiriman, penulis diwajibkan untuk memeriksa kepatuhan pengajuan mereka dengan semua item berikut, dan pengiriman dapat dikembalikan kepada penulis yang tidak mematuhi pedoman ini.</p>\r\n<ol>\r\n<li class=\"show\">The submission has not been previously published.</li>\r\n<li class=\"show\">The manuscript is free of plagiarism.</li>\r\n<li class=\"show\">The submission file is in Microsoft Word.</li>\r\n<li class=\"show\">The manuscript follows editorial guidelines.</li>\r\n</ol>\r\n<p><strong>Structure of the Manuscripts</strong></p>\r\n<ol>\r\n<li class=\"show\"><strong>Title.&nbsp;</strong>The title should be clear and informative and should not be abbreviated and not more than 14 words.</li>\r\n<li class=\"show\"><strong>Author\'s names and institutions.&nbsp;</strong>The author\'s name should not be abbreviated and does not use title. Authors should include detailed institutional name and address including department, faculty, institution name and address. The author casts one of the authors as a corresponding author</li>\r\n<li class=\"show\"><strong>Abstract and keywords</strong>. The abstract is written in English and Indonesian , and it should be between 150-175 words for each language version. The key words should be of 3 to 6 words or phrases.</li>\r\n<li class=\"show\"><strong>Introduction</strong>. This section describes the background of the study,&nbsp;<em>a review of previous research, gap analysis and research objectives</em>. The important point in this section is that the writer should be able to show the importance and novelty of the research done.</li>\r\n<li class=\"show\"><strong>Methods</strong>. This section explains how this research is conducted. This section may consist of methods and sample quantities, and analysis tools used.</li>\r\n<li class=\"show\"><strong>Results.</strong>&nbsp;This section explains the results of the study. It should be presented clearly and concisely.</li>\r\n<li class=\"show\"><strong>Discussion</strong>. In this section, the author discusses the results of study and should be able to explore novelty or research contributions in the literature according to the topic under study.</li>\r\n<li class=\"show\"><strong>Conclusions</strong>. This section concludes and provides policy implications, if any, of the study. The conclusion(s) should be at the same order with ones discussed in the body of the manuscript.</li>\r\n<li class=\"show\"><strong>References</strong>. This section lists only the literature sourced from journals, books and others written materials cited in the body article. The author is recommended not to use references from unpublished research results.</li>\r\n</ol>\r\n<p>&nbsp;<strong>General Writing Format</strong></p>\r\n<ol>\r\n<li class=\"show\">The manuscript is prepared in a A4 paper, one coulumn, and single line spacing format.</li>\r\n<li class=\"show\">A new paragraph should start 1 centimetre from the left margin, using 12 font size, Garamond font type.</li>\r\n<li class=\"show\">The manuscript is written in Indonesian or English</li>\r\n<li class=\"show\">The manuscript must be between 14 to 17 pages long.</li>\r\n<li class=\"show\">The top, bottom, left and right margins are 1,5&nbsp;</li>\r\n<li class=\"show\">The title is written using capital letters in every words except for connecting words, 14 font size, center position.</li>\r\n<li class=\"show\">Sub titles&nbsp;are written using capital letters in every words except for connecting words, 12 font size, started from the left margin.</li>\r\n<li class=\"show\">Sub of sub titles, if any, are written using capital letters only at the beginning of each word except for connecting words, all in&nbsp;<em>italics</em>. They should be started from the left margin.</li>\r\n<li class=\"show\">References should be those of the last ten years publication (&gt;80%), except for key references (80%). Referring to any textbook should be minimized (&lt;20%).</li>\r\n<li class=\"show\">Reference writing uses APA Style and is suggested using Mendeley or Endnote reference software</li>\r\n<li class=\"show\">Acknowledgment, if any, should include the funding agency&nbsp;</li>\r\n</ol>\r\n<p><strong>Tables and Figures.&nbsp;</strong>Tables should be presented as follows:</p>\r\n<ol>\r\n<li class=\"show\">The name of tables should follow a numbering system (Arabic numbering system). The title of the tables and figures are placed at the top and the bottom respectively.</li>\r\n<li class=\"show\">The tables and figures should provide the source of information, if any, at the bottom.&nbsp;</li>\r\n<li class=\"show\">The table contains row lines only without column lines.&nbsp;</li>\r\n</ol>', 'string'),
(253, 'en_US', 'title', 'Pedoman Penulis', 'string'),
(253, 'id_ID', 'content', '', 'string'),
(254, 'en_US', 'content', '<p>Makalah yang diterbitkan di Jurnal Pengabdian Polinema Kepada Masyarakat harus bebas dari plagiarisme. Oleh karena itu, naskah yang dikirim dalam jurnal akan diperiksa untuk kemiripan menggunakan Unicheck: Plagiarism Checker. Jika pada pemeriksaan awal naskah memiliki kesamaan lebih besar dari 25% (kecuali kutipan dan referensi) naskah akan ditolak dan proses peninjauan naskah tidak dilanjutkan. Jika kurang dari 25%, penulis harus memperbaiki kemiripan proses penulisan dan ulasan akan dilanjutkan.</p>', 'string'),
(254, 'en_US', 'title', 'Kebijakan Plagiarisme', 'string'),
(254, 'id_ID', 'content', '', 'string'),
(255, 'en_US', 'content', '<p>Jurnal Ini terakreditasi.....</p>', 'string'),
(255, 'en_US', 'title', 'Akreditasi', 'string');

-- --------------------------------------------------------

--
-- Struktur dari tabel `notes`
--

CREATE TABLE `notes` (
  `note_id` bigint(20) NOT NULL,
  `assoc_type` bigint(20) DEFAULT NULL,
  `assoc_id` bigint(20) DEFAULT NULL,
  `user_id` bigint(20) NOT NULL,
  `date_created` datetime NOT NULL,
  `date_modified` datetime DEFAULT NULL,
  `title` varchar(255) DEFAULT NULL,
  `contents` text
) ENGINE=InnoDB DEFAULT CHARSET=utf8;

-- --------------------------------------------------------

--
-- Struktur dari tabel `notifications`
--

CREATE TABLE `notifications` (
  `notification_id` bigint(20) NOT NULL,
  `context_id` bigint(20) NOT NULL,
  `user_id` bigint(20) DEFAULT NULL,
  `level` bigint(20) NOT NULL,
  `type` bigint(20) NOT NULL,
  `date_created` datetime NOT NULL,
  `date_read` datetime DEFAULT NULL,
  `assoc_type` bigint(20) DEFAULT NULL,
  `assoc_id` bigint(20) DEFAULT NULL
) ENGINE=InnoDB DEFAULT CHARSET=utf8;

--
-- Dumping data untuk tabel `notifications`
--

INSERT INTO `notifications` (`notification_id`, `context_id`, `user_id`, `level`, `type`, `date_created`, `date_read`, `assoc_type`, `assoc_id`) VALUES
(4, 1, 0, 2, 16777244, '2020-06-04 16:50:34', NULL, 256, 1),
(9, 2, 0, 2, 16777244, '2020-06-04 17:00:36', NULL, 256, 2),
(11, 3, 0, 2, 16777244, '2020-06-08 15:22:15', NULL, 256, 3),
(13, 4, 0, 2, 16777244, '2020-06-08 15:23:06', NULL, 256, 4),
(15, 5, 0, 2, 16777244, '2020-06-08 15:26:50', NULL, 256, 5),
(17, 6, 0, 2, 16777244, '2020-06-08 15:27:32', NULL, 256, 6),
(19, 7, 0, 2, 16777244, '2020-06-08 15:29:14', NULL, 256, 7),
(21, 8, 0, 2, 16777244, '2020-06-08 15:30:06', NULL, 256, 8),
(23, 9, 0, 2, 16777244, '2020-06-08 15:30:50', NULL, 256, 9),
(25, 10, 0, 2, 16777244, '2020-06-08 15:31:31', NULL, 256, 10),
(27, 11, 0, 2, 16777244, '2020-06-08 15:32:10', NULL, 256, 11),
(29, 12, 0, 2, 16777244, '2020-06-09 02:14:44', NULL, 256, 12),
(40, 13, 0, 2, 16777244, '2020-06-15 04:16:48', NULL, 256, 13),
(42, 14, 0, 2, 16777244, '2020-06-22 19:28:18', NULL, 256, 14);

-- --------------------------------------------------------

--
-- Struktur dari tabel `notification_mail_list`
--

CREATE TABLE `notification_mail_list` (
  `notification_mail_list_id` bigint(20) NOT NULL,
  `email` varchar(90) NOT NULL,
  `confirmed` tinyint(4) NOT NULL DEFAULT '0',
  `token` varchar(40) NOT NULL,
  `context` bigint(20) NOT NULL
) ENGINE=InnoDB DEFAULT CHARSET=utf8;

-- --------------------------------------------------------

--
-- Struktur dari tabel `notification_settings`
--

CREATE TABLE `notification_settings` (
  `notification_id` bigint(20) NOT NULL,
  `locale` varchar(14) DEFAULT NULL,
  `setting_name` varchar(64) NOT NULL,
  `setting_value` text,
  `setting_type` varchar(6) NOT NULL
) ENGINE=InnoDB DEFAULT CHARSET=utf8;

-- --------------------------------------------------------

--
-- Struktur dari tabel `notification_subscription_settings`
--

CREATE TABLE `notification_subscription_settings` (
  `setting_id` bigint(20) NOT NULL,
  `setting_name` varchar(64) NOT NULL,
  `setting_value` text,
  `user_id` bigint(20) NOT NULL,
  `context` bigint(20) NOT NULL,
  `setting_type` varchar(6) NOT NULL
) ENGINE=InnoDB DEFAULT CHARSET=utf8;

-- --------------------------------------------------------

--
-- Struktur dari tabel `oai_resumption_tokens`
--

CREATE TABLE `oai_resumption_tokens` (
  `token` varchar(32) NOT NULL,
  `expire` bigint(20) NOT NULL,
  `record_offset` int(11) NOT NULL,
  `params` text
) ENGINE=InnoDB DEFAULT CHARSET=utf8;

-- --------------------------------------------------------

--
-- Struktur dari tabel `plugin_settings`
--

CREATE TABLE `plugin_settings` (
  `plugin_name` varchar(80) NOT NULL,
  `context_id` bigint(20) NOT NULL,
  `setting_name` varchar(80) NOT NULL,
  `setting_value` text,
  `setting_type` varchar(6) NOT NULL
) ENGINE=InnoDB DEFAULT CHARSET=utf8;

--
-- Dumping data untuk tabel `plugin_settings`
--

INSERT INTO `plugin_settings` (`plugin_name`, `context_id`, `setting_name`, `setting_value`, `setting_type`) VALUES
('acronplugin', 0, 'crontab', 'a:27:{i:0;a:3:{s:9:\"className\";s:43:\"plugins.generic.usageStats.UsageStatsLoader\";s:9:\"frequency\";a:1:{s:4:\"hour\";i:24;}s:4:\"args\";a:1:{i:0;s:9:\"autoStage\";}}i:1;a:3:{s:9:\"className\";s:43:\"plugins.generic.usageStats.UsageStatsLoader\";s:9:\"frequency\";a:1:{s:4:\"hour\";i:24;}s:4:\"args\";a:1:{i:0;s:9:\"autoStage\";}}i:2;a:3:{s:9:\"className\";s:48:\"plugins.importexport.crossref.CrossrefInfoSender\";s:9:\"frequency\";a:1:{s:4:\"hour\";i:24;}s:4:\"args\";a:0:{}}i:3;a:3:{s:9:\"className\";s:48:\"plugins.importexport.datacite.DataciteInfoSender\";s:9:\"frequency\";a:1:{s:4:\"hour\";i:24;}s:4:\"args\";a:0:{}}i:4;a:3:{s:9:\"className\";s:40:\"plugins.importexport.doaj.DOAJInfoSender\";s:9:\"frequency\";a:1:{s:4:\"hour\";i:24;}s:4:\"args\";a:0:{}}i:5;a:3:{s:9:\"className\";s:42:\"plugins.importexport.medra.MedraInfoSender\";s:9:\"frequency\";a:1:{s:4:\"hour\";i:24;}s:4:\"args\";a:0:{}}i:6;a:3:{s:9:\"className\";s:43:\"plugins.generic.usageStats.UsageStatsLoader\";s:9:\"frequency\";a:1:{s:4:\"hour\";i:24;}s:4:\"args\";a:1:{i:0;s:9:\"autoStage\";}}i:7;a:3:{s:9:\"className\";s:48:\"plugins.importexport.crossref.CrossrefInfoSender\";s:9:\"frequency\";a:1:{s:4:\"hour\";i:24;}s:4:\"args\";a:0:{}}i:8;a:3:{s:9:\"className\";s:48:\"plugins.importexport.datacite.DataciteInfoSender\";s:9:\"frequency\";a:1:{s:4:\"hour\";i:24;}s:4:\"args\";a:0:{}}i:9;a:3:{s:9:\"className\";s:40:\"plugins.importexport.doaj.DOAJInfoSender\";s:9:\"frequency\";a:1:{s:4:\"hour\";i:24;}s:4:\"args\";a:0:{}}i:10;a:3:{s:9:\"className\";s:42:\"plugins.importexport.medra.MedraInfoSender\";s:9:\"frequency\";a:1:{s:4:\"hour\";i:24;}s:4:\"args\";a:0:{}}i:11;a:3:{s:9:\"className\";s:43:\"plugins.generic.usageStats.UsageStatsLoader\";s:9:\"frequency\";a:1:{s:4:\"hour\";i:24;}s:4:\"args\";a:1:{i:0;s:9:\"autoStage\";}}i:12;a:3:{s:9:\"className\";s:48:\"plugins.importexport.crossref.CrossrefInfoSender\";s:9:\"frequency\";a:1:{s:4:\"hour\";i:24;}s:4:\"args\";a:0:{}}i:13;a:3:{s:9:\"className\";s:48:\"plugins.importexport.datacite.DataciteInfoSender\";s:9:\"frequency\";a:1:{s:4:\"hour\";i:24;}s:4:\"args\";a:0:{}}i:14;a:3:{s:9:\"className\";s:40:\"plugins.importexport.doaj.DOAJInfoSender\";s:9:\"frequency\";a:1:{s:4:\"hour\";i:24;}s:4:\"args\";a:0:{}}i:15;a:3:{s:9:\"className\";s:42:\"plugins.importexport.medra.MedraInfoSender\";s:9:\"frequency\";a:1:{s:4:\"hour\";i:24;}s:4:\"args\";a:0:{}}i:16;a:3:{s:9:\"className\";s:43:\"plugins.generic.usageStats.UsageStatsLoader\";s:9:\"frequency\";a:1:{s:4:\"hour\";i:24;}s:4:\"args\";a:1:{i:0;s:9:\"autoStage\";}}i:17;a:3:{s:9:\"className\";s:48:\"plugins.importexport.crossref.CrossrefInfoSender\";s:9:\"frequency\";a:1:{s:4:\"hour\";i:24;}s:4:\"args\";a:0:{}}i:18;a:3:{s:9:\"className\";s:48:\"plugins.importexport.datacite.DataciteInfoSender\";s:9:\"frequency\";a:1:{s:4:\"hour\";i:24;}s:4:\"args\";a:0:{}}i:19;a:3:{s:9:\"className\";s:40:\"plugins.importexport.doaj.DOAJInfoSender\";s:9:\"frequency\";a:1:{s:4:\"hour\";i:24;}s:4:\"args\";a:0:{}}i:20;a:3:{s:9:\"className\";s:42:\"plugins.importexport.medra.MedraInfoSender\";s:9:\"frequency\";a:1:{s:4:\"hour\";i:24;}s:4:\"args\";a:0:{}}i:21;a:3:{s:9:\"className\";s:43:\"plugins.generic.usageStats.UsageStatsLoader\";s:9:\"frequency\";a:1:{s:4:\"hour\";i:24;}s:4:\"args\";a:1:{i:0;s:9:\"autoStage\";}}i:22;a:3:{s:9:\"className\";s:48:\"plugins.importexport.crossref.CrossrefInfoSender\";s:9:\"frequency\";a:1:{s:4:\"hour\";i:24;}s:4:\"args\";a:0:{}}i:23;a:3:{s:9:\"className\";s:48:\"plugins.importexport.datacite.DataciteInfoSender\";s:9:\"frequency\";a:1:{s:4:\"hour\";i:24;}s:4:\"args\";a:0:{}}i:24;a:3:{s:9:\"className\";s:40:\"plugins.importexport.doaj.DOAJInfoSender\";s:9:\"frequency\";a:1:{s:4:\"hour\";i:24;}s:4:\"args\";a:0:{}}i:25;a:3:{s:9:\"className\";s:42:\"plugins.importexport.medra.MedraInfoSender\";s:9:\"frequency\";a:1:{s:4:\"hour\";i:24;}s:4:\"args\";a:0:{}}i:26;a:3:{s:9:\"className\";s:35:\"lib.pkp.classes.task.ReviewReminder\";s:9:\"frequency\";a:1:{s:4:\"hour\";i:24;}s:4:\"args\";a:0:{}}}', 'object'),
('acronplugin', 0, 'enabled', '1', 'bool'),
('customblockmanagerplugin', 2, 'blocks', 'a:1:{i:0;s:11:\"menusidebar\";}', 'object'),
('customblockmanagerplugin', 2, 'enabled', '1', 'bool'),
('customblockmanagerplugin', 10, 'blocks', 'a:1:{i:0;s:11:\"menusidebar\";}', 'object'),
('customblockmanagerplugin', 10, 'enabled', '1', 'bool'),
('customblockmanagerplugin', 12, 'blocks', 'a:2:{i:0;s:11:\"menusidebar\";i:1;s:11:\"flagcounter\";}', 'object'),
('customblockmanagerplugin', 12, 'enabled', '1', 'bool'),
('customblockmanagerplugin', 13, 'enabled', '1', 'bool'),
('customblockmanagerplugin', 14, 'blocks', 'a:1:{i:0;s:11:\"menusidebar\";}', 'object'),
('customblockmanagerplugin', 14, 'enabled', '1', 'bool'),
('defaultthemeplugin', 0, 'baseColour', '#1e6292', 'text'),
('defaultthemeplugin', 0, 'enabled', '1', 'bool'),
('defaultthemeplugin', 1, 'baseColour', '#1e6292', 'text'),
('defaultthemeplugin', 1, 'enabled', '1', 'bool'),
('defaultthemeplugin', 2, 'baseColour', '#1e6292', 'text'),
('defaultthemeplugin', 2, 'enabled', '1', 'bool'),
('defaultthemeplugin', 3, 'enabled', '1', 'bool'),
('defaultthemeplugin', 4, 'enabled', '1', 'bool'),
('defaultthemeplugin', 5, 'baseColour', '#1e6292', 'text'),
('defaultthemeplugin', 5, 'enabled', '1', 'bool'),
('defaultthemeplugin', 6, 'baseColour', '#1e6292', 'text'),
('defaultthemeplugin', 6, 'enabled', '1', 'bool'),
('defaultthemeplugin', 7, 'baseColour', '#1e6292', 'text'),
('defaultthemeplugin', 7, 'enabled', '1', 'bool'),
('defaultthemeplugin', 8, 'enabled', '1', 'bool'),
('defaultthemeplugin', 9, 'enabled', '1', 'bool'),
('defaultthemeplugin', 10, 'baseColour', '#1e6292', 'text'),
('defaultthemeplugin', 10, 'enabled', '1', 'bool'),
('defaultthemeplugin', 11, 'enabled', '1', 'bool'),
('defaultthemeplugin', 12, 'baseColour', '#1e6292', 'text'),
('defaultthemeplugin', 12, 'enabled', '1', 'bool'),
('defaultthemeplugin', 13, 'enabled', '1', 'bool'),
('defaultthemeplugin', 14, 'baseColour', '#1e6292', 'text'),
('defaultthemeplugin', 14, 'enabled', '1', 'bool'),
('developedbyblockplugin', 0, 'context', '1', 'int'),
('developedbyblockplugin', 0, 'enabled', '0', 'bool'),
('developedbyblockplugin', 0, 'seq', '0', 'int'),
('developedbyblockplugin', 1, 'context', '1', 'int'),
('developedbyblockplugin', 1, 'enabled', '0', 'bool'),
('developedbyblockplugin', 1, 'seq', '0', 'int'),
('developedbyblockplugin', 2, 'context', '1', 'int'),
('developedbyblockplugin', 2, 'enabled', '0', 'bool'),
('developedbyblockplugin', 2, 'seq', '0', 'int'),
('developedbyblockplugin', 3, 'context', '1', 'int'),
('developedbyblockplugin', 3, 'enabled', '0', 'bool'),
('developedbyblockplugin', 3, 'seq', '0', 'int'),
('developedbyblockplugin', 4, 'context', '1', 'int'),
('developedbyblockplugin', 4, 'enabled', '0', 'bool'),
('developedbyblockplugin', 4, 'seq', '0', 'int'),
('developedbyblockplugin', 5, 'context', '1', 'int'),
('developedbyblockplugin', 5, 'enabled', '0', 'bool'),
('developedbyblockplugin', 5, 'seq', '0', 'int'),
('developedbyblockplugin', 6, 'context', '1', 'int'),
('developedbyblockplugin', 6, 'enabled', '0', 'bool'),
('developedbyblockplugin', 6, 'seq', '0', 'int'),
('developedbyblockplugin', 7, 'context', '1', 'int'),
('developedbyblockplugin', 7, 'enabled', '0', 'bool'),
('developedbyblockplugin', 7, 'seq', '0', 'int'),
('developedbyblockplugin', 8, 'context', '1', 'int'),
('developedbyblockplugin', 8, 'enabled', '0', 'bool'),
('developedbyblockplugin', 8, 'seq', '0', 'int'),
('developedbyblockplugin', 9, 'context', '1', 'int'),
('developedbyblockplugin', 9, 'enabled', '0', 'bool'),
('developedbyblockplugin', 9, 'seq', '0', 'int'),
('developedbyblockplugin', 10, 'context', '1', 'int'),
('developedbyblockplugin', 10, 'enabled', '0', 'bool'),
('developedbyblockplugin', 10, 'seq', '0', 'int'),
('developedbyblockplugin', 11, 'context', '1', 'int'),
('developedbyblockplugin', 11, 'enabled', '0', 'bool'),
('developedbyblockplugin', 11, 'seq', '0', 'int'),
('developedbyblockplugin', 12, 'context', '1', 'int'),
('developedbyblockplugin', 12, 'enabled', '0', 'bool'),
('developedbyblockplugin', 12, 'seq', '0', 'int'),
('developedbyblockplugin', 13, 'context', '1', 'int'),
('developedbyblockplugin', 13, 'enabled', '0', 'bool'),
('developedbyblockplugin', 13, 'seq', '0', 'int'),
('developedbyblockplugin', 14, 'context', '1', 'int'),
('developedbyblockplugin', 14, 'enabled', '0', 'bool'),
('developedbyblockplugin', 14, 'seq', '0', 'int'),
('dublincoremetaplugin', 1, 'enabled', '1', 'bool'),
('dublincoremetaplugin', 2, 'enabled', '1', 'bool'),
('dublincoremetaplugin', 3, 'enabled', '1', 'bool'),
('dublincoremetaplugin', 4, 'enabled', '1', 'bool'),
('dublincoremetaplugin', 5, 'enabled', '1', 'bool'),
('dublincoremetaplugin', 6, 'enabled', '1', 'bool'),
('dublincoremetaplugin', 7, 'enabled', '1', 'bool'),
('dublincoremetaplugin', 8, 'enabled', '1', 'bool'),
('dublincoremetaplugin', 9, 'enabled', '1', 'bool'),
('dublincoremetaplugin', 10, 'enabled', '1', 'bool'),
('dublincoremetaplugin', 11, 'enabled', '1', 'bool'),
('dublincoremetaplugin', 12, 'enabled', '1', 'bool'),
('dublincoremetaplugin', 13, 'enabled', '1', 'bool'),
('dublincoremetaplugin', 14, 'enabled', '1', 'bool'),
('flagcounter', 12, 'blockContent', 'a:1:{s:5:\"en_US\";s:243:\"<p><a href=\"https://info.flagcounter.com/fTig\"><img src=\"https://s11.flagcounter.com/count2/fTig/bg_FFFFFF/txt_000000/border_CCCCCC/columns_2/maxflags_10/viewers_0/labels_0/pageviews_0/flags_0/percent_0/\" alt=\"Flag Counter\" border=\"0\"></a></p>\";}', 'object'),
('flagcounter', 12, 'context', '1', 'int'),
('flagcounter', 12, 'enabled', '1', 'bool'),
('googlescholarplugin', 1, 'enabled', '1', 'bool'),
('googlescholarplugin', 2, 'enabled', '1', 'bool'),
('googlescholarplugin', 3, 'enabled', '1', 'bool'),
('googlescholarplugin', 4, 'enabled', '1', 'bool'),
('googlescholarplugin', 5, 'enabled', '1', 'bool'),
('googlescholarplugin', 6, 'enabled', '1', 'bool'),
('googlescholarplugin', 7, 'enabled', '1', 'bool'),
('googlescholarplugin', 8, 'enabled', '1', 'bool'),
('googlescholarplugin', 9, 'enabled', '1', 'bool'),
('googlescholarplugin', 10, 'enabled', '1', 'bool'),
('googlescholarplugin', 11, 'enabled', '1', 'bool'),
('googlescholarplugin', 12, 'enabled', '1', 'bool'),
('googlescholarplugin', 13, 'enabled', '1', 'bool'),
('googlescholarplugin', 14, 'enabled', '1', 'bool'),
('htmlarticlegalleyplugin', 1, 'enabled', '1', 'bool'),
('htmlarticlegalleyplugin', 2, 'enabled', '1', 'bool'),
('htmlarticlegalleyplugin', 3, 'enabled', '1', 'bool'),
('htmlarticlegalleyplugin', 4, 'enabled', '1', 'bool'),
('htmlarticlegalleyplugin', 5, 'enabled', '1', 'bool'),
('htmlarticlegalleyplugin', 6, 'enabled', '1', 'bool'),
('htmlarticlegalleyplugin', 7, 'enabled', '1', 'bool'),
('htmlarticlegalleyplugin', 8, 'enabled', '1', 'bool'),
('htmlarticlegalleyplugin', 9, 'enabled', '1', 'bool'),
('htmlarticlegalleyplugin', 10, 'enabled', '1', 'bool'),
('htmlarticlegalleyplugin', 11, 'enabled', '1', 'bool'),
('htmlarticlegalleyplugin', 12, 'enabled', '1', 'bool'),
('htmlarticlegalleyplugin', 13, 'enabled', '1', 'bool'),
('htmlarticlegalleyplugin', 14, 'enabled', '1', 'bool'),
('informationblockplugin', 1, 'context', '1', 'int'),
('informationblockplugin', 1, 'enabled', '1', 'bool'),
('informationblockplugin', 1, 'seq', '7', 'int'),
('informationblockplugin', 2, 'context', '1', 'int'),
('informationblockplugin', 2, 'enabled', '1', 'bool'),
('informationblockplugin', 2, 'seq', '7', 'int'),
('informationblockplugin', 3, 'context', '1', 'int'),
('informationblockplugin', 3, 'enabled', '1', 'bool'),
('informationblockplugin', 3, 'seq', '7', 'int'),
('informationblockplugin', 4, 'context', '1', 'int'),
('informationblockplugin', 4, 'enabled', '1', 'bool'),
('informationblockplugin', 4, 'seq', '7', 'int'),
('informationblockplugin', 5, 'context', '1', 'int'),
('informationblockplugin', 5, 'enabled', '1', 'bool'),
('informationblockplugin', 5, 'seq', '7', 'int'),
('informationblockplugin', 6, 'context', '1', 'int'),
('informationblockplugin', 6, 'enabled', '1', 'bool'),
('informationblockplugin', 6, 'seq', '7', 'int'),
('informationblockplugin', 7, 'context', '1', 'int'),
('informationblockplugin', 7, 'enabled', '1', 'bool'),
('informationblockplugin', 7, 'seq', '7', 'int'),
('informationblockplugin', 8, 'context', '1', 'int'),
('informationblockplugin', 8, 'enabled', '1', 'bool'),
('informationblockplugin', 8, 'seq', '7', 'int'),
('informationblockplugin', 9, 'context', '1', 'int'),
('informationblockplugin', 9, 'enabled', '1', 'bool'),
('informationblockplugin', 9, 'seq', '7', 'int'),
('informationblockplugin', 10, 'context', '1', 'int'),
('informationblockplugin', 10, 'enabled', '1', 'bool'),
('informationblockplugin', 10, 'seq', '7', 'int'),
('informationblockplugin', 11, 'context', '1', 'int'),
('informationblockplugin', 11, 'enabled', '1', 'bool'),
('informationblockplugin', 11, 'seq', '7', 'int'),
('informationblockplugin', 12, 'context', '1', 'int'),
('informationblockplugin', 12, 'enabled', '1', 'bool'),
('informationblockplugin', 12, 'seq', '7', 'int'),
('informationblockplugin', 13, 'context', '1', 'int'),
('informationblockplugin', 13, 'enabled', '1', 'bool'),
('informationblockplugin', 13, 'seq', '7', 'int'),
('informationblockplugin', 14, 'context', '1', 'int'),
('informationblockplugin', 14, 'enabled', '1', 'bool'),
('informationblockplugin', 14, 'seq', '7', 'int'),
('languagetoggleblockplugin', 0, 'context', '1', 'int'),
('languagetoggleblockplugin', 0, 'enabled', '1', 'bool'),
('languagetoggleblockplugin', 0, 'seq', '4', 'int'),
('languagetoggleblockplugin', 1, 'context', '1', 'int'),
('languagetoggleblockplugin', 1, 'enabled', '1', 'bool'),
('languagetoggleblockplugin', 1, 'seq', '4', 'int'),
('languagetoggleblockplugin', 2, 'context', '1', 'int'),
('languagetoggleblockplugin', 2, 'enabled', '1', 'bool'),
('languagetoggleblockplugin', 2, 'seq', '4', 'int'),
('languagetoggleblockplugin', 3, 'context', '1', 'int'),
('languagetoggleblockplugin', 3, 'enabled', '1', 'bool'),
('languagetoggleblockplugin', 3, 'seq', '4', 'int'),
('languagetoggleblockplugin', 4, 'context', '1', 'int'),
('languagetoggleblockplugin', 4, 'enabled', '1', 'bool'),
('languagetoggleblockplugin', 4, 'seq', '4', 'int'),
('languagetoggleblockplugin', 5, 'context', '1', 'int'),
('languagetoggleblockplugin', 5, 'enabled', '1', 'bool'),
('languagetoggleblockplugin', 5, 'seq', '4', 'int'),
('languagetoggleblockplugin', 6, 'context', '1', 'int'),
('languagetoggleblockplugin', 6, 'enabled', '1', 'bool'),
('languagetoggleblockplugin', 6, 'seq', '4', 'int'),
('languagetoggleblockplugin', 7, 'context', '1', 'int'),
('languagetoggleblockplugin', 7, 'enabled', '1', 'bool'),
('languagetoggleblockplugin', 7, 'seq', '4', 'int'),
('languagetoggleblockplugin', 8, 'context', '1', 'int'),
('languagetoggleblockplugin', 8, 'enabled', '1', 'bool'),
('languagetoggleblockplugin', 8, 'seq', '4', 'int'),
('languagetoggleblockplugin', 9, 'context', '1', 'int'),
('languagetoggleblockplugin', 9, 'enabled', '1', 'bool'),
('languagetoggleblockplugin', 9, 'seq', '4', 'int'),
('languagetoggleblockplugin', 10, 'context', '1', 'int'),
('languagetoggleblockplugin', 10, 'enabled', '1', 'bool'),
('languagetoggleblockplugin', 10, 'seq', '4', 'int'),
('languagetoggleblockplugin', 11, 'context', '1', 'int'),
('languagetoggleblockplugin', 11, 'enabled', '1', 'bool'),
('languagetoggleblockplugin', 11, 'seq', '4', 'int'),
('languagetoggleblockplugin', 12, 'context', '1', 'int'),
('languagetoggleblockplugin', 12, 'enabled', '1', 'bool'),
('languagetoggleblockplugin', 12, 'seq', '4', 'int'),
('languagetoggleblockplugin', 13, 'context', '1', 'int'),
('languagetoggleblockplugin', 13, 'enabled', '1', 'bool'),
('languagetoggleblockplugin', 13, 'seq', '4', 'int'),
('languagetoggleblockplugin', 14, 'context', '1', 'int'),
('languagetoggleblockplugin', 14, 'enabled', '1', 'bool'),
('languagetoggleblockplugin', 14, 'seq', '4', 'int'),
('lensgalleyplugin', 1, 'enabled', '1', 'bool'),
('lensgalleyplugin', 2, 'enabled', '1', 'bool'),
('lensgalleyplugin', 3, 'enabled', '1', 'bool'),
('lensgalleyplugin', 4, 'enabled', '1', 'bool'),
('lensgalleyplugin', 5, 'enabled', '1', 'bool'),
('lensgalleyplugin', 6, 'enabled', '1', 'bool'),
('lensgalleyplugin', 7, 'enabled', '1', 'bool'),
('lensgalleyplugin', 8, 'enabled', '1', 'bool'),
('lensgalleyplugin', 9, 'enabled', '1', 'bool'),
('lensgalleyplugin', 10, 'enabled', '1', 'bool'),
('lensgalleyplugin', 11, 'enabled', '1', 'bool'),
('lensgalleyplugin', 12, 'enabled', '1', 'bool'),
('lensgalleyplugin', 13, 'enabled', '1', 'bool'),
('lensgalleyplugin', 14, 'enabled', '1', 'bool'),
('menusidebar', 2, 'blockContent', 'a:1:{s:5:\"en_US\";s:1229:\"<p><img src=\"/eltek/public/site/images/mimin/s4.png\"></p>\r\n<table class=\"hover\">\r\n<tbody>\r\n<tr>\r\n<th>MENU</th>\r\n</tr>\r\n<tr>\r\n<td><a>Tim Editor</a></td>\r\n</tr>\r\n<tr>\r\n<td><a>Reviewer</a></td>\r\n</tr>\r\n<tr>\r\n<td><a>Formulir Penyataan Etika</a></td>\r\n</tr>\r\n<tr>\r\n<td><a>SOP JIP</a></td>\r\n</tr>\r\n</tbody>\r\n</table>\r\n<p>&nbsp;</p>\r\n<table class=\"hover\">\r\n<tbody>\r\n<tr>\r\n<th>DOWNLOAD TEMPLATE</th>\r\n</tr>\r\n<tr>\r\n<td><a>Download</a></td>\r\n</tr>\r\n</tbody>\r\n</table>\r\n<p>&nbsp;</p>\r\n<table class=\"hover\">\r\n<tbody>\r\n<tr>\r\n<th>Tools</th>\r\n</tr>\r\n</tbody>\r\n</table>\r\n<p><img src=\"http://jip.polinema.ac.id/ojs3/public/site/images/admin/citation_mendeley.png\" width=\"400\" height=\"100\"></p>\r\n<p>&nbsp;</p>\r\n<table class=\"hover\">\r\n<tbody>\r\n<tr>\r\n<th>Indexed By</th>\r\n</tr>\r\n</tbody>\r\n</table>\r\n<p><img src=\"https://lh3.googleusercontent.com/6wVPyB01SL43VNoQ_XzSMotDNmuUqEkJuSNQ-fWpqDmAOCfEpkbEhDLhgogb6CdQqOzIgQ3149NkQ0jAZkyQQW1OrZtiHKKD2Gha_FcTHZr9kAt1THQZkJwBds9kowixGmaqorXxuWw=w2400\" width=\"auto\" height=\"100\"></p>\r\n<p><img src=\"https://lh3.googleusercontent.com/CTNbSVszCSo7eqCr0ekta5nMjlMzdHmriPV4Bgb9GUQwsS3QTRFVijVSHB_rOUoEp4YDs9goQ1oswCDv62SnuY8_q-4tJuvn_fwwxFpTGdHR0yamsvY_tHW69gFi87sh95eJUY3h5ww=w2400\" width=\"auto\" height=\"100\"></p>\";}', 'object'),
('menusidebar', 2, 'context', '1', 'int'),
('menusidebar', 2, 'enabled', '1', 'bool'),
('menusidebar', 10, 'blockContent', 'a:1:{s:5:\"en_US\";s:230:\"<table class=\"hover\">\r\n<tbody>\r\n<tr>\r\n<th>MENU</th>\r\n</tr>\r\n<tr>\r\n<td><a>Tim Editor</a></td>\r\n</tr>\r\n<tr>\r\n<td><a>menu 1</a></td>\r\n</tr>\r\n<tr>\r\n<td><a>menu 2</a></td>\r\n</tr>\r\n<tr>\r\n<td><a>menu 3</a></td>\r\n</tr>\r\n</tbody>\r\n</table>\";}', 'object'),
('menusidebar', 10, 'context', '1', 'int'),
('menusidebar', 10, 'enabled', '1', 'bool'),
('menusidebar', 12, 'blockContent', 'a:1:{s:5:\"en_US\";s:1414:\"<p><img src=\"/eltek/public/site/images/mimin/s4.png\"></p>\r\n<table class=\"hover\">\r\n<tbody>\r\n<tr>\r\n<th>MENU</th>\r\n</tr>\r\n<tr>\r\n<td><a>Aims And Scope</a></td>\r\n</tr>\r\n<tr>\r\n<td><a>Etika Publikasi</a></td>\r\n</tr>\r\n<tr>\r\n<td><a>Tim Editor</a></td>\r\n</tr>\r\n<tr>\r\n<td><a>Tim Reviewer</a></td>\r\n</tr>\r\n<tr>\r\n<td><a>Author Guidelines</a></td>\r\n</tr>\r\n<tr>\r\n<td><a>Plagiarism Policy</a></td>\r\n</tr>\r\n<tr>\r\n<td><a>Journal Contact</a></td>\r\n</tr>\r\n<tr>\r\n<td><a>Akreditasi</a></td>\r\n</tr>\r\n</tbody>\r\n</table>\r\n<p>&nbsp;</p>\r\n<table class=\"hover\">\r\n<tbody>\r\n<tr>\r\n<th>DOWNLOAD TEMPLATE</th>\r\n</tr>\r\n<tr>\r\n<td><a>Download</a></td>\r\n</tr>\r\n</tbody>\r\n</table>\r\n<p>&nbsp;</p>\r\n<table class=\"hover\">\r\n<tbody>\r\n<tr>\r\n<th>Tools</th>\r\n</tr>\r\n</tbody>\r\n</table>\r\n<p><img src=\"http://jip.polinema.ac.id/ojs3/public/site/images/admin/citation_mendeley.png\" width=\"400\" height=\"100\"></p>\r\n<p>&nbsp;</p>\r\n<table class=\"hover\">\r\n<tbody>\r\n<tr>\r\n<th>Indexed By</th>\r\n</tr>\r\n</tbody>\r\n</table>\r\n<p><img src=\"https://lh3.googleusercontent.com/6wVPyB01SL43VNoQ_XzSMotDNmuUqEkJuSNQ-fWpqDmAOCfEpkbEhDLhgogb6CdQqOzIgQ3149NkQ0jAZkyQQW1OrZtiHKKD2Gha_FcTHZr9kAt1THQZkJwBds9kowixGmaqorXxuWw=w2400\" width=\"auto\" height=\"100\"></p>\r\n<p><img src=\"https://lh3.googleusercontent.com/CTNbSVszCSo7eqCr0ekta5nMjlMzdHmriPV4Bgb9GUQwsS3QTRFVijVSHB_rOUoEp4YDs9goQ1oswCDv62SnuY8_q-4tJuvn_fwwxFpTGdHR0yamsvY_tHW69gFi87sh95eJUY3h5ww=w2400\" width=\"auto\" height=\"100\"></p>\";}', 'object'),
('menusidebar', 12, 'context', '1', 'int'),
('menusidebar', 12, 'enabled', '1', 'bool'),
('menusidebar', 14, 'blockContent', 'a:1:{s:5:\"en_US\";s:1974:\"<table class=\"hover\">\r\n<tbody>\r\n<tr>\r\n<th>MENU</th>\r\n</tr>\r\n<tr>\r\n<td><a href=\"http://localhost/ojs/index.php/jp2m/scope\">Ruang Lingkup</a></td>\r\n</tr>\r\n<tr>\r\n<td><a href=\"http://localhost/ojs/index.php/jp2m/ethic\">Etika Publikasi</a></td>\r\n</tr>\r\n<tr>\r\n<td><a href=\"http://localhost/ojs/index.php/jp2m/editor\">Tim Editor</a></td>\r\n</tr>\r\n<tr>\r\n<td><a href=\"http://localhost/ojs/index.php/jp2m/reviewer\">Tim Reviewer</a></td>\r\n</tr>\r\n<tr>\r\n<td><a href=\"http://localhost/ojs/index.php/jp2m/Author_guidelines\">Panduan Penulis</a></td>\r\n</tr>\r\n<tr>\r\n<td><a href=\"http://localhost/ojs/index.php/jp2m/plagiarism_policy\">Plagiarism Policy</a></td>\r\n</tr>\r\n<tr>\r\n<td><a href=\"http://localhost/ojs/index.php/jp2m/contact\">Journal Contact</a></td>\r\n</tr>\r\n<tr>\r\n<td><a href=\"http://localhost/ojs/index.php/jp2m/akreditasi\">Akreditasi</a></td>\r\n</tr>\r\n</tbody>\r\n</table>\r\n<p>&nbsp;</p>\r\n<table class=\"hover\">\r\n<tbody>\r\n<tr>\r\n<th>DOWNLOAD TEMPLATE</th>\r\n</tr>\r\n</tbody>\r\n</table>\r\n<center><img src=\"http://ejournal.unikama.ac.id/public/site/images/endi_sarwoko/Logo_Doc.png\"></center><center><img src=\"http://ejournal.unikama.ac.id/public/site/images/endi_sarwoko/Logo_Guide2.png\" width=\"96\" height=\"96\"></center>\r\n<p>&nbsp;</p>\r\n<table class=\"hover\">\r\n<tbody>\r\n<tr>\r\n<th>Tools</th>\r\n</tr>\r\n</tbody>\r\n</table>\r\n<p><img src=\"http://jip.polinema.ac.id/ojs3/public/site/images/admin/citation_mendeley.png\" width=\"400\" height=\"100\"></p>\r\n<p>&nbsp;</p>\r\n<table class=\"hover\">\r\n<tbody>\r\n<tr>\r\n<th>Indexed By</th>\r\n</tr>\r\n</tbody>\r\n</table>\r\n<p><img src=\"https://lh3.googleusercontent.com/6wVPyB01SL43VNoQ_XzSMotDNmuUqEkJuSNQ-fWpqDmAOCfEpkbEhDLhgogb6CdQqOzIgQ3149NkQ0jAZkyQQW1OrZtiHKKD2Gha_FcTHZr9kAt1THQZkJwBds9kowixGmaqorXxuWw=w2400\" width=\"auto\" height=\"100\"></p>\r\n<p><img src=\"https://lh3.googleusercontent.com/CTNbSVszCSo7eqCr0ekta5nMjlMzdHmriPV4Bgb9GUQwsS3QTRFVijVSHB_rOUoEp4YDs9goQ1oswCDv62SnuY8_q-4tJuvn_fwwxFpTGdHR0yamsvY_tHW69gFi87sh95eJUY3h5ww=w2400\" width=\"auto\" height=\"100\"></p>\";}', 'object'),
('menusidebar', 14, 'context', '1', 'int'),
('menusidebar', 14, 'enabled', '1', 'bool'),
('pdfjsviewerplugin', 1, 'enabled', '1', 'bool'),
('pdfjsviewerplugin', 2, 'enabled', '1', 'bool'),
('pdfjsviewerplugin', 3, 'enabled', '1', 'bool'),
('pdfjsviewerplugin', 4, 'enabled', '1', 'bool'),
('pdfjsviewerplugin', 5, 'enabled', '1', 'bool'),
('pdfjsviewerplugin', 6, 'enabled', '1', 'bool'),
('pdfjsviewerplugin', 7, 'enabled', '1', 'bool'),
('pdfjsviewerplugin', 8, 'enabled', '1', 'bool'),
('pdfjsviewerplugin', 9, 'enabled', '1', 'bool'),
('pdfjsviewerplugin', 10, 'enabled', '1', 'bool'),
('pdfjsviewerplugin', 11, 'enabled', '1', 'bool'),
('pdfjsviewerplugin', 12, 'enabled', '1', 'bool'),
('pdfjsviewerplugin', 13, 'enabled', '1', 'bool'),
('pdfjsviewerplugin', 14, 'enabled', '1', 'bool'),
('resolverplugin', 1, 'enabled', '1', 'bool'),
('resolverplugin', 2, 'enabled', '1', 'bool'),
('resolverplugin', 3, 'enabled', '1', 'bool'),
('resolverplugin', 4, 'enabled', '1', 'bool'),
('resolverplugin', 5, 'enabled', '1', 'bool'),
('resolverplugin', 6, 'enabled', '1', 'bool'),
('resolverplugin', 7, 'enabled', '1', 'bool'),
('resolverplugin', 8, 'enabled', '1', 'bool'),
('resolverplugin', 9, 'enabled', '1', 'bool'),
('resolverplugin', 10, 'enabled', '1', 'bool'),
('resolverplugin', 11, 'enabled', '1', 'bool'),
('resolverplugin', 12, 'enabled', '1', 'bool'),
('resolverplugin', 13, 'enabled', '1', 'bool'),
('resolverplugin', 14, 'enabled', '1', 'bool'),
('staticpagesplugin', 14, 'enabled', '1', 'bool'),
('subscriptionblockplugin', 1, 'context', '1', 'int'),
('subscriptionblockplugin', 1, 'enabled', '1', 'bool'),
('subscriptionblockplugin', 1, 'seq', '2', 'int'),
('subscriptionblockplugin', 2, 'context', '1', 'int'),
('subscriptionblockplugin', 2, 'enabled', '1', 'bool'),
('subscriptionblockplugin', 2, 'seq', '2', 'int'),
('subscriptionblockplugin', 3, 'context', '1', 'int'),
('subscriptionblockplugin', 3, 'enabled', '1', 'bool'),
('subscriptionblockplugin', 3, 'seq', '2', 'int'),
('subscriptionblockplugin', 4, 'context', '1', 'int'),
('subscriptionblockplugin', 4, 'enabled', '1', 'bool'),
('subscriptionblockplugin', 4, 'seq', '2', 'int'),
('subscriptionblockplugin', 5, 'context', '1', 'int'),
('subscriptionblockplugin', 5, 'enabled', '1', 'bool'),
('subscriptionblockplugin', 5, 'seq', '2', 'int'),
('subscriptionblockplugin', 6, 'context', '1', 'int'),
('subscriptionblockplugin', 6, 'enabled', '1', 'bool'),
('subscriptionblockplugin', 6, 'seq', '2', 'int'),
('subscriptionblockplugin', 7, 'context', '1', 'int'),
('subscriptionblockplugin', 7, 'enabled', '1', 'bool'),
('subscriptionblockplugin', 7, 'seq', '2', 'int'),
('subscriptionblockplugin', 8, 'context', '1', 'int'),
('subscriptionblockplugin', 8, 'enabled', '1', 'bool'),
('subscriptionblockplugin', 8, 'seq', '2', 'int'),
('subscriptionblockplugin', 9, 'context', '1', 'int'),
('subscriptionblockplugin', 9, 'enabled', '1', 'bool'),
('subscriptionblockplugin', 9, 'seq', '2', 'int'),
('subscriptionblockplugin', 10, 'context', '1', 'int'),
('subscriptionblockplugin', 10, 'enabled', '1', 'bool'),
('subscriptionblockplugin', 10, 'seq', '2', 'int'),
('subscriptionblockplugin', 11, 'context', '1', 'int'),
('subscriptionblockplugin', 11, 'enabled', '1', 'bool'),
('subscriptionblockplugin', 11, 'seq', '2', 'int'),
('subscriptionblockplugin', 12, 'context', '1', 'int'),
('subscriptionblockplugin', 12, 'enabled', '1', 'bool'),
('subscriptionblockplugin', 12, 'seq', '2', 'int'),
('subscriptionblockplugin', 13, 'context', '1', 'int'),
('subscriptionblockplugin', 13, 'enabled', '1', 'bool'),
('subscriptionblockplugin', 13, 'seq', '2', 'int'),
('subscriptionblockplugin', 14, 'context', '1', 'int'),
('subscriptionblockplugin', 14, 'enabled', '1', 'bool'),
('subscriptionblockplugin', 14, 'seq', '2', 'int'),
('tinymceplugin', 0, 'enabled', '1', 'bool'),
('tinymceplugin', 1, 'enabled', '1', 'bool'),
('tinymceplugin', 2, 'enabled', '1', 'bool'),
('tinymceplugin', 3, 'enabled', '1', 'bool'),
('tinymceplugin', 4, 'enabled', '1', 'bool'),
('tinymceplugin', 5, 'enabled', '1', 'bool'),
('tinymceplugin', 6, 'enabled', '1', 'bool'),
('tinymceplugin', 7, 'enabled', '1', 'bool'),
('tinymceplugin', 8, 'enabled', '1', 'bool'),
('tinymceplugin', 9, 'enabled', '1', 'bool'),
('tinymceplugin', 10, 'enabled', '1', 'bool'),
('tinymceplugin', 11, 'enabled', '1', 'bool'),
('tinymceplugin', 12, 'enabled', '1', 'bool'),
('tinymceplugin', 13, 'enabled', '1', 'bool'),
('tinymceplugin', 14, 'enabled', '1', 'bool'),
('usageeventplugin', 0, 'enabled', '1', 'bool'),
('usageeventplugin', 0, 'uniqueSiteId', '5ed90a744bf82', 'string'),
('usagestatsplugin', 0, 'accessLogFileParseRegex', '/^(?P<ip>\\S+) \\S+ \\S+ \\[(?P<date>.*?)\\] \"\\S+ (?P<url>\\S+).*?\" (?P<returnCode>\\S+) \\S+ \".*?\" \"(?P<userAgent>.*?)\"/', 'string'),
('usagestatsplugin', 0, 'chartType', 'bar', 'string'),
('usagestatsplugin', 0, 'createLogFiles', '1', 'bool'),
('usagestatsplugin', 0, 'datasetMaxCount', '4', 'string'),
('usagestatsplugin', 0, 'enabled', '1', 'bool'),
('usagestatsplugin', 0, 'optionalColumns', 'a:2:{i:0;s:4:\"city\";i:1;s:6:\"region\";}', 'object'),
('webfeedplugin', 1, 'displayItems', '1', 'bool'),
('webfeedplugin', 1, 'displayPage', 'homepage', 'string'),
('webfeedplugin', 1, 'enabled', '1', 'bool'),
('webfeedplugin', 2, 'displayItems', '1', 'bool'),
('webfeedplugin', 2, 'displayPage', 'homepage', 'string'),
('webfeedplugin', 2, 'enabled', '1', 'bool'),
('webfeedplugin', 3, 'displayItems', '1', 'bool'),
('webfeedplugin', 3, 'displayPage', 'homepage', 'string'),
('webfeedplugin', 3, 'enabled', '1', 'bool'),
('webfeedplugin', 4, 'displayItems', '1', 'bool'),
('webfeedplugin', 4, 'displayPage', 'homepage', 'string'),
('webfeedplugin', 4, 'enabled', '1', 'bool'),
('webfeedplugin', 5, 'displayItems', '1', 'bool'),
('webfeedplugin', 5, 'displayPage', 'homepage', 'string'),
('webfeedplugin', 5, 'enabled', '1', 'bool'),
('webfeedplugin', 6, 'displayItems', '1', 'bool'),
('webfeedplugin', 6, 'displayPage', 'homepage', 'string'),
('webfeedplugin', 6, 'enabled', '1', 'bool'),
('webfeedplugin', 7, 'displayItems', '1', 'bool'),
('webfeedplugin', 7, 'displayPage', 'homepage', 'string'),
('webfeedplugin', 7, 'enabled', '1', 'bool'),
('webfeedplugin', 8, 'displayItems', '1', 'bool'),
('webfeedplugin', 8, 'displayPage', 'homepage', 'string'),
('webfeedplugin', 8, 'enabled', '1', 'bool'),
('webfeedplugin', 9, 'displayItems', '1', 'bool'),
('webfeedplugin', 9, 'displayPage', 'homepage', 'string'),
('webfeedplugin', 9, 'enabled', '1', 'bool'),
('webfeedplugin', 10, 'displayItems', '1', 'bool'),
('webfeedplugin', 10, 'displayPage', 'homepage', 'string'),
('webfeedplugin', 10, 'enabled', '1', 'bool'),
('webfeedplugin', 11, 'displayItems', '1', 'bool'),
('webfeedplugin', 11, 'displayPage', 'homepage', 'string'),
('webfeedplugin', 11, 'enabled', '1', 'bool'),
('webfeedplugin', 12, 'displayItems', '1', 'bool'),
('webfeedplugin', 12, 'displayPage', 'homepage', 'string'),
('webfeedplugin', 12, 'enabled', '1', 'bool'),
('webfeedplugin', 13, 'displayItems', '1', 'bool'),
('webfeedplugin', 13, 'displayPage', 'homepage', 'string'),
('webfeedplugin', 13, 'enabled', '1', 'bool'),
('webfeedplugin', 14, 'displayItems', '1', 'bool'),
('webfeedplugin', 14, 'displayPage', 'homepage', 'string'),
('webfeedplugin', 14, 'enabled', '1', 'bool');

-- --------------------------------------------------------

--
-- Struktur dari tabel `published_submissions`
--

CREATE TABLE `published_submissions` (
  `published_submission_id` bigint(20) NOT NULL,
  `submission_id` bigint(20) NOT NULL,
  `issue_id` bigint(20) NOT NULL,
  `date_published` datetime DEFAULT NULL,
  `seq` double NOT NULL DEFAULT '0',
  `access_status` tinyint(4) NOT NULL DEFAULT '0'
) ENGINE=InnoDB DEFAULT CHARSET=utf8;

--
-- Dumping data untuk tabel `published_submissions`
--

INSERT INTO `published_submissions` (`published_submission_id`, `submission_id`, `issue_id`, `date_published`, `seq`, `access_status`) VALUES
(1, 6, 2, '2020-06-10 00:00:00', 1, 0),
(2, 7, 2, '2020-06-25 00:00:00', 2, 0),
(3, 8, 2, '2020-06-25 00:00:00', 3, 0),
(4, 10, 2, '2020-06-25 00:00:00', 4, 0),
(5, 11, 2, '2020-06-25 00:00:00', 5, 0),
(6, 12, 2, '2020-06-25 00:00:00', 6, 0),
(7, 13, 2, '2020-06-25 00:00:00', 7, 0),
(8, 14, 2, '2020-06-25 00:00:00', 8, 0),
(9, 15, 2, '2020-06-25 00:00:00', 9, 0),
(10, 16, 2, '2020-06-25 00:00:00', 10, 0),
(11, 17, 2, '2020-06-25 00:00:00', 11, 0),
(12, 18, 2, '2020-06-25 00:00:00', 12, 0),
(13, 19, 2, '2020-06-25 00:00:00', 13, 0),
(14, 20, 2, '2020-06-25 00:00:00', 14, 0),
(15, 21, 2, '2020-06-25 00:00:00', 15, 0),
(16, 22, 2, '2020-06-25 00:00:00', 16, 0),
(17, 23, 2, '2020-06-25 00:00:00', 17, 0),
(18, 24, 2, '2020-06-25 00:00:00', 18, 0),
(19, 25, 2, '2020-06-25 00:00:00', 19, 0),
(20, 26, 2, '2020-06-25 00:00:00', 20, 0),
(21, 27, 2, '2020-06-25 00:00:00', 21, 0),
(22, 28, 3, '2020-06-25 00:00:00', 1, 0),
(23, 29, 3, '2020-06-25 00:00:00', 2, 0),
(24, 30, 3, '2020-06-25 00:00:00', 3, 0),
(25, 31, 3, '2020-06-25 00:00:00', 4, 0),
(26, 32, 3, '2020-06-25 00:00:00', 5, 0),
(27, 33, 3, '2020-06-25 00:00:00', 6, 0),
(28, 34, 3, '2020-06-25 00:00:00', 7, 0),
(29, 35, 3, '2020-06-25 00:00:00', 8, 0),
(30, 36, 3, '2020-06-25 00:00:00', 9, 0),
(31, 37, 3, '2020-06-25 00:00:00', 10, 0);

-- --------------------------------------------------------

--
-- Struktur dari tabel `queries`
--

CREATE TABLE `queries` (
  `query_id` bigint(20) NOT NULL,
  `assoc_type` bigint(20) NOT NULL,
  `assoc_id` bigint(20) NOT NULL,
  `stage_id` tinyint(4) NOT NULL DEFAULT '1',
  `seq` double NOT NULL DEFAULT '0',
  `date_posted` datetime DEFAULT NULL,
  `date_modified` datetime DEFAULT NULL,
  `closed` smallint(6) NOT NULL DEFAULT '0'
) ENGINE=InnoDB DEFAULT CHARSET=utf8;

-- --------------------------------------------------------

--
-- Struktur dari tabel `query_participants`
--

CREATE TABLE `query_participants` (
  `query_id` bigint(20) NOT NULL,
  `user_id` bigint(20) NOT NULL
) ENGINE=InnoDB DEFAULT CHARSET=utf8;

-- --------------------------------------------------------

--
-- Struktur dari tabel `queued_payments`
--

CREATE TABLE `queued_payments` (
  `queued_payment_id` bigint(20) NOT NULL,
  `date_created` datetime NOT NULL,
  `date_modified` datetime NOT NULL,
  `expiry_date` date DEFAULT NULL,
  `payment_data` text
) ENGINE=InnoDB DEFAULT CHARSET=utf8;

-- --------------------------------------------------------

--
-- Struktur dari tabel `review_assignments`
--

CREATE TABLE `review_assignments` (
  `review_id` bigint(20) NOT NULL,
  `submission_id` bigint(20) NOT NULL,
  `reviewer_id` bigint(20) NOT NULL,
  `competing_interests` text,
  `recommendation` tinyint(4) DEFAULT NULL,
  `date_assigned` datetime DEFAULT NULL,
  `date_notified` datetime DEFAULT NULL,
  `date_confirmed` datetime DEFAULT NULL,
  `date_completed` datetime DEFAULT NULL,
  `date_acknowledged` datetime DEFAULT NULL,
  `date_due` datetime DEFAULT NULL,
  `date_response_due` datetime DEFAULT NULL,
  `last_modified` datetime DEFAULT NULL,
  `reminder_was_automatic` tinyint(4) NOT NULL DEFAULT '0',
  `declined` tinyint(4) NOT NULL DEFAULT '0',
  `replaced` tinyint(4) NOT NULL DEFAULT '0',
  `reviewer_file_id` bigint(20) DEFAULT NULL,
  `date_rated` datetime DEFAULT NULL,
  `date_reminded` datetime DEFAULT NULL,
  `quality` tinyint(4) DEFAULT NULL,
  `review_round_id` bigint(20) DEFAULT NULL,
  `stage_id` tinyint(4) NOT NULL DEFAULT '1',
  `review_method` tinyint(4) NOT NULL DEFAULT '1',
  `round` tinyint(4) NOT NULL DEFAULT '1',
  `step` tinyint(4) NOT NULL DEFAULT '1',
  `review_form_id` bigint(20) DEFAULT NULL,
  `unconsidered` tinyint(4) DEFAULT NULL
) ENGINE=InnoDB DEFAULT CHARSET=utf8;

-- --------------------------------------------------------

--
-- Struktur dari tabel `review_files`
--

CREATE TABLE `review_files` (
  `review_id` bigint(20) NOT NULL,
  `file_id` bigint(20) NOT NULL
) ENGINE=InnoDB DEFAULT CHARSET=utf8;

-- --------------------------------------------------------

--
-- Struktur dari tabel `review_forms`
--

CREATE TABLE `review_forms` (
  `review_form_id` bigint(20) NOT NULL,
  `assoc_type` bigint(20) DEFAULT NULL,
  `assoc_id` bigint(20) DEFAULT NULL,
  `seq` double DEFAULT NULL,
  `is_active` tinyint(4) DEFAULT NULL
) ENGINE=InnoDB DEFAULT CHARSET=utf8;

-- --------------------------------------------------------

--
-- Struktur dari tabel `review_form_elements`
--

CREATE TABLE `review_form_elements` (
  `review_form_element_id` bigint(20) NOT NULL,
  `review_form_id` bigint(20) NOT NULL,
  `seq` double DEFAULT NULL,
  `element_type` bigint(20) DEFAULT NULL,
  `required` tinyint(4) DEFAULT NULL,
  `included` tinyint(4) DEFAULT NULL
) ENGINE=InnoDB DEFAULT CHARSET=utf8;

-- --------------------------------------------------------

--
-- Struktur dari tabel `review_form_element_settings`
--

CREATE TABLE `review_form_element_settings` (
  `review_form_element_id` bigint(20) NOT NULL,
  `locale` varchar(14) NOT NULL DEFAULT '',
  `setting_name` varchar(255) NOT NULL,
  `setting_value` text,
  `setting_type` varchar(6) NOT NULL
) ENGINE=InnoDB DEFAULT CHARSET=utf8;

-- --------------------------------------------------------

--
-- Struktur dari tabel `review_form_responses`
--

CREATE TABLE `review_form_responses` (
  `review_form_element_id` bigint(20) NOT NULL,
  `review_id` bigint(20) NOT NULL,
  `response_type` varchar(6) DEFAULT NULL,
  `response_value` text
) ENGINE=InnoDB DEFAULT CHARSET=utf8;

-- --------------------------------------------------------

--
-- Struktur dari tabel `review_form_settings`
--

CREATE TABLE `review_form_settings` (
  `review_form_id` bigint(20) NOT NULL,
  `locale` varchar(14) NOT NULL DEFAULT '',
  `setting_name` varchar(255) NOT NULL,
  `setting_value` text,
  `setting_type` varchar(6) NOT NULL
) ENGINE=InnoDB DEFAULT CHARSET=utf8;

-- --------------------------------------------------------

--
-- Struktur dari tabel `review_rounds`
--

CREATE TABLE `review_rounds` (
  `review_round_id` bigint(20) NOT NULL,
  `submission_id` bigint(20) NOT NULL,
  `stage_id` bigint(20) DEFAULT NULL,
  `round` tinyint(4) NOT NULL,
  `review_revision` bigint(20) DEFAULT NULL,
  `status` bigint(20) DEFAULT NULL
) ENGINE=InnoDB DEFAULT CHARSET=utf8;

-- --------------------------------------------------------

--
-- Struktur dari tabel `review_round_files`
--

CREATE TABLE `review_round_files` (
  `submission_id` bigint(20) NOT NULL,
  `review_round_id` bigint(20) NOT NULL,
  `stage_id` tinyint(4) NOT NULL,
  `file_id` bigint(20) NOT NULL,
  `revision` bigint(20) NOT NULL DEFAULT '1'
) ENGINE=InnoDB DEFAULT CHARSET=utf8;

-- --------------------------------------------------------

--
-- Struktur dari tabel `rt_contexts`
--

CREATE TABLE `rt_contexts` (
  `context_id` bigint(20) NOT NULL,
  `version_id` bigint(20) NOT NULL,
  `title` varchar(120) NOT NULL,
  `abbrev` varchar(32) NOT NULL,
  `description` text,
  `cited_by` tinyint(4) NOT NULL DEFAULT '0',
  `author_terms` tinyint(4) NOT NULL DEFAULT '0',
  `define_terms` tinyint(4) NOT NULL DEFAULT '0',
  `geo_terms` tinyint(4) NOT NULL DEFAULT '0',
  `seq` double NOT NULL DEFAULT '0'
) ENGINE=InnoDB DEFAULT CHARSET=utf8;

-- --------------------------------------------------------

--
-- Struktur dari tabel `rt_searches`
--

CREATE TABLE `rt_searches` (
  `search_id` bigint(20) NOT NULL,
  `context_id` bigint(20) NOT NULL,
  `title` varchar(120) NOT NULL,
  `description` text,
  `url` text,
  `search_url` text,
  `search_post` text,
  `seq` double NOT NULL DEFAULT '0'
) ENGINE=InnoDB DEFAULT CHARSET=utf8;

-- --------------------------------------------------------

--
-- Struktur dari tabel `rt_versions`
--

CREATE TABLE `rt_versions` (
  `version_id` bigint(20) NOT NULL,
  `journal_id` bigint(20) NOT NULL,
  `version_key` varchar(40) NOT NULL,
  `locale` varchar(14) DEFAULT 'en_US',
  `title` varchar(120) NOT NULL,
  `description` text
) ENGINE=InnoDB DEFAULT CHARSET=utf8;

-- --------------------------------------------------------

--
-- Struktur dari tabel `scheduled_tasks`
--

CREATE TABLE `scheduled_tasks` (
  `class_name` varchar(255) NOT NULL,
  `last_run` datetime DEFAULT NULL
) ENGINE=InnoDB DEFAULT CHARSET=utf8;

--
-- Dumping data untuk tabel `scheduled_tasks`
--

INSERT INTO `scheduled_tasks` (`class_name`, `last_run`) VALUES
('lib.pkp.classes.task.ReviewReminder', '2020-06-25 14:54:32'),
('plugins.generic.usageStats.UsageStatsLoader', '2020-06-25 14:54:30'),
('plugins.importexport.crossref.CrossrefInfoSender', '2020-06-25 14:54:30'),
('plugins.importexport.datacite.DataciteInfoSender', '2020-06-25 14:54:31'),
('plugins.importexport.doaj.DOAJInfoSender', '2020-06-25 14:54:31'),
('plugins.importexport.medra.MedraInfoSender', '2020-06-25 14:54:31');

-- --------------------------------------------------------

--
-- Struktur dari tabel `sections`
--

CREATE TABLE `sections` (
  `section_id` bigint(20) NOT NULL,
  `journal_id` bigint(20) NOT NULL,
  `review_form_id` bigint(20) DEFAULT NULL,
  `seq` double NOT NULL DEFAULT '0',
  `editor_restricted` tinyint(4) NOT NULL DEFAULT '0',
  `meta_indexed` tinyint(4) NOT NULL DEFAULT '0',
  `meta_reviewed` tinyint(4) NOT NULL DEFAULT '1',
  `abstracts_not_required` tinyint(4) NOT NULL DEFAULT '0',
  `hide_title` tinyint(4) NOT NULL DEFAULT '0',
  `hide_author` tinyint(4) NOT NULL DEFAULT '0',
  `abstract_word_count` bigint(20) DEFAULT NULL
) ENGINE=InnoDB DEFAULT CHARSET=utf8;

--
-- Dumping data untuk tabel `sections`
--

INSERT INTO `sections` (`section_id`, `journal_id`, `review_form_id`, `seq`, `editor_restricted`, `meta_indexed`, `meta_reviewed`, `abstracts_not_required`, `hide_title`, `hide_author`, `abstract_word_count`) VALUES
(1, 1, 0, 0, 0, 1, 1, 0, 0, 0, 0),
(2, 2, 0, 0, 0, 1, 1, 0, 0, 0, 0),
(3, 3, 0, 0, 0, 1, 1, 0, 0, 0, 0),
(4, 4, 0, 0, 0, 1, 1, 0, 0, 0, 0),
(5, 5, 0, 0, 0, 1, 1, 0, 0, 0, 0),
(6, 6, 0, 0, 0, 1, 1, 0, 0, 0, 0),
(7, 7, 0, 0, 0, 1, 1, 0, 0, 0, 0),
(8, 8, 0, 0, 0, 1, 1, 0, 0, 0, 0),
(9, 9, 0, 0, 0, 1, 1, 0, 0, 0, 0),
(10, 10, 0, 0, 0, 1, 1, 0, 0, 0, 0),
(11, 11, 0, 0, 0, 1, 1, 0, 0, 0, 0),
(12, 12, 0, 0, 0, 1, 1, 0, 0, 0, 0),
(13, 13, 0, 0, 0, 1, 1, 0, 0, 0, 0),
(14, 14, 0, 0, 0, 1, 1, 0, 0, 0, 0);

-- --------------------------------------------------------

--
-- Struktur dari tabel `section_editors`
--

CREATE TABLE `section_editors` (
  `context_id` bigint(20) NOT NULL,
  `section_id` bigint(20) NOT NULL,
  `user_id` bigint(20) NOT NULL
) ENGINE=InnoDB DEFAULT CHARSET=utf8;

-- --------------------------------------------------------

--
-- Struktur dari tabel `section_settings`
--

CREATE TABLE `section_settings` (
  `section_id` bigint(20) NOT NULL,
  `locale` varchar(14) NOT NULL DEFAULT '',
  `setting_name` varchar(255) NOT NULL,
  `setting_value` text,
  `setting_type` varchar(6) NOT NULL
) ENGINE=InnoDB DEFAULT CHARSET=utf8;

--
-- Dumping data untuk tabel `section_settings`
--

INSERT INTO `section_settings` (`section_id`, `locale`, `setting_name`, `setting_value`, `setting_type`) VALUES
(1, 'en_US', 'abbrev', 'ART', 'string'),
(1, 'en_US', 'policy', '', 'string'),
(1, 'en_US', 'title', 'Articles', 'string'),
(2, 'en_US', 'abbrev', 'ART', 'string'),
(2, 'en_US', 'policy', '', 'string'),
(2, 'en_US', 'title', 'Articles', 'string'),
(3, 'en_US', 'abbrev', 'ART', 'string'),
(3, 'en_US', 'policy', '', 'string'),
(3, 'en_US', 'title', 'Articles', 'string'),
(4, 'en_US', 'abbrev', 'ART', 'string'),
(4, 'en_US', 'policy', '', 'string'),
(4, 'en_US', 'title', 'Articles', 'string'),
(5, 'en_US', 'abbrev', 'ART', 'string'),
(5, 'en_US', 'policy', '', 'string'),
(5, 'en_US', 'title', 'Articles', 'string'),
(6, 'en_US', 'abbrev', 'ART', 'string'),
(6, 'en_US', 'policy', '', 'string'),
(6, 'en_US', 'title', 'Articles', 'string'),
(7, 'en_US', 'abbrev', 'ART', 'string'),
(7, 'en_US', 'policy', '', 'string'),
(7, 'en_US', 'title', 'Articles', 'string'),
(8, 'en_US', 'abbrev', 'ART', 'string'),
(8, 'en_US', 'policy', '', 'string'),
(8, 'en_US', 'title', 'Articles', 'string'),
(9, 'en_US', 'abbrev', 'ART', 'string'),
(9, 'en_US', 'policy', '', 'string'),
(9, 'en_US', 'title', 'Articles', 'string'),
(10, 'en_US', 'abbrev', 'ART', 'string'),
(10, 'en_US', 'policy', '', 'string'),
(10, 'en_US', 'title', 'Articles', 'string'),
(11, 'en_US', 'abbrev', 'ART', 'string'),
(11, 'en_US', 'policy', '', 'string'),
(11, 'en_US', 'title', 'Articles', 'string'),
(12, 'en_US', 'abbrev', 'ART', 'string'),
(12, 'en_US', 'policy', '', 'string'),
(12, 'en_US', 'title', 'Articles', 'string'),
(13, 'en_US', 'abbrev', 'ART', 'string'),
(13, 'en_US', 'policy', '', 'string'),
(13, 'en_US', 'title', 'Articles', 'string'),
(14, 'en_US', 'abbrev', 'ART', 'string'),
(14, 'en_US', 'policy', '', 'string'),
(14, 'en_US', 'title', 'Articles', 'string');

-- --------------------------------------------------------

--
-- Struktur dari tabel `sessions`
--

CREATE TABLE `sessions` (
  `session_id` varchar(128) NOT NULL,
  `user_id` bigint(20) DEFAULT NULL,
  `ip_address` varchar(39) NOT NULL,
  `user_agent` varchar(255) DEFAULT NULL,
  `created` bigint(20) NOT NULL DEFAULT '0',
  `last_used` bigint(20) NOT NULL DEFAULT '0',
  `remember` tinyint(4) NOT NULL DEFAULT '0',
  `data` text,
  `domain` varchar(255) DEFAULT NULL
) ENGINE=InnoDB DEFAULT CHARSET=utf8;

--
-- Dumping data untuk tabel `sessions`
--

INSERT INTO `sessions` (`session_id`, `user_id`, `ip_address`, `user_agent`, `created`, `last_used`, `remember`, `data`, `domain`) VALUES
('1qakc1s9ans86s5buspae98qpm', 1, '::1', 'Mozilla/5.0 (Windows NT 10.0; Win64; x64) AppleWebKit/537.36 (KHTML, like Gecko) Chrome/83.0.4103.116 Safari/537.36', 1593048752, 1593136394, 1, 'csrf|a:2:{s:9:\"timestamp\";i:1593136395;s:5:\"token\";s:32:\"c50c1251558ef5720edec4c67ea5b473\";}userId|s:1:\"1\";username|s:5:\"mimin\";', 'localhost'),
('8i7hfi7k529g8eqvt2cvfbp3n0', 1, '::1', 'Mozilla/5.0 (Windows NT 10.0; Win64; x64) AppleWebKit/537.36 (KHTML, like Gecko) Chrome/83.0.4103.97 Safari/537.36', 1591706447, 1591706517, 1, 'csrf|a:2:{s:9:\"timestamp\";i:1591706517;s:5:\"token\";s:32:\"592a37fbd0e86e669b32b8bdd4ba57a4\";}userId|s:1:\"1\";username|s:5:\"mimin\";', 'localhost'),
('n87eur6lses19lf6qasb22hjp1', NULL, '::1', 'Mozilla/5.0 (Windows NT 10.0; Win64; x64) AppleWebKit/537.36 (KHTML, like Gecko) Chrome/83.0.4103.97 Safari/537.36', 1592955134, 1593011264, 0, 'csrf|a:2:{s:9:\"timestamp\";i:1593011264;s:5:\"token\";s:32:\"6ced5f2dadc0b8e4dd5a528b9e5ad62c\";}username|s:12:\"fariedrahmad\";', 'localhost'),
('p9teh9aos2flkgn4qn8n2r2la1', NULL, '::1', 'Mozilla/5.0 (Windows NT 10.0; Win64; x64) AppleWebKit/537.36 (KHTML, like Gecko) Chrome/83.0.4103.116 Safari/537.36', 1593049748, 1593067340, 0, 'csrf|a:2:{s:9:\"timestamp\";i:1593067341;s:5:\"token\";s:32:\"6e0e067dae9276ec1dff54e277b2af0b\";}', 'localhost'),
('sm0b4flo7nj7lqdltmt6ools3t', 1, '::1', 'Mozilla/5.0 (Windows NT 10.0; Win64; x64) AppleWebKit/537.36 (KHTML, like Gecko) Chrome/83.0.4103.97 Safari/537.36', 1591622366, 1591678518, 1, 'csrf|a:2:{s:9:\"timestamp\";i:1591678518;s:5:\"token\";s:32:\"a50b8216e5356321c4468eb8358f7224\";}userId|s:1:\"1\";username|s:5:\"mimin\";', 'localhost');

-- --------------------------------------------------------

--
-- Struktur dari tabel `site`
--

CREATE TABLE `site` (
  `redirect` bigint(20) NOT NULL DEFAULT '0',
  `primary_locale` varchar(14) NOT NULL,
  `min_password_length` tinyint(4) NOT NULL DEFAULT '6',
  `installed_locales` varchar(255) NOT NULL DEFAULT 'en_US',
  `supported_locales` varchar(255) DEFAULT NULL,
  `original_style_file_name` varchar(255) DEFAULT NULL
) ENGINE=InnoDB DEFAULT CHARSET=utf8;

--
-- Dumping data untuk tabel `site`
--

INSERT INTO `site` (`redirect`, `primary_locale`, `min_password_length`, `installed_locales`, `supported_locales`, `original_style_file_name`) VALUES
(0, 'en_US', 6, 'en_US:id_ID', 'en_US:id_ID', NULL);

-- --------------------------------------------------------

--
-- Struktur dari tabel `site_settings`
--

CREATE TABLE `site_settings` (
  `setting_name` varchar(255) NOT NULL,
  `locale` varchar(14) NOT NULL DEFAULT '',
  `setting_value` text,
  `setting_type` varchar(6) NOT NULL
) ENGINE=InnoDB DEFAULT CHARSET=utf8;

--
-- Dumping data untuk tabel `site_settings`
--

INSERT INTO `site_settings` (`setting_name`, `locale`, `setting_value`, `setting_type`) VALUES
('contactEmail', 'en_US', 'fariedrahmad@gmail.com', 'string'),
('contactName', 'en_US', 'Open Journal Systems', 'string'),
('defaultMetricType', '', NULL, 'string'),
('pageFooter', 'en_US', '<p><strong>EJournal Politeknik Negeri Malang</strong><br>LPPM Politeknik Negeri Malang<br>Jl. Soekarno Hatta No.9, Jatimulyo, Kec. Lowokwaru<br>Malang, Prov. Jawa Timur, Indonesia, 65411<br>Telp. 0341 - 404424, upt.p2m@polinema.ac.id</p>', 'string'),
('showDescription', '', '0', 'bool'),
('showThumbnail', '', '0', 'bool'),
('showTitle', '', '0', 'bool'),
('themePluginPath', '', 'default', 'string'),
('title', 'en_US', 'Ejournal Polinema', 'string');

-- --------------------------------------------------------

--
-- Struktur dari tabel `stage_assignments`
--

CREATE TABLE `stage_assignments` (
  `stage_assignment_id` bigint(20) NOT NULL,
  `submission_id` bigint(20) NOT NULL,
  `user_group_id` bigint(20) NOT NULL,
  `user_id` bigint(20) NOT NULL,
  `date_assigned` datetime NOT NULL,
  `recommend_only` tinyint(4) NOT NULL DEFAULT '0'
) ENGINE=InnoDB DEFAULT CHARSET=utf8;

--
-- Dumping data untuk tabel `stage_assignments`
--

INSERT INTO `stage_assignments` (`stage_assignment_id`, `submission_id`, `user_group_id`, `user_id`, `date_assigned`, `recommend_only`) VALUES
(2, 2, 223, 1, '2020-06-24 13:47:04', 0),
(3, 3, 223, 1, '2020-06-24 14:21:52', 0),
(6, 4, 223, 1, '2020-06-25 03:34:57', 0),
(7, 5, 223, 1, '2020-06-25 03:35:05', 0),
(8, 6, 223, 1, '2020-06-25 03:35:14', 0),
(9, 7, 223, 1, '2020-06-25 04:42:44', 0),
(10, 8, 223, 1, '2020-06-25 04:56:30', 0),
(11, 9, 223, 1, '2020-06-25 05:07:59', 0),
(12, 10, 223, 1, '2020-06-25 05:15:43', 0),
(13, 11, 223, 1, '2020-06-25 05:25:16', 0),
(14, 12, 223, 1, '2020-06-25 05:30:49', 0),
(15, 13, 223, 1, '2020-06-25 05:49:23', 0),
(16, 14, 223, 1, '2020-06-25 05:59:01', 0),
(17, 15, 223, 1, '2020-06-25 06:23:24', 0),
(18, 16, 223, 1, '2020-06-25 06:31:12', 0),
(19, 17, 223, 1, '2020-06-25 06:41:54', 0),
(20, 18, 223, 1, '2020-06-25 06:49:51', 0),
(21, 19, 223, 1, '2020-06-25 06:57:03', 0),
(22, 20, 223, 1, '2020-06-25 07:02:48', 0),
(23, 21, 223, 1, '2020-06-25 07:29:18', 0),
(24, 22, 223, 1, '2020-06-25 07:36:30', 0),
(25, 23, 223, 1, '2020-06-25 07:49:11', 0),
(26, 24, 223, 1, '2020-06-25 08:00:10', 0),
(27, 25, 223, 1, '2020-06-25 08:19:28', 0),
(28, 26, 223, 1, '2020-06-25 08:44:29', 0),
(29, 27, 223, 1, '2020-06-25 14:57:16', 0),
(30, 28, 223, 1, '2020-06-25 15:26:03', 0),
(31, 29, 223, 1, '2020-06-25 15:49:46', 0),
(32, 30, 223, 1, '2020-06-25 16:15:44', 0),
(33, 31, 223, 1, '2020-06-25 16:34:44', 0),
(34, 32, 223, 1, '2020-06-25 16:41:35', 0),
(35, 33, 223, 1, '2020-06-25 16:51:27', 0),
(36, 34, 223, 1, '2020-06-25 17:00:48', 0),
(37, 35, 223, 1, '2020-06-25 17:09:08', 0),
(38, 36, 223, 1, '2020-06-25 17:17:33', 0),
(39, 37, 223, 1, '2020-06-25 17:26:04', 0),
(40, 38, 223, 1, '2020-06-25 17:36:20', 0);

-- --------------------------------------------------------

--
-- Struktur dari tabel `static_pages`
--

CREATE TABLE `static_pages` (
  `static_page_id` bigint(20) NOT NULL,
  `path` varchar(255) NOT NULL,
  `context_id` bigint(20) NOT NULL
) ENGINE=InnoDB DEFAULT CHARSET=utf8;

--
-- Dumping data untuk tabel `static_pages`
--

INSERT INTO `static_pages` (`static_page_id`, `path`, `context_id`) VALUES
(1, 'etikapublikasi', 14),
(2, 'scope', 14),
(3, 'timeditor', 14),
(4, 'timreviewer', 14),
(5, 'contact', 14);

-- --------------------------------------------------------

--
-- Struktur dari tabel `static_page_settings`
--

CREATE TABLE `static_page_settings` (
  `static_page_id` bigint(20) NOT NULL,
  `locale` varchar(14) NOT NULL DEFAULT '',
  `setting_name` varchar(255) NOT NULL,
  `setting_value` longtext,
  `setting_type` varchar(6) NOT NULL
) ENGINE=InnoDB DEFAULT CHARSET=utf8;

--
-- Dumping data untuk tabel `static_page_settings`
--

INSERT INTO `static_page_settings` (`static_page_id`, `locale`, `setting_name`, `setting_value`, `setting_type`) VALUES
(1, 'en_US', 'content', '<p>In general, conduct publication compiled refer to COPE. Statement scientific code of conduct is an expression of the code of conduct of all parties involved in the process of scientific journal publications, namely managers, editors, reviewer and author/writer. The statement\'s code of ethics of scientific publications by LIPI Chief Regulation No. 5 of 2014 on the Code of Ethics of Scientific Publications, which basically Scientific Publication Ethics Code is essentially upholds ethical values in three publications, namely.</p>\r\n<p><strong>Duties and Responsibilities Editor</strong></p>\r\n<ul>\r\n<li>Reconciling the needs of the reader and the author</li>\r\n<li>Every effort to improve the quality of publications on an ongoing basis,</li>\r\n<li>Implement the process to ensure the quality of papers published,</li>\r\n<li>Promoting freedom of speech objectively,</li>\r\n<li>Maintaining the integrity of the track record of academic authors,</li>\r\n<li>Delivering corrections, clarifications, withdrawal, and an apology if necessary,</li>\r\n<li>Responsible for the style and format of the paper, while the contents and any statements in the papers is the responsibility of the authors&nbsp;</li>\r\n<li>Actively soliciting opinion of the authors, readers, reviewers, and members of the editorial board to improve the quality of publications</li>\r\n<li>Encouraging assessment of the journal, if there are findings,</li>\r\n<li>Support initiatives to reduce errors of research and publications by asking the authors attach form clearance of Conduct approved by the Ethics Committee clearance,</li>\r\n<li>Supports the initiative to educate researchers about publication ethics,</li>\r\n<li>Assessing the effects of policy on the issue of the attitude of the author and reviewer and fix it to increase accountability and reduce errors,</li>\r\n<li>Have an open mind towards new opinion or views of others that may conflict with personal opinions,</li>\r\n<li>Not maintaining his own opinion, the author or third parties which may result in a decision not objective</li>\r\n</ul>\r\n<p><strong>Duties and Responsibilities Reviewers</strong></p>\r\n<ul>\r\n<li>Given the task of editors to examine the papers and submit the review to the editor, as a determination of the feasibility of a paper for publication.</li>\r\n<li>Reviewers should not perform a review of the papers involving him, either directly or indirectly</li>\r\n<li>Maintain the author\'s privacy by not disseminating the results of corrections, suggestions, and recommendations provide criticism, suggestions, feedback, and recommendations</li>\r\n<li>Encouraging author to make improvements papers</li>\r\n<li>Going back papers that have been fixed in accordance with the specified standard.</li>\r\n</ul>\r\n<p><strong>Duties and Responsibilities Author</strong></p>\r\n<ul>\r\n<li>Ensure that were included in the list of authors / writers meet the criteria as an author / writer.</li>\r\n<li>Responsible collectively to work content and the articles include methods, analysis, calculation, and details.</li>\r\n<li>To declare the origin of the resources (including funding), either directly or indirectly.</li>\r\n<li>Describe the limitations of the study</li>\r\n<li>Response to the comments made by the reviewer in a professional and timely</li>\r\n<li>Inform if the editor would retract his paper.</li>\r\n<li>Make a statement that the papers submitted for publication is original, has not been published anywhere in any language, and not in the process of submission to another publisher.</li>\r\n</ul>', 'string'),
(1, 'en_US', 'title', 'Etika Publikasi', 'string'),
(2, 'en_US', 'content', '<p><strong>Aims</strong></p>\r\n<p>Jurnal Ekonomi Modernsasi covers in details a large variety of topics in management and accounting. The aim of the journal is disseminate knowledge derived from the results of empirical research on organizations, people, systems, and events in the field of&nbsp;<strong>management and accounting</strong>. The journal provides a forum for scholarly exchanges for academics, practitioners, and independent researchers by publishing quality empirical research.</p>\r\n<p><strong>Scope</strong></p>\r\n<p>Jurnal Ekonomi Modernisasi promotes the ideas and information among researchers that have been achieved in the area of financial management, marketing management, human-resource management, behavior organizational, good governance, strategic management, entrepreneurship, management accounting, financial accounting, public sector accounting, islamic accounting, auditing, taxation, business ethics.</p>', 'string'),
(2, 'en_US', 'title', 'Ruang Lingkup', 'string'),
(3, 'en_US', 'content', '<ol>\r\n<li class=\"show\"><strong>Ridwan Rismanto, M.Kom<br></strong>\r\n<ul>\r\n<li class=\"show\">(GoogleScholar:&nbsp;<a href=\"https://scholar.google.com/citations?hl=id&amp;user=fJc_GegAAAAJ\">fJc_GegAAAAJ</a>)</li>\r\n<li class=\"show\">(Politeknik Negeri Malang, Indonesia)</li>\r\n</ul>\r\n</li>\r\n<li class=\"show\"><strong>Arie Rachmad Syulistyo, M.Kom</strong>\r\n<ul>\r\n<li class=\"show\">(ScopusID :&nbsp;<a href=\"https://www.scopus.com/authid/detail.uri?authorId=57189241716\">57189241716</a>, GoogleScholar:&nbsp;<a href=\"https://scholar.google.co.id/citations?hl=en&amp;user=uWkPfW8AAAAJ\">uWkPfW8AAAAJ</a>)</li>\r\n<li class=\"show\">(Politeknik Negeri Malang, Indonesia)</li>\r\n</ul>\r\n</li>\r\n<li class=\"show\"><strong>Agung Nugroho Pramudhita, M.T.</strong>&nbsp;&nbsp;\r\n<ul>\r\n<li class=\"show\">(ScopusID :&nbsp;<a href=\"https://www.scopus.com/authid/detail.uri?authorId=57202853556\">57202853556</a>, GoogleScholar:&nbsp;<a href=\"https://scholar.google.co.id/citations?user=hpVrzLoAAAAJ\">hpVrzLoAAAAJ</a>)</li>\r\n<li class=\"show\">(Politeknik Negeri Malang, Indonesia)</li>\r\n</ul>\r\n</li>\r\n<li class=\"show\"><strong>Elok Nur Hamdana, M.T.</strong>\r\n<ul>\r\n<li class=\"show\">(Politeknik Negeri Malang, Indonesia)</li>\r\n</ul>\r\n</li>\r\n<li class=\"show\"><strong>Mustika Mentari, S.Kom., M.Kom.</strong>\r\n<ul>\r\n<li class=\"show\">(Politeknik Negeri Malang, Indonesia)</li>\r\n</ul>\r\n</li>\r\n</ol>', 'string'),
(3, 'en_US', 'title', 'Tim Editorial', 'string'),
(4, 'en_US', 'content', '<ol>\r\n<li class=\"show\"><strong>Ridwan Rismanto, M.Kom<br></strong>\r\n<ul>\r\n<li class=\"show\">(GoogleScholar:&nbsp;<a href=\"https://scholar.google.com/citations?hl=id&amp;user=fJc_GegAAAAJ\">fJc_GegAAAAJ</a>)</li>\r\n<li class=\"show\">(Politeknik Negeri Malang, Indonesia)</li>\r\n</ul>\r\n</li>\r\n<li class=\"show\"><strong>Arie Rachmad Syulistyo, M.Kom</strong>\r\n<ul>\r\n<li class=\"show\">(ScopusID :&nbsp;<a href=\"https://www.scopus.com/authid/detail.uri?authorId=57189241716\">57189241716</a>, GoogleScholar:&nbsp;<a href=\"https://scholar.google.co.id/citations?hl=en&amp;user=uWkPfW8AAAAJ\">uWkPfW8AAAAJ</a>)</li>\r\n<li class=\"show\">(Politeknik Negeri Malang, Indonesia)</li>\r\n</ul>\r\n</li>\r\n<li class=\"show\"><strong>Agung Nugroho Pramudhita, M.T.</strong>&nbsp;&nbsp;\r\n<ul>\r\n<li class=\"show\">(ScopusID :&nbsp;<a href=\"https://www.scopus.com/authid/detail.uri?authorId=57202853556\">57202853556</a>, GoogleScholar:&nbsp;<a href=\"https://scholar.google.co.id/citations?user=hpVrzLoAAAAJ\">hpVrzLoAAAAJ</a>)</li>\r\n<li class=\"show\">(Politeknik Negeri Malang, Indonesia)</li>\r\n</ul>\r\n</li>\r\n<li class=\"show\"><strong>Elok Nur Hamdana, M.T.</strong>\r\n<ul>\r\n<li class=\"show\">(Politeknik Negeri Malang, Indonesia)</li>\r\n</ul>\r\n</li>\r\n<li class=\"show\"><strong>Mustika Mentari, S.Kom., M.Kom.</strong>\r\n<ul>\r\n<li class=\"show\">(Politeknik Negeri Malang, Indonesia)</li>\r\n</ul>\r\n</li>\r\n</ol>', 'string'),
(4, 'en_US', 'title', 'Tim Reviewer', 'string'),
(5, 'en_US', 'content', '<p>Publisher :&nbsp;</p>\r\n<p>P2M Polinema</p>\r\n<table>\r\n<tbody>\r\n<tr>\r\n<td>Hauu</td>\r\n<td>Hau 2</td>\r\n</tr>\r\n</tbody>\r\n</table>', 'string'),
(5, 'en_US', 'title', 'Kontak', 'string');

-- --------------------------------------------------------

--
-- Struktur dari tabel `submissions`
--

CREATE TABLE `submissions` (
  `submission_id` bigint(20) NOT NULL,
  `locale` varchar(14) DEFAULT NULL,
  `context_id` bigint(20) NOT NULL,
  `section_id` bigint(20) DEFAULT NULL,
  `language` varchar(10) DEFAULT 'en',
  `citations` text,
  `date_submitted` datetime DEFAULT NULL,
  `last_modified` datetime DEFAULT NULL,
  `date_status_modified` datetime DEFAULT NULL,
  `status` tinyint(4) NOT NULL DEFAULT '1',
  `submission_progress` tinyint(4) NOT NULL DEFAULT '1',
  `pages` varchar(255) DEFAULT NULL,
  `hide_author` tinyint(4) NOT NULL DEFAULT '0',
  `stage_id` bigint(20) NOT NULL DEFAULT '1'
) ENGINE=InnoDB DEFAULT CHARSET=utf8;

--
-- Dumping data untuk tabel `submissions`
--

INSERT INTO `submissions` (`submission_id`, `locale`, `context_id`, `section_id`, `language`, `citations`, `date_submitted`, `last_modified`, `date_status_modified`, `status`, `submission_progress`, `pages`, `hide_author`, `stage_id`) VALUES
(6, 'id_ID', 14, 14, NULL, NULL, '2020-06-25 03:48:22', '2020-06-25 03:48:22', '2020-06-25 03:35:14', 3, 0, '5', 0, 5),
(7, 'id_ID', 14, 14, NULL, NULL, '2020-06-25 04:56:25', '2020-06-25 04:56:25', '2020-06-25 04:42:43', 3, 0, '5', 0, 5),
(8, 'id_ID', 14, 14, NULL, NULL, '2020-06-25 05:07:50', '2020-06-25 05:07:50', '2020-06-25 04:56:30', 3, 0, '9', 0, 5),
(10, 'id_ID', 14, 14, NULL, NULL, '2020-06-25 05:25:09', '2020-06-25 05:25:09', '2020-06-25 05:15:42', 3, 0, '6', 0, 5),
(11, 'id_ID', 14, 14, NULL, NULL, '2020-06-25 05:30:43', '2020-06-25 05:30:43', '2020-06-25 05:25:16', 3, 0, '6', 0, 5),
(12, 'id_ID', 14, 14, NULL, NULL, '2020-06-25 05:42:58', '2020-06-25 05:42:58', '2020-06-25 05:30:49', 3, 0, '5', 0, 5),
(13, 'id_ID', 14, 14, NULL, NULL, '2020-06-25 05:58:55', '2020-06-25 05:58:55', '2020-06-25 05:49:23', 3, 0, '4', 0, 5),
(14, 'id_ID', 14, 14, NULL, NULL, '2020-06-25 06:11:30', '2020-06-25 06:11:30', '2020-06-25 05:59:01', 3, 0, '5', 0, 5),
(15, 'id_ID', 14, 14, NULL, NULL, '2020-06-25 06:30:59', '2020-06-25 06:30:59', '2020-06-25 06:23:24', 3, 0, '5', 0, 5),
(16, 'id_ID', 14, 14, NULL, NULL, '2020-06-25 06:41:48', '2020-06-25 06:41:48', '2020-06-25 06:31:11', 3, 0, '4', 0, 5),
(17, 'id_ID', 14, 14, NULL, NULL, '2020-06-25 06:49:27', '2020-06-25 06:49:27', '2020-06-25 06:41:54', 3, 0, '6', 0, 5),
(18, 'id_ID', 14, 14, NULL, NULL, '2020-06-25 06:56:02', '2020-06-25 06:56:02', '2020-06-25 06:49:51', 3, 0, '3', 0, 5),
(19, 'en_US', 14, 14, NULL, NULL, '2020-06-25 07:02:43', '2020-06-25 07:02:43', '2020-06-25 06:57:03', 3, 0, '3', 0, 5),
(20, 'id_ID', 14, 14, NULL, NULL, '2020-06-25 07:28:41', '2020-06-25 07:28:41', '2020-06-25 07:02:48', 3, 0, '7', 0, 5),
(21, 'id_ID', 14, 14, NULL, NULL, '2020-06-25 07:36:14', '2020-06-25 07:36:14', '2020-06-25 07:29:17', 3, 0, '9', 0, 5),
(22, 'id_ID', 14, 14, NULL, NULL, '2020-06-25 07:49:04', '2020-06-25 07:49:04', '2020-06-25 07:36:29', 3, 0, '5', 0, 5),
(23, 'id_ID', 14, 14, NULL, NULL, '2020-06-25 07:57:23', '2020-06-25 07:57:23', '2020-06-25 07:49:11', 3, 0, '3', 0, 5),
(24, 'id_ID', 14, 14, NULL, NULL, '2020-06-25 08:19:23', '2020-06-25 08:19:23', '2020-06-25 08:00:10', 3, 0, '5', 0, 5),
(25, 'id_ID', 14, 14, NULL, NULL, '2020-06-25 08:41:42', '2020-06-25 08:41:42', '2020-06-25 08:19:28', 3, 0, '5', 0, 5),
(26, 'id_ID', 14, 14, NULL, NULL, '2020-06-25 08:51:48', '2020-06-25 08:51:48', '2020-06-25 08:44:29', 3, 0, '6', 0, 5),
(27, 'id_ID', 14, 14, NULL, NULL, '2020-06-25 15:22:50', '2020-06-25 15:22:50', '2020-06-25 14:57:16', 3, 0, '5', 0, 5),
(28, 'id_ID', 14, 14, NULL, NULL, '2020-06-25 15:49:36', '2020-06-25 15:49:36', '2020-06-25 15:26:02', 3, 0, '4', 0, 5),
(29, 'id_ID', 14, 14, NULL, NULL, '2020-06-25 16:15:11', '2020-06-25 16:15:11', '2020-06-25 15:49:46', 3, 0, '5', 0, 5),
(30, 'id_ID', 14, 14, NULL, NULL, '2020-06-25 16:34:37', '2020-06-25 16:34:37', '2020-06-25 16:15:44', 3, 0, '5', 0, 5),
(31, 'id_ID', 14, 14, NULL, NULL, '2020-06-25 16:41:27', '2020-06-25 16:41:27', '2020-06-25 16:34:44', 3, 0, '4', 0, 5),
(32, 'en_US', 14, 14, NULL, NULL, '2020-06-25 16:51:20', '2020-06-25 16:51:20', '2020-06-25 16:41:35', 3, 0, '6', 0, 5),
(33, 'id_ID', 14, 14, NULL, NULL, '2020-06-25 17:00:15', '2020-06-25 17:00:15', '2020-06-25 16:51:26', 3, 0, '4', 0, 5),
(34, 'id_ID', 14, 14, NULL, NULL, '2020-06-25 17:09:01', '2020-06-25 17:09:01', '2020-06-25 17:00:47', 3, 0, '8', 0, 5),
(35, 'id_ID', 14, 14, NULL, NULL, '2020-06-25 17:17:06', '2020-06-25 17:17:06', '2020-06-25 17:09:07', 3, 0, '4', 0, 5),
(36, 'id_ID', 14, 14, NULL, NULL, '2020-06-25 17:25:57', '2020-06-25 17:25:57', '2020-06-25 17:17:33', 3, 0, '7', 0, 5),
(37, 'id_ID', 14, 14, NULL, NULL, '2020-06-25 17:35:01', '2020-06-25 17:35:01', '2020-06-25 17:26:03', 3, 0, '7', 0, 5),
(38, 'en_US', 14, 14, NULL, NULL, NULL, '2020-06-25 17:36:20', '2020-06-25 17:36:20', 1, 1, NULL, 0, 1);

-- --------------------------------------------------------

--
-- Struktur dari tabel `submission_artwork_files`
--

CREATE TABLE `submission_artwork_files` (
  `file_id` bigint(20) NOT NULL,
  `revision` bigint(20) NOT NULL,
  `caption` text,
  `credit` varchar(255) DEFAULT NULL,
  `copyright_owner` varchar(255) DEFAULT NULL,
  `copyright_owner_contact` text,
  `permission_terms` text,
  `permission_file_id` bigint(20) DEFAULT NULL,
  `chapter_id` bigint(20) DEFAULT NULL,
  `contact_author` bigint(20) DEFAULT NULL
) ENGINE=InnoDB DEFAULT CHARSET=utf8;

-- --------------------------------------------------------

--
-- Struktur dari tabel `submission_categories`
--

CREATE TABLE `submission_categories` (
  `submission_id` bigint(20) NOT NULL,
  `category_id` bigint(20) NOT NULL
) ENGINE=InnoDB DEFAULT CHARSET=utf8;

-- --------------------------------------------------------

--
-- Struktur dari tabel `submission_comments`
--

CREATE TABLE `submission_comments` (
  `comment_id` bigint(20) NOT NULL,
  `comment_type` bigint(20) DEFAULT NULL,
  `role_id` bigint(20) NOT NULL,
  `submission_id` bigint(20) NOT NULL,
  `assoc_id` bigint(20) NOT NULL,
  `author_id` bigint(20) NOT NULL,
  `comment_title` text,
  `comments` text,
  `date_posted` datetime DEFAULT NULL,
  `date_modified` datetime DEFAULT NULL,
  `viewable` tinyint(4) DEFAULT NULL
) ENGINE=InnoDB DEFAULT CHARSET=utf8;

-- --------------------------------------------------------

--
-- Struktur dari tabel `submission_files`
--

CREATE TABLE `submission_files` (
  `file_id` bigint(20) NOT NULL,
  `revision` bigint(20) NOT NULL,
  `source_file_id` bigint(20) DEFAULT NULL,
  `source_revision` bigint(20) DEFAULT NULL,
  `submission_id` bigint(20) NOT NULL,
  `file_type` varchar(255) NOT NULL,
  `genre_id` bigint(20) DEFAULT NULL,
  `file_size` bigint(20) NOT NULL,
  `original_file_name` varchar(127) DEFAULT NULL,
  `file_stage` bigint(20) NOT NULL,
  `direct_sales_price` varchar(255) DEFAULT NULL,
  `sales_type` varchar(255) DEFAULT NULL,
  `viewable` tinyint(4) DEFAULT NULL,
  `date_uploaded` datetime NOT NULL,
  `date_modified` datetime NOT NULL,
  `uploader_user_id` bigint(20) DEFAULT NULL,
  `assoc_type` bigint(20) DEFAULT NULL,
  `assoc_id` bigint(20) DEFAULT NULL
) ENGINE=InnoDB DEFAULT CHARSET=utf8;

--
-- Dumping data untuk tabel `submission_files`
--

INSERT INTO `submission_files` (`file_id`, `revision`, `source_file_id`, `source_revision`, `submission_id`, `file_type`, `genre_id`, `file_size`, `original_file_name`, `file_stage`, `direct_sales_price`, `sales_type`, `viewable`, `date_uploaded`, `date_modified`, `uploader_user_id`, `assoc_type`, `assoc_id`) VALUES
(4, 1, NULL, NULL, 6, 'application/pdf', 157, 1204802, '5. Heru Utomo.pdf', 10, NULL, NULL, 0, '2020-06-25 03:46:51', '2020-06-25 03:46:51', 1, 521, 3),
(5, 1, 4, 1, 6, 'application/pdf', 157, 1204802, '5. Heru Utomo.pdf', 2, NULL, NULL, 1, '2020-06-25 03:46:51', '2020-06-25 03:48:22', 1, 521, 3),
(6, 1, NULL, NULL, 7, 'application/pdf', 157, 1163408, '6. Shinta Maharani.pdf', 10, NULL, NULL, 0, '2020-06-25 04:55:09', '2020-06-25 04:55:09', 1, 521, 5),
(7, 1, 6, 1, 7, 'application/pdf', 157, 1163408, '6. Shinta Maharani.pdf', 2, NULL, NULL, 1, '2020-06-25 04:55:09', '2020-06-25 04:56:25', 1, 521, 5),
(8, 1, NULL, NULL, 8, 'application/pdf', 157, 2099095, '7. Tri Istining Wardani.pdf', 10, NULL, NULL, 0, '2020-06-25 05:06:11', '2020-06-25 05:06:11', 1, 521, 6),
(9, 1, 8, 1, 8, 'application/pdf', 157, 2099095, '7. Tri Istining Wardani.pdf', 2, NULL, NULL, 1, '2020-06-25 05:06:11', '2020-06-25 05:07:50', 1, 521, 6),
(10, 1, NULL, NULL, 10, 'application/pdf', 157, 1171979, '2. Tri Yulistyawati Evelina.pdf', 10, NULL, NULL, 0, '2020-06-25 05:22:38', '2020-06-25 05:22:38', 1, 521, 7),
(11, 1, 10, 1, 10, 'application/pdf', 157, 1171979, '2. Tri Yulistyawati Evelina.pdf', 2, NULL, NULL, 1, '2020-06-25 05:22:38', '2020-06-25 05:25:09', 1, 521, 7),
(12, 1, NULL, NULL, 11, 'application/pdf', 157, 1171798, '1. M. Maskan.pdf', 10, NULL, NULL, 0, '2020-06-25 05:29:31', '2020-06-25 05:29:31', 1, 521, 8),
(13, 1, 12, 1, 11, 'application/pdf', 157, 1171798, '1. M. Maskan.pdf', 2, NULL, NULL, 1, '2020-06-25 05:29:31', '2020-06-25 05:30:43', 1, 521, 8),
(14, 1, NULL, NULL, 12, 'application/pdf', 157, 1358430, '3. Fullchis Nurjahjani.pdf', 10, NULL, NULL, 0, '2020-06-25 05:38:10', '2020-06-25 05:38:10', 1, 521, 9),
(15, 1, 14, 1, 12, 'application/pdf', 157, 1358430, '3. Fullchis Nurjahjani.pdf', 2, NULL, NULL, 1, '2020-06-25 05:38:10', '2020-06-25 05:42:58', 1, 521, 9),
(17, 1, NULL, NULL, 13, 'application/pdf', 157, 1245687, '4. Ahmad Fauzi.pdf', 10, NULL, NULL, 0, '2020-06-25 05:58:17', '2020-06-25 05:58:17', 1, 521, 11),
(18, 1, 17, 1, 13, 'application/pdf', 157, 1245687, '4. Ahmad Fauzi.pdf', 2, NULL, NULL, 1, '2020-06-25 05:58:17', '2020-06-25 05:58:55', 1, 521, 11),
(20, 1, NULL, NULL, 14, 'application/pdf', 157, 1271656, '8. Nilawati Fiernaningsih.pdf', 10, NULL, NULL, 0, '2020-06-25 06:09:25', '2020-06-25 06:09:25', 1, 521, 13),
(21, 1, 20, 1, 14, 'application/pdf', 157, 1271656, '8. Nilawati Fiernaningsih.pdf', 2, NULL, NULL, 1, '2020-06-25 06:09:25', '2020-06-25 06:11:29', 1, 521, 13),
(23, 1, NULL, NULL, 15, 'application/pdf', 157, 1334728, '9. Helmy Adisaksana.pdf', 10, NULL, NULL, 0, '2020-06-25 06:29:48', '2020-06-25 06:29:48', 1, 521, 15),
(24, 1, 23, 1, 15, 'application/pdf', 157, 1334728, '9. Helmy Adisaksana.pdf', 2, NULL, NULL, 1, '2020-06-25 06:29:48', '2020-06-25 06:30:58', 1, 521, 15),
(27, 1, NULL, NULL, 16, 'application/pdf', 157, 1184047, '10. Lilies Nur Aini.pdf', 10, NULL, NULL, 0, '2020-06-25 06:40:34', '2020-06-25 06:40:34', 1, 521, 20),
(28, 1, 27, 1, 16, 'application/pdf', 157, 1184047, '10. Lilies Nur Aini.pdf', 2, NULL, NULL, 1, '2020-06-25 06:40:34', '2020-06-25 06:41:48', 1, 521, 20),
(29, 1, NULL, NULL, 17, 'application/pdf', 157, 1702054, '11. Ellyn Eka Wahyu.pdf', 10, NULL, NULL, 0, '2020-06-25 06:44:13', '2020-06-25 06:44:13', 1, 521, 21),
(30, 1, 29, 1, 17, 'application/pdf', 157, 1702054, '11. Ellyn Eka Wahyu.pdf', 2, NULL, NULL, 1, '2020-06-25 06:44:13', '2020-06-25 06:49:26', 1, 521, 21),
(31, 1, NULL, NULL, 18, 'application/pdf', 157, 1560180, '12. Eko Hendry Suyono.pdf', 10, NULL, NULL, 0, '2020-06-25 06:55:31', '2020-06-25 06:55:31', 1, 521, 22),
(32, 1, 31, 1, 18, 'application/pdf', 157, 1560180, '12. Eko Hendry Suyono.pdf', 2, NULL, NULL, 1, '2020-06-25 06:55:31', '2020-06-25 06:56:02', 1, 521, 22),
(33, 1, NULL, NULL, 19, 'application/pdf', 157, 1512913, '13. Subagyo.pdf', 10, NULL, NULL, 0, '2020-06-25 07:02:16', '2020-06-25 07:02:16', 1, 521, 23),
(34, 1, 33, 1, 19, 'application/pdf', 157, 1512913, '13. Subagyo.pdf', 2, NULL, NULL, 1, '2020-06-25 07:02:16', '2020-06-25 07:02:43', 1, 521, 23),
(35, 1, NULL, NULL, 20, 'application/pdf', 157, 2257523, '14. Utsman Syah Amrullah.pdf', 10, NULL, NULL, 0, '2020-06-25 07:28:08', '2020-06-25 07:28:08', 1, 521, 24),
(36, 1, 35, 1, 20, 'application/pdf', 157, 2257523, '14. Utsman Syah Amrullah.pdf', 2, NULL, NULL, 1, '2020-06-25 07:28:08', '2020-06-25 07:28:41', 1, 521, 24),
(37, 1, NULL, NULL, 21, 'application/pdf', 157, 2685461, '15. Sugeng Hadi Susilo.pdf', 10, NULL, NULL, 0, '2020-06-25 07:35:33', '2020-06-25 07:35:33', 1, 521, 25),
(38, 1, 37, 1, 21, 'application/pdf', 157, 2685461, '15. Sugeng Hadi Susilo.pdf', 2, NULL, NULL, 1, '2020-06-25 07:35:33', '2020-06-25 07:36:13', 1, 521, 25),
(39, 1, NULL, NULL, 22, 'application/pdf', 157, 1517378, '16. Santoso.pdf', 10, NULL, NULL, 0, '2020-06-25 07:47:22', '2020-06-25 07:47:22', 1, 521, 26),
(40, 1, 39, 1, 22, 'application/pdf', 157, 1517378, '16. Santoso.pdf', 2, NULL, NULL, 1, '2020-06-25 07:47:22', '2020-06-25 07:49:04', 1, 521, 26),
(41, 1, NULL, NULL, 23, 'application/pdf', 157, 1189778, '17. Anang Takwanto.pdf', 10, NULL, NULL, 0, '2020-06-25 07:56:42', '2020-06-25 07:56:42', 1, 521, 27),
(42, 1, 41, 1, 23, 'application/pdf', 157, 1189778, '17. Anang Takwanto.pdf', 2, NULL, NULL, 1, '2020-06-25 07:56:42', '2020-06-25 07:57:23', 1, 521, 27),
(43, 1, NULL, NULL, 24, 'application/pdf', 157, 1908967, '18. Hariyadi Singgih.pdf', 10, NULL, NULL, 0, '2020-06-25 08:06:51', '2020-06-25 08:06:51', 1, 521, 28),
(44, 1, 43, 1, 24, 'application/pdf', 157, 1908967, '18. Hariyadi Singgih.pdf', 2, NULL, NULL, 1, '2020-06-25 08:06:51', '2020-06-25 08:19:23', 1, 521, 28),
(45, 1, NULL, NULL, 25, 'application/pdf', 157, 1402060, '19. Fathoni.pdf', 10, NULL, NULL, 0, '2020-06-25 08:38:59', '2020-06-25 08:38:59', 1, 521, 29),
(46, 1, 45, 1, 25, 'application/pdf', 157, 1402060, '19. Fathoni.pdf', 2, NULL, NULL, 1, '2020-06-25 08:38:59', '2020-06-25 08:41:42', 1, 521, 29),
(47, 1, NULL, NULL, 26, 'application/pdf', 157, 1478467, '20. Koesmarijanto.pdf', 10, NULL, NULL, 0, '2020-06-25 08:51:27', '2020-06-25 08:51:27', 1, 521, 30),
(48, 1, 47, 1, 26, 'application/pdf', 157, 1478467, '20. Koesmarijanto.pdf', 2, NULL, NULL, 1, '2020-06-25 08:51:27', '2020-06-25 08:51:48', 1, 521, 30),
(49, 1, NULL, NULL, 27, 'application/pdf', 157, 1512734, '21. M. Noor Hidayat.pdf', 10, NULL, NULL, 0, '2020-06-25 15:18:45', '2020-06-25 15:18:45', 1, 521, 31),
(50, 1, 49, 1, 27, 'application/pdf', 157, 1512734, '21. M. Noor Hidayat.pdf', 2, NULL, NULL, 1, '2020-06-25 15:18:45', '2020-06-25 15:22:50', 1, 521, 31),
(51, 1, NULL, NULL, 28, 'application/pdf', 157, 1378282, '1. Joni Dwi Pribadi.pdf', 10, NULL, NULL, 0, '2020-06-25 15:46:32', '2020-06-25 15:46:32', 1, 521, 32),
(52, 1, 51, 1, 28, 'application/pdf', 157, 1378282, '1. Joni Dwi Pribadi.pdf', 2, NULL, NULL, 1, '2020-06-25 15:46:32', '2020-06-25 15:49:36', 1, 521, 32),
(54, 1, NULL, NULL, 29, 'application/pdf', 157, 1198811, '2. Masreviastuti.pdf', 10, NULL, NULL, 0, '2020-06-25 16:11:53', '2020-06-25 16:11:53', 1, 521, 34),
(55, 1, 54, 1, 29, 'application/pdf', 157, 1198811, '2. Masreviastuti.pdf', 2, NULL, NULL, 1, '2020-06-25 16:11:53', '2020-06-25 16:15:11', 1, 521, 34),
(58, 1, NULL, NULL, 30, 'application/pdf', 157, 1143996, '3. Baroroh Lestari.pdf', 10, NULL, NULL, 0, '2020-06-25 16:31:33', '2020-06-25 16:31:33', 1, 521, 37),
(59, 1, 58, 1, 30, 'application/pdf', 157, 1143996, '3. Baroroh Lestari.pdf', 2, NULL, NULL, 1, '2020-06-25 16:31:33', '2020-06-25 16:34:37', 1, 521, 37),
(61, 1, NULL, NULL, 31, 'application/pdf', 157, 1154633, '4. Umi Khabibah.pdf', 10, NULL, NULL, 0, '2020-06-25 16:39:53', '2020-06-25 16:39:53', 1, 521, 39),
(62, 1, 61, 1, 31, 'application/pdf', 157, 1154633, '4. Umi Khabibah.pdf', 2, NULL, NULL, 1, '2020-06-25 16:39:53', '2020-06-25 16:41:27', 1, 521, 39),
(63, 1, NULL, NULL, 32, 'application/pdf', 157, 1094095, '5. R. Sugeng Basuki.pdf', 10, NULL, NULL, 0, '2020-06-25 16:50:36', '2020-06-25 16:50:36', 1, 521, 40),
(64, 1, 63, 1, 32, 'application/pdf', 157, 1094095, '5. R. Sugeng Basuki.pdf', 2, NULL, NULL, 1, '2020-06-25 16:50:36', '2020-06-25 16:51:20', 1, 521, 40),
(65, 1, NULL, NULL, 33, 'application/pdf', 157, 1233402, '6. Imam Mulyono.pdf', 10, NULL, NULL, 0, '2020-06-25 16:59:33', '2020-06-25 16:59:33', 1, 521, 41),
(66, 1, 65, 1, 33, 'application/pdf', 157, 1233402, '6. Imam Mulyono.pdf', 2, NULL, NULL, 1, '2020-06-25 16:59:33', '2020-06-25 17:00:15', 1, 521, 41),
(67, 1, NULL, NULL, 34, 'application/pdf', 157, 1337793, '7. Muwidha.pdf', 10, NULL, NULL, 0, '2020-06-25 17:08:22', '2020-06-25 17:08:22', 1, 521, 42),
(68, 1, 67, 1, 34, 'application/pdf', 157, 1337793, '7. Muwidha.pdf', 2, NULL, NULL, 1, '2020-06-25 17:08:22', '2020-06-25 17:09:01', 1, 521, 42),
(69, 1, NULL, NULL, 35, 'application/pdf', 157, 2044767, '8. Hilda Cahyani.pdf', 10, NULL, NULL, 0, '2020-06-25 17:16:09', '2020-06-25 17:16:09', 1, 521, 43),
(70, 1, 69, 1, 35, 'application/pdf', 157, 2044767, '8. Hilda Cahyani.pdf', 2, NULL, NULL, 1, '2020-06-25 17:16:09', '2020-06-25 17:17:06', 1, 521, 43),
(72, 1, NULL, NULL, 36, 'application/pdf', 157, 1218156, '9. Nur Salam.pdf', 10, NULL, NULL, 0, '2020-06-25 17:25:12', '2020-06-25 17:25:12', 1, 521, 45),
(73, 1, 72, 1, 36, 'application/pdf', 157, 1218156, '9. Nur Salam.pdf', 2, NULL, NULL, 1, '2020-06-25 17:25:12', '2020-06-25 17:25:57', 1, 521, 45),
(74, 1, NULL, NULL, 37, 'application/pdf', 157, 1094761, '10. Subekhi Hadi Purnomo.pdf', 10, NULL, NULL, 0, '2020-06-25 17:34:14', '2020-06-25 17:34:14', 1, 521, 46),
(75, 1, 74, 1, 37, 'application/pdf', 157, 1094761, '10. Subekhi Hadi Purnomo.pdf', 2, NULL, NULL, 1, '2020-06-25 17:34:14', '2020-06-25 17:35:01', 1, 521, 46);

-- --------------------------------------------------------

--
-- Struktur dari tabel `submission_file_settings`
--

CREATE TABLE `submission_file_settings` (
  `file_id` bigint(20) NOT NULL,
  `locale` varchar(14) NOT NULL DEFAULT '',
  `setting_name` varchar(255) NOT NULL,
  `setting_value` text,
  `setting_type` varchar(6) NOT NULL
) ENGINE=InnoDB DEFAULT CHARSET=utf8;

--
-- Dumping data untuk tabel `submission_file_settings`
--

INSERT INTO `submission_file_settings` (`file_id`, `locale`, `setting_name`, `setting_value`, `setting_type`) VALUES
(4, 'en_US', 'name', 'Heru Utomo.pdf', 'string'),
(4, 'id_ID', 'name', 'Heru Utomo.pdf', 'string'),
(5, 'en_US', 'name', 'Heru Utomo.pdf', 'string'),
(5, 'id_ID', 'name', 'Heru Utomo.pdf', 'string'),
(6, 'en_US', 'name', 'ShintaMaharani.pdf', 'string'),
(6, 'id_ID', 'name', 'ShintaMaharani.pdf', 'string'),
(7, 'en_US', 'name', 'ShintaMaharani.pdf', 'string'),
(7, 'id_ID', 'name', 'ShintaMaharani.pdf', 'string'),
(8, 'en_US', 'name', 'TriIstiningWardani.pdf', 'string'),
(8, 'id_ID', 'name', 'TriIstiningWardani.pdf', 'string'),
(9, 'en_US', 'name', 'TriIstiningWardani.pdf', 'string'),
(9, 'id_ID', 'name', 'TriIstiningWardani.pdf', 'string'),
(10, 'en_US', 'name', 'TriYulistyawatiEvelina.pdf', 'string'),
(10, 'id_ID', 'name', 'TriYulistyawatiEvelina.pdf', 'string'),
(11, 'en_US', 'name', 'TriYulistyawatiEvelina.pdf', 'string'),
(11, 'id_ID', 'name', 'TriYulistyawatiEvelina.pdf', 'string'),
(12, 'en_US', 'name', 'maskan.pdf', 'string'),
(12, 'id_ID', 'name', 'maskan.pdf', 'string'),
(13, 'en_US', 'name', 'maskan.pdf', 'string'),
(13, 'id_ID', 'name', 'maskan.pdf', 'string'),
(14, 'en_US', 'name', 'FullchisNurjahjani.pdf', 'string'),
(14, 'id_ID', 'name', 'FullchisNurjahjani.pdf', 'string'),
(15, 'en_US', 'name', 'FullchisNurjahjani.pdf', 'string'),
(15, 'id_ID', 'name', 'FullchisNurjahjani.pdf', 'string'),
(17, 'en_US', 'name', 'AFauzi.pdf', 'string'),
(17, 'id_ID', 'name', 'AFauzi.pdf', 'string'),
(18, 'en_US', 'name', 'AFauzi.pdf', 'string'),
(18, 'id_ID', 'name', 'AFauzi.pdf', 'string'),
(20, 'en_US', 'name', 'NilawatiFiernaningsih.pdf', 'string'),
(20, 'id_ID', 'name', 'NilawatiFiernaningsih.pdf', 'string'),
(21, 'en_US', 'name', 'NilawatiFiernaningsih.pdf', 'string'),
(21, 'id_ID', 'name', 'NilawatiFiernaningsih.pdf', 'string'),
(23, 'en_US', 'name', 'HelmyAdisaksana.pdf', 'string'),
(23, 'id_ID', 'name', 'HelmyAdisaksana.pdf', 'string'),
(24, 'en_US', 'name', 'HelmyAdisaksana.pdf', 'string'),
(24, 'id_ID', 'name', 'HelmyAdisaksana.pdf', 'string'),
(27, 'en_US', 'name', 'LiliesNA.pdf', 'string'),
(27, 'id_ID', 'name', 'LiliesNA.pdf', 'string'),
(28, 'en_US', 'name', 'LiliesNA.pdf', 'string'),
(28, 'id_ID', 'name', 'LiliesNA.pdf', 'string'),
(29, 'en_US', 'name', 'EllynEkaWahyu.pdf', 'string'),
(29, 'id_ID', 'name', 'EllynEkaWahyu.pdf', 'string'),
(30, 'en_US', 'name', 'EllynEkaWahyu.pdf', 'string'),
(30, 'id_ID', 'name', 'EllynEkaWahyu.pdf', 'string'),
(31, 'en_US', 'name', 'EkoHendrySuyono.pdf', 'string'),
(31, 'id_ID', 'name', 'EkoHendrySuyono.pdf', 'string'),
(32, 'en_US', 'name', 'EkoHendrySuyono.pdf', 'string'),
(32, 'id_ID', 'name', 'EkoHendrySuyono.pdf', 'string'),
(33, 'en_US', 'name', 'Subagyo.pdf', 'string'),
(33, 'id_ID', 'name', 'Subagyo.pdf', 'string'),
(34, 'en_US', 'name', 'Subagyo.pdf', 'string'),
(34, 'id_ID', 'name', 'Subagyo.pdf', 'string'),
(35, 'en_US', 'name', 'UtsmanSyahAmrullah.pdf', 'string'),
(35, 'id_ID', 'name', 'UtsmanSyahAmrullah.pdf', 'string'),
(36, 'en_US', 'name', 'UtsmanSyahAmrullah.pdf', 'string'),
(36, 'id_ID', 'name', 'UtsmanSyahAmrullah.pdf', 'string'),
(37, 'en_US', 'name', 'SugengHadiSusilo.pdf', 'string'),
(37, 'id_ID', 'name', 'SugengHadiSusilo.pdf', 'string'),
(38, 'en_US', 'name', 'SugengHadiSusilo.pdf', 'string'),
(38, 'id_ID', 'name', 'SugengHadiSusilo.pdf', 'string'),
(39, 'en_US', 'name', 'Santoso.pdf', 'string'),
(39, 'id_ID', 'name', 'Santoso.pdf', 'string'),
(40, 'en_US', 'name', 'Santoso.pdf', 'string'),
(40, 'id_ID', 'name', 'Santoso.pdf', 'string'),
(41, 'en_US', 'name', 'AnangTakwanto.pdf', 'string'),
(41, 'id_ID', 'name', 'AnangTakwanto.pdf', 'string'),
(42, 'en_US', 'name', 'AnangTakwanto.pdf', 'string'),
(42, 'id_ID', 'name', 'AnangTakwanto.pdf', 'string'),
(43, 'en_US', 'name', 'HariyadiSinggih.pdf', 'string'),
(43, 'id_ID', 'name', 'HariyadiSinggih.pdf', 'string'),
(44, 'en_US', 'name', 'HariyadiSinggih.pdf', 'string'),
(44, 'id_ID', 'name', 'HariyadiSinggih.pdf', 'string'),
(45, 'en_US', 'name', 'Fathoni.pdf', 'string'),
(45, 'id_ID', 'name', 'Fathoni.pdf', 'string'),
(46, 'en_US', 'name', 'Fathoni.pdf', 'string'),
(46, 'id_ID', 'name', 'Fathoni.pdf', 'string'),
(47, 'en_US', 'name', '', 'string'),
(47, 'id_ID', 'name', 'mimin, 20. Koesmarijanto.pdf', 'string'),
(48, 'en_US', 'name', '', 'string'),
(48, 'id_ID', 'name', 'mimin, 20. Koesmarijanto.pdf', 'string'),
(49, 'en_US', 'name', 'NoorHidayat.pdf', 'string'),
(49, 'id_ID', 'name', 'NoorHidayat.pdf', 'string'),
(50, 'en_US', 'name', 'NoorHidayat.pdf', 'string'),
(50, 'id_ID', 'name', 'NoorHidayat.pdf', 'string'),
(51, 'en_US', 'name', 'JoniDwiPribadi.pdf', 'string'),
(51, 'id_ID', 'name', 'JoniDwiPribadi.pdf', 'string'),
(52, 'en_US', 'name', 'JoniDwiPribadi.pdf', 'string'),
(52, 'id_ID', 'name', 'JoniDwiPribadi.pdf', 'string'),
(54, 'en_US', 'name', 'Masreviastuti.pdf', 'string'),
(54, 'id_ID', 'name', 'Masreviastuti.pdf', 'string'),
(55, 'en_US', 'name', 'Masreviastuti.pdf', 'string'),
(55, 'id_ID', 'name', 'Masreviastuti.pdf', 'string'),
(58, 'en_US', 'name', 'BarorohLestari.pdf', 'string'),
(58, 'id_ID', 'name', 'BarorohLestari.pdf', 'string'),
(59, 'en_US', 'name', 'BarorohLestari.pdf', 'string'),
(59, 'id_ID', 'name', 'BarorohLestari.pdf', 'string'),
(61, 'en_US', 'name', 'UmiKhabibah.pdf', 'string'),
(61, 'id_ID', 'name', 'UmiKhabibah.pdf', 'string'),
(62, 'en_US', 'name', 'UmiKhabibah.pdf', 'string'),
(62, 'id_ID', 'name', 'UmiKhabibah.pdf', 'string'),
(63, 'en_US', 'name', 'RSugengBasuki.pdf', 'string'),
(63, 'id_ID', 'name', 'RSugengBasuki.pdf', 'string'),
(64, 'en_US', 'name', 'RSugengBasuki.pdf', 'string'),
(64, 'id_ID', 'name', 'RSugengBasuki.pdf', 'string'),
(65, 'en_US', 'name', 'ImamMulyono.pdf', 'string'),
(65, 'id_ID', 'name', 'ImamMulyono.pdf', 'string'),
(66, 'en_US', 'name', 'ImamMulyono.pdf', 'string'),
(66, 'id_ID', 'name', 'ImamMulyono.pdf', 'string'),
(67, 'en_US', 'name', 'Muwidha.pdf', 'string'),
(67, 'id_ID', 'name', 'Muwidha.pdf', 'string'),
(68, 'en_US', 'name', 'Muwidha.pdf', 'string'),
(68, 'id_ID', 'name', 'Muwidha.pdf', 'string'),
(69, 'en_US', 'name', 'HildaCahyani.pdf', 'string'),
(69, 'id_ID', 'name', 'HildaCahyani.pdf', 'string'),
(70, 'en_US', 'name', 'HildaCahyani.pdf', 'string'),
(70, 'id_ID', 'name', 'HildaCahyani.pdf', 'string'),
(72, 'en_US', 'name', 'NurSalam.pdf', 'string'),
(72, 'id_ID', 'name', 'NurSalam.pdf', 'string'),
(73, 'en_US', 'name', 'NurSalam.pdf', 'string'),
(73, 'id_ID', 'name', 'NurSalam.pdf', 'string'),
(74, 'en_US', 'name', 'SubekhiHadiPurnomo.pdf', 'string'),
(74, 'id_ID', 'name', 'SubekhiHadiPurnomo.pdf', 'string'),
(75, 'en_US', 'name', 'SubekhiHadiPurnomo.pdf', 'string'),
(75, 'id_ID', 'name', 'SubekhiHadiPurnomo.pdf', 'string');

-- --------------------------------------------------------

--
-- Struktur dari tabel `submission_galleys`
--

CREATE TABLE `submission_galleys` (
  `galley_id` bigint(20) NOT NULL,
  `locale` varchar(14) DEFAULT NULL,
  `submission_id` bigint(20) NOT NULL,
  `label` varchar(255) DEFAULT NULL,
  `file_id` bigint(20) DEFAULT NULL,
  `seq` double NOT NULL DEFAULT '0',
  `remote_url` varchar(2047) DEFAULT NULL,
  `is_approved` tinyint(4) NOT NULL DEFAULT '0'
) ENGINE=InnoDB DEFAULT CHARSET=utf8;

--
-- Dumping data untuk tabel `submission_galleys`
--

INSERT INTO `submission_galleys` (`galley_id`, `locale`, `submission_id`, `label`, `file_id`, `seq`, `remote_url`, `is_approved`) VALUES
(3, 'id_ID', 6, 'pdf', 4, 0, '', 0),
(5, 'id_ID', 7, 'pdf', 6, 0, '', 0),
(6, 'id_ID', 8, 'pdf', 8, 0, '', 0),
(7, 'id_ID', 10, 'pdf', 10, 0, '', 0),
(8, 'id_ID', 11, 'pdf', 12, 0, '', 0),
(9, 'id_ID', 12, 'pdf', 14, 0, '', 0),
(11, 'id_ID', 13, 'pdf', 17, 0, '', 0),
(13, 'id_ID', 14, 'pdf', 20, 0, '', 0),
(15, 'id_ID', 15, 'pdf', 23, 0, '', 0),
(20, 'id_ID', 16, 'pdf', 27, 0, '', 0),
(21, 'id_ID', 17, 'pdf', 29, 0, '', 0),
(22, 'id_ID', 18, 'pdf', 31, 0, '', 0),
(23, 'id_ID', 19, 'pdf', 33, 0, '', 0),
(24, 'id_ID', 20, 'pdf', 35, 0, '', 0),
(25, 'id_ID', 21, 'pdf', 37, 0, '', 0),
(26, 'id_ID', 22, 'pdf', 39, 0, '', 0),
(27, 'en_US', 23, 'pdf', 41, 0, '', 0),
(28, 'id_ID', 24, 'pdf', 43, 0, '', 0),
(29, 'id_ID', 25, 'pdf', 45, 0, '', 0),
(30, 'id_ID', 26, 'pdf', 47, 0, '', 0),
(31, 'id_ID', 27, 'pdf', 49, 0, '', 0),
(32, 'id_ID', 28, 'pdf', 51, 0, '', 0),
(34, 'id_ID', 29, 'pdf', 54, 0, '', 0),
(37, 'id_ID', 30, 'pdf', 58, 0, '', 0),
(39, 'id_ID', 31, 'pdf', 61, 0, '', 0),
(40, 'id_ID', 32, 'pdf', 63, 0, '', 0),
(41, 'id_ID', 33, 'pdf', 65, 0, '', 0),
(42, 'id_ID', 34, 'pdf', 67, 0, '', 0),
(43, 'id_ID', 35, 'pdf', 69, 0, '', 0),
(45, 'id_ID', 36, 'pdf', 72, 0, '', 0),
(46, 'id_ID', 37, 'pdf', 74, 0, '', 0);

-- --------------------------------------------------------

--
-- Struktur dari tabel `submission_galley_settings`
--

CREATE TABLE `submission_galley_settings` (
  `galley_id` bigint(20) NOT NULL,
  `locale` varchar(14) NOT NULL DEFAULT '',
  `setting_name` varchar(255) NOT NULL,
  `setting_value` text,
  `setting_type` varchar(6) NOT NULL
) ENGINE=InnoDB DEFAULT CHARSET=utf8;

-- --------------------------------------------------------

--
-- Struktur dari tabel `submission_search_keyword_list`
--

CREATE TABLE `submission_search_keyword_list` (
  `keyword_id` bigint(20) NOT NULL,
  `keyword_text` varchar(60) NOT NULL
) ENGINE=InnoDB DEFAULT CHARSET=utf8;

--
-- Dumping data untuk tabel `submission_search_keyword_list`
--

INSERT INTO `submission_search_keyword_list` (`keyword_id`, `keyword_text`) VALUES
(509, '0-6'),
(1611, '12-15'),
(1524, '1metode'),
(1529, '2metode'),
(1540, '3metode'),
(717, '7tahun'),
(1235, 'aad'),
(1682, 'abdul'),
(411, 'abdullah'),
(475, 'ability'),
(1705, 'abk'),
(1037, 'absorbsi'),
(1053, 'absorpsi'),
(405, 'acara'),
(1444, 'accordance'),
(1112, 'accu'),
(127, 'achieved'),
(340, 'achmad'),
(138, 'actively'),
(145, 'activities'),
(110, 'activity'),
(175, 'ada'),
(24, 'adalah'),
(767, 'adanaya'),
(298, 'adanya'),
(1286, 'adding'),
(1317, 'additional'),
(585, 'adisaksana'),
(810, 'adiwidodo'),
(148, 'administrasi'),
(545, 'administration'),
(1462, 'advice'),
(826, 'agama'),
(35, 'agar'),
(508, 'age'),
(511, 'agreed'),
(1114, 'agus'),
(1761, 'agustina'),
(897, 'agustriyana'),
(818, 'ahlussunnah'),
(272, 'ahmad'),
(532, 'aim'),
(1460, 'aimed'),
(472, 'aims'),
(1361, 'aini'),
(641, 'ainie'),
(1122, 'air'),
(17, 'aisyiyah'),
(63, 'akan'),
(1021, 'akhinya'),
(304, 'akhir'),
(425, 'akhir-akhir'),
(1674, 'akhirnya'),
(930, 'aksan'),
(1601, 'akunatnsi'),
(1571, 'akuntansi'),
(1719, 'al-amien'),
(1697, 'al-fasha'),
(1068, 'al-furqon'),
(451, 'al-jabbar'),
(817, 'al-quran'),
(839, 'al-quran'),
(1006, 'alat'),
(786, 'alfurqon'),
(686, 'alih'),
(1228, 'aliran'),
(457, 'aljabbar'),
(1088, 'allah'),
(989, 'alternatif'),
(1275, 'alternative'),
(1203, 'amper'),
(808, 'amrullah'),
(503, 'anak'),
(34, 'anak-anak'),
(1737, 'analisis'),
(1028, 'anang'),
(1575, 'andriana'),
(589, 'ane'),
(170, 'anggota'),
(1091, 'anggotanya'),
(612, 'antara'),
(1251, 'antibacterial'),
(1635, 'antusiame'),
(398, 'antusias'),
(1480, 'apa'),
(313, 'apabila'),
(550, 'ape'),
(31, 'aplikasi'),
(1292, 'applying'),
(1717, 'approach'),
(1224, 'arah'),
(1596, 'area'),
(513, 'article'),
(1200, 'arus'),
(1809, 'asam'),
(1020, 'asembling'),
(824, 'aset'),
(1580, 'asp'),
(1353, 'aspek'),
(844, 'asri'),
(1324, 'assignments'),
(467, 'assistance'),
(15, 'asuhan'),
(853, 'aswaja'),
(374, 'atas'),
(306, 'atau'),
(1135, 'ataupun'),
(141, 'attended'),
(1520, 'attiude'),
(1638, 'audien'),
(270, 'awal'),
(444, 'ayu'),
(1824, 'badan'),
(816, 'badminton'),
(908, 'bagaimana'),
(154, 'bagi'),
(1089, 'bagian'),
(1007, 'bahan'),
(1714, 'bahasa'),
(258, 'bahwa'),
(289, 'baik'),
(1408, 'baiknya'),
(792, 'baja'),
(1109, 'bakar'),
(670, 'bambang'),
(825, 'bangsa'),
(889, 'bangunan'),
(904, 'banjaragung'),
(249, 'bantal'),
(729, 'bantuan'),
(427, 'banyak'),
(604, 'banyaknya'),
(1741, 'barangkali'),
(104, 'bareng'),
(492, 'baroroh'),
(236, 'baru'),
(537, 'based'),
(1500, 'basuki'),
(231, 'batang'),
(1378, 'batas'),
(1161, 'baterai'),
(1183, 'bawah'),
(1017, 'bebannya'),
(371, 'beberapa'),
(251, 'bed-cover'),
(1521, 'behaviour'),
(679, 'bekal'),
(626, 'bekerja'),
(1101, 'bekerjasama'),
(635, 'belah'),
(749, 'belajar'),
(1793, 'belakang'),
(727, 'belum'),
(226, 'benang'),
(996, 'benar'),
(233, 'benda'),
(1454, 'beneficial'),
(1285, 'benefits'),
(430, 'bentuk'),
(1142, 'berada'),
(1138, 'beradaan'),
(1752, 'beradab'),
(985, 'berarti'),
(1823, 'berat'),
(1092, 'berbagai'),
(1103, 'berbagi'),
(1729, 'berbahasa'),
(336, 'berbasis'),
(1550, 'berbeda'),
(1367, 'berbisnis'),
(1401, 'berbuat'),
(254, 'berdasar'),
(1650, 'berdasarkan'),
(1026, 'bergotong'),
(1748, 'berharap'),
(1647, 'berhati-hati'),
(657, 'berikut'),
(620, 'berisikan'),
(259, 'berjalan'),
(850, 'berjumlah'),
(652, 'berkebutuhan'),
(1074, 'berkembangnya'),
(1157, 'berkurang'),
(1675, 'berlandaskan'),
(702, 'berlatih'),
(745, 'bermain'),
(1728, 'bermaksud'),
(1186, 'bernilai'),
(1753, 'berpendidikan'),
(1660, 'bersama'),
(1489, 'bersifat'),
(1342, 'berskala'),
(1783, 'bersumberdaya'),
(1334, 'bertahan'),
(189, 'bertanggung'),
(1614, 'bertempat'),
(678, 'bertujuan'),
(366, 'bertujuanuntuk'),
(247, 'berupa'),
(1542, 'bervariasi'),
(600, 'besar'),
(687, 'beserta'),
(1734, 'betul'),
(28, 'bidang'),
(96, 'bimbingan'),
(198, 'bisa'),
(1551, 'bisanya'),
(274, 'bisnis'),
(452, 'blimbing'),
(960, 'block'),
(1599, 'blu'),
(1600, 'blud'),
(1258, 'body'),
(442, 'boedi'),
(876, 'bongkar'),
(553, 'books'),
(1268, 'brands'),
(1448, 'bridge'),
(1283, 'brings'),
(1287, 'broader'),
(1534, 'broken'),
(689, 'bros'),
(1170, 'buah'),
(300, 'budget'),
(1116, 'budhy'),
(90, 'budiarti'),
(898, 'budidaya'),
(1681, 'budisantoso'),
(1532, 'bujur'),
(1133, 'bukan'),
(305, 'bulan'),
(65, 'bungkus'),
(423, 'bunulrejo'),
(1066, 'busi'),
(1291, 'business'),
(794, 'busur'),
(775, 'buwono'),
(655, 'cacat'),
(1678, 'cahyani'),
(75, 'calon'),
(238, 'cara'),
(564, 'carried'),
(583, 'carry'),
(68, 'catering'),
(1190, 'celup'),
(1513, 'cemorokandang'),
(1626, 'cengkeh'),
(1541, 'ceramah'),
(527, 'characteristics'),
(521, 'child'),
(520, 'childhood'),
(1313, 'children'),
(1459, 'childrens'),
(114, 'city'),
(456, 'citys'),
(125, 'closing'),
(1483, 'coba'),
(1443, 'communication'),
(1716, 'communicative'),
(108, 'community'),
(569, 'components'),
(1289, 'concept'),
(1260, 'consumed'),
(1247, 'content'),
(12, 'coreldraw'),
(59, 'corelldraw'),
(531, 'created'),
(470, 'creative'),
(1436, 'creativity'),
(220, 'crochet'),
(1295, 'crystallization'),
(752, 'cukup'),
(1525, 'curah'),
(1402, 'curang'),
(732, 'daerah'),
(165, 'dalam'),
(1588, 'dampaknya'),
(26, 'dan'),
(315, 'dana'),
(1501, 'dandung'),
(36, 'dapat'),
(1806, 'darah'),
(19, 'dari'),
(1759, 'darmayanti'),
(215, 'dasar'),
(1396, 'dasarnya'),
(606, 'daya'),
(1790, 'debagai'),
(1192, 'debit'),
(563, 'dedication'),
(302, 'defisit'),
(123, 'delivery'),
(1470, 'demikian'),
(479, 'demo'),
(48, 'dengan'),
(875, 'depan'),
(712, 'desa'),
(9, 'desain'),
(1279, 'develop'),
(526, 'development'),
(1572, 'dewi'),
(706, 'dharma'),
(379, 'diadakan'),
(1424, 'diana'),
(847, 'diasuh'),
(310, 'diatas'),
(203, 'dibagi'),
(1395, 'dibandingkan'),
(1162, 'dibangun'),
(1742, 'dibantu'),
(716, 'dibawah'),
(860, 'dibaan'),
(1770, 'dibentuknya'),
(1731, 'diberi'),
(383, 'diberikan'),
(804, 'dibidang'),
(743, 'dibidangnya'),
(636, 'dibuat'),
(871, 'dibuatkan'),
(1694, 'dibutuhkan'),
(790, 'dicapai'),
(1636, 'dicermati'),
(1828, 'didalam'),
(240, 'didampingi'),
(615, 'didasarkan'),
(351, 'didik'),
(1754, 'difokuskan'),
(1644, 'digarapkan'),
(355, 'digunakan'),
(997, 'digunakannya'),
(1339, 'dihadapi'),
(44, 'diharapkan'),
(66, 'dihasilkan'),
(312, 'dihindari'),
(1553, 'diikuti'),
(609, 'diimbangi'),
(1481, 'diinginkan'),
(1019, 'dijalankan'),
(618, 'dijelaskan'),
(1695, 'dikarenakan'),
(1788, 'dikatakan'),
(970, 'dikategorikan'),
(724, 'dikelola'),
(1337, 'dikembangkan'),
(1581, 'dikenalkan'),
(1552, 'dikerjakan'),
(1492, 'diketahui'),
(664, 'dikuasai'),
(367, 'dilaksanakan'),
(907, 'dilakuakan'),
(1184, 'dilakuan'),
(237, 'dilakukan'),
(1169, 'dilengkapi'),
(1642, 'dilontarkan'),
(625, 'dimana'),
(199, 'dimanfaatkan'),
(1025, 'dimusyawarahkan'),
(505, 'dini'),
(1472, 'dioptimalkan'),
(1046, 'dipa'),
(1354, 'dipahami'),
(1168, 'dipasang'),
(741, 'dipenuhi'),
(1009, 'diperlukan'),
(759, 'diperoleh'),
(1494, 'dipersilahkan'),
(1645, 'dipertahankan'),
(663, 'dipilih'),
(832, 'dipupuk'),
(1484, 'dirancang'),
(624, 'diri'),
(1221, 'disambungan'),
(265, 'disampaikan'),
(139, 'discussing'),
(124, 'discussion'),
(1137, 'disebabkan'),
(433, 'disebut'),
(1075, 'disertai'),
(1815, 'disesuaikan'),
(257, 'disimpulkan'),
(619, 'disingkat'),
(1751, 'disiplin'),
(334, 'diskusi'),
(113, 'district'),
(1151, 'ditambahkan'),
(771, 'ditambahnya'),
(269, 'ditargetkan'),
(327, 'ditawarkan'),
(1023, 'ditempat'),
(64, 'ditempelkan'),
(321, 'ditemukan'),
(1485, 'diterima'),
(1567, 'ditingkatkan'),
(1627, 'ditujukan'),
(1787, 'ditunjuk'),
(1418, 'diukur'),
(1817, 'diuraikan'),
(319, 'diusulkan'),
(1327, 'diversifikasi'),
(115, 'divided'),
(1076, 'diwilayah'),
(1493, 'diwujudkan'),
(1383, 'dlam'),
(1195, 'dorongnya'),
(1607, 'dosen-'),
(219, 'double'),
(1254, 'drinks'),
(1050, 'dua'),
(429, 'dunia'),
(709, 'dusun'),
(6, 'dwi'),
(434, 'e-commerce'),
(519, 'early'),
(135, 'economic'),
(516, 'education'),
(547, 'educational'),
(455, 'educators'),
(658, 'edukasi'),
(394, 'edukatif'),
(261, 'efektif'),
(920, 'efesien'),
(1447, 'efforts'),
(1110, 'efisiensi'),
(666, 'eka'),
(441, 'eko'),
(916, 'ekonomi'),
(858, 'ekstra'),
(1637, 'ektifnya'),
(1057, 'elektro'),
(421, 'elektronik'),
(1311, 'elementary'),
(1261, 'elements'),
(812, 'elka'),
(665, 'ellyn'),
(1440, 'emotions'),
(468, 'enhancement'),
(476, 'enjoyable'),
(137, 'enthusiasm'),
(1280, 'entrepreneurship'),
(413, 'eny'),
(549, 'equipment'),
(1248, 'essential'),
(1386, 'etika'),
(1366, 'etis'),
(1414, 'etisnya'),
(256, 'evaluasi'),
(489, 'evaluation'),
(93, 'evelina'),
(121, 'events'),
(579, 'existence'),
(462, 'existing'),
(1322, 'expected'),
(560, 'experienced'),
(1321, 'expertise'),
(512, 'explained'),
(1294, 'extraction'),
(463, 'facilities'),
(586, 'fadloli'),
(1733, 'faham'),
(448, 'fahmi'),
(813, 'faisal'),
(1690, 'faktor'),
(522, 'falls'),
(590, 'fany'),
(493, 'farika'),
(1687, 'fasha'),
(746, 'fasilitas'),
(241, 'fasilitator'),
(1113, 'fathoni'),
(273, 'fauzi'),
(1300, 'ferdian'),
(87, 'feri'),
(95, 'fiernaningsih'),
(490, 'finally'),
(544, 'financial'),
(1432, 'fine'),
(440, 'fisik'),
(1428, 'focuses'),
(580, 'follow-up'),
(1290, 'food'),
(1253, 'foods'),
(543, 'form'),
(1452, 'formal'),
(1269, 'forms'),
(558, 'found'),
(1430, 'foundation'),
(409, 'fullchis'),
(578, 'fully'),
(1107, 'fungsinya'),
(1762, 'futuh'),
(1499, 'gabungan'),
(914, 'gagasan'),
(548, 'game'),
(961, 'gang'),
(1369, 'gede'),
(744, 'gedung'),
(827, 'generasi'),
(1241, 'ginger'),
(1764, 'gizi'),
(1372, 'globalisasi'),
(126, 'goals'),
(900, 'golden'),
(221, 'granny'),
(1433, 'gross'),
(525, 'growth'),
(719, 'grup'),
(159, 'gsja'),
(1807, 'gula'),
(235, 'guna'),
(1523, 'gunakan'),
(344, 'guru'),
(645, 'hadi'),
(1667, 'hadir'),
(633, 'hak'),
(232, 'hakpen'),
(364, 'hal'),
(1488, 'hal-hal'),
(874, 'halaman'),
(176, 'halayak'),
(646, 'halid'),
(1486, 'hambatan'),
(1763, 'handoyo'),
(700, 'hang'),
(1468, 'hantaran'),
(835, 'hanya'),
(1779, 'harapan'),
(886, 'hari'),
(1216, 'hari-hari'),
(1118, 'hariadi'),
(762, 'harian'),
(1132, 'harihari'),
(773, 'haris'),
(1055, 'hariyadi'),
(1679, 'hariyanto'),
(356, 'harus'),
(647, 'hasan'),
(255, 'hasil'),
(1497, 'hasilnya'),
(1421, 'hati'),
(1259, 'health'),
(111, 'held'),
(412, 'helmy'),
(693, 'hendry'),
(1710, 'henny'),
(778, 'heri'),
(669, 'herijanto'),
(1061, 'herman'),
(1, 'heru'),
(1299, 'hidayat'),
(1335, 'hidup'),
(1561, 'hilang'),
(1677, 'hilda'),
(1360, 'himma'),
(1618, 'himmah'),
(1158, 'hingga'),
(611, 'hubungan'),
(1233, 'hudiono'),
(1394, 'hukuman'),
(1781, 'huruf'),
(598, 'ialah'),
(1071, 'ibadah'),
(1791, 'ibu'),
(422, 'ibu-ibu'),
(913, 'ide'),
(975, 'ikut'),
(55, 'ilmu'),
(1569, 'imam'),
(1655, 'immaterial'),
(1364, 'implementasi'),
(542, 'implementation'),
(473, 'improve'),
(491, 'improvement'),
(1456, 'improving'),
(465, 'inadequate'),
(477, 'include'),
(119, 'including'),
(576, 'increased'),
(474, 'increasing'),
(447, 'indah'),
(1775, 'indeks'),
(507, 'indonesia'),
(588, 'indrianti'),
(277, 'industri'),
(1265, 'influence'),
(419, 'informasi'),
(1715, 'inggris'),
(789, 'ingin'),
(23, 'ini'),
(556, 'initial'),
(130, 'insights'),
(1238, 'instan'),
(1271, 'instant'),
(485, 'instructional'),
(684, 'instruktur'),
(1434, 'intelligence'),
(1450, 'intended'),
(1451, 'intensive'),
(1628, 'interaksi'),
(1457, 'interesting'),
(343, 'internet'),
(171, 'inti'),
(478, 'introductory'),
(1777, 'ipm'),
(29, 'iptek'),
(1033, 'irfin'),
(1301, 'irwan'),
(1155, 'isi'),
(1666, 'islam'),
(146, 'istining'),
(284, 'istri'),
(352, 'itu'),
(267, 'jadi'),
(1411, 'jaga'),
(1237, 'jahe'),
(842, 'jalan'),
(954, 'jalur'),
(944, 'jalur-jalur'),
(1204, 'jam'),
(1623, 'jamaah'),
(358, 'jaman'),
(362, 'jamannya'),
(841, 'jamaah'),
(893, 'jannah'),
(1398, 'jaringan'),
(865, 'jasmani'),
(592, 'jatrifia'),
(190, 'jawab'),
(1146, 'jawabnya'),
(1189, 'jenis'),
(80, 'jika'),
(1176, 'jka'),
(1503, 'joko'),
(1325, 'joni'),
(1469, 'joyogrand'),
(243, 'jual'),
(1051, 'judul'),
(50, 'juga'),
(1522, 'jujur'),
(601, 'jumlah'),
(1081, 'jumlahnya'),
(1079, 'jumat'),
(1578, 'jurusan'),
(714, 'kab'),
(1769, 'kabmalang'),
(347, 'kabupaten'),
(1362, 'kadek'),
(1786, 'kader'),
(1093, 'kalangan'),
(1391, 'kalaulah'),
(708, 'kaliasri'),
(754, 'kaliasriterus'),
(713, 'kalipare'),
(1467, 'kampung'),
(721, 'kanak'),
(1686, 'kanak-kanak'),
(1693, 'kanakkanak'),
(843, 'kanjuruhan'),
(1782, 'kapita'),
(1592, 'karakter'),
(1175, 'karakteristik'),
(1722, 'karangbesuki'),
(70, 'kardus'),
(262, 'karena'),
(446, 'kartika'),
(1474, 'karya'),
(1545, 'kasus'),
(82, 'katering'),
(1223, 'katup'),
(157, 'kaum'),
(1672, 'keadilan'),
(360, 'keahlian'),
(736, 'kearah'),
(731, 'kebanyakan'),
(1348, 'keberhasilan'),
(1643, 'keberlanjutan'),
(1676, 'kebersamaan'),
(1663, 'kebijakan'),
(307, 'kebutuhan'),
(1826, 'kebutuhannya'),
(801, 'kec'),
(105, 'kecamatan'),
(1329, 'kecil'),
(788, 'keclowokwaru'),
(1768, 'kecturen'),
(1211, 'kecuali'),
(183, 'kedua'),
(501, 'kedungkandang'),
(20, 'kegiatan'),
(926, 'kegiatannya'),
(378, 'kegiatantujuan'),
(1633, 'kehidupan'),
(400, 'keikutsertaan'),
(836, 'keilmuan'),
(949, 'kejahatan'),
(1214, 'kekurangan'),
(799, 'kel'),
(1049, 'kelas'),
(1490, 'kelayakan'),
(787, 'kelmerjosari'),
(155, 'kelompok'),
(956, 'keluar'),
(1193, 'keluaran'),
(184, 'keluarga'),
(296, 'keluarganya'),
(103, 'kelurahan'),
(979, 'kemampuan'),
(831, 'kemampuannya'),
(38, 'kemasan'),
(863, 'kemasyarakatan'),
(1420, 'kembalikan'),
(1516, 'kembangkan'),
(1673, 'kemiskinan'),
(1812, 'kemunduran'),
(991, 'kemungkinan'),
(1153, 'kendali'),
(1654, 'keniscayaan'),
(33, 'kepada'),
(1702, 'kepala'),
(974, 'kepedulian'),
(1385, 'kepercayaan'),
(295, 'keperluan'),
(1390, 'keras'),
(946, 'kerawanan'),
(46, 'kerja'),
(1537, 'kerjasama'),
(389, 'kerugian'),
(915, 'kesadaran'),
(869, 'kesehatan'),
(1653, 'kesejahtera'),
(192, 'kesejahteraan'),
(408, 'keseluruhan'),
(1352, 'kesempatan'),
(1669, 'kesempurnaan'),
(1368, 'ketawang'),
(1104, 'keteknikan'),
(596, 'ketenagakerjaan'),
(27, 'keterampilan'),
(1351, 'keterbatasan'),
(1149, 'ketersediaan'),
(1128, 'ketidak'),
(703, 'ketinggian'),
(163, 'ketrampilan'),
(303, 'keuangan'),
(1621, 'keungan'),
(388, 'keuntungan'),
(634, 'kewajiban'),
(164, 'kewirausahaan'),
(1465, 'khabibah'),
(263, 'khalayak'),
(933, 'khambali'),
(653, 'khusus'),
(30, 'khususnya'),
(98, 'kiat'),
(1030, 'kimia'),
(458, 'kindergarten'),
(460, 'kindergartens'),
(1562, 'kiranya'),
(1419, 'kita'),
(1226, 'klep'),
(106, 'klojen'),
(540, 'knowledge'),
(943, 'kodya'),
(1231, 'koesmarijanto'),
(1808, 'kolesterol'),
(918, 'komersial'),
(156, 'komisi'),
(673, 'komite'),
(742, 'kompeten'),
(1036, 'kompetensi'),
(962, 'komplek'),
(1374, 'komuditas'),
(309, 'kondisi'),
(993, 'konduksif'),
(395, 'kondusif'),
(166, 'konsep'),
(1670, 'konsepnya'),
(1813, 'konsistensi'),
(1000, 'konsultasi'),
(74, 'konsumen'),
(1202, 'konsumsi'),
(329, 'kontribusi'),
(922, 'koordinasi'),
(107, 'kota'),
(1220, 'kran'),
(196, 'kreatifitas'),
(169, 'kreativitas'),
(1506, 'kristianingsih'),
(680, 'kriya'),
(496, 'kualitas'),
(281, 'kumpulan'),
(1707, 'kun'),
(760, 'kurang'),
(322, 'kurangnya'),
(859, 'kurikuler'),
(1586, 'kurikulum'),
(10, 'label'),
(1565, 'lagi'),
(747, 'lain'),
(873, 'lainnya'),
(1740, 'lakukan'),
(1222, 'lama'),
(884, 'lampu'),
(260, 'lancar'),
(239, 'langsung'),
(1442, 'language'),
(1816, 'lanjut'),
(1765, 'lansia'),
(610, 'lapangan'),
(377, 'laporan'),
(793, 'las'),
(1792, 'latar'),
(514, 'law'),
(1429, 'laying'),
(466, 'learning'),
(76, 'lebih'),
(701, 'ledder'),
(1102, 'lembaga'),
(401, 'lengkap'),
(1423, 'lestari'),
(1159, 'level'),
(1760, 'lia'),
(1134, 'libur'),
(639, 'lilies'),
(89, 'lina'),
(937, 'lingkungan'),
(977, 'lingkungannya'),
(387, 'lingkup'),
(1270, 'liquid'),
(896, 'lisa'),
(638, 'lisan'),
(783, 'listrik'),
(530, 'located'),
(552, 'lockers'),
(1230, 'lokasi'),
(1141, 'lokasinya'),
(676, 'lowokwaru'),
(802, 'lowokwaru-malang'),
(912, 'luangnya'),
(1400, 'luas'),
(359, 'lulusan'),
(1579, 'lumajang'),
(1281, 'made'),
(84, 'maharani'),
(1095, 'mahasiswa'),
(1359, 'mahmudatul'),
(1684, 'mainan'),
(629, 'majikan'),
(353, 'maka'),
(1796, 'makan'),
(101, 'makanan'),
(484, 'making'),
(1180, 'maksimalnya'),
(885, 'malam'),
(5, 'malang'),
(266, 'mampu'),
(1191, 'mampunyai'),
(536, 'managed'),
(142, 'management'),
(559, 'manager'),
(554, 'managers'),
(1543, 'manajeman'),
(1514, 'manajemanen'),
(275, 'manajemen'),
(153, 'mandiri'),
(1511, 'mandor'),
(42, 'manfaat'),
(1776, 'manuasia'),
(1296, 'manufacture'),
(607, 'manusia'),
(160, 'maranatha'),
(1267, 'market'),
(297, 'masalah'),
(244, 'masih'),
(785, 'masjid'),
(339, 'maskan'),
(698, 'maskuri'),
(1358, 'masreviastuti'),
(955, 'masuk'),
(22, 'masyarakat'),
(1582, 'mata'),
(1123, 'matahari'),
(162, 'materi'),
(122, 'material'),
(481, 'materials'),
(406, 'materinya'),
(291, 'maupun'),
(568, 'measured'),
(795, 'meberikan'),
(381, 'media'),
(1246, 'medicine'),
(533, 'meeting'),
(253, 'meja'),
(1174, 'mekanis'),
(927, 'melaksanakan'),
(998, 'melakukan'),
(193, 'melalui'),
(1393, 'melangar'),
(499, 'melati'),
(1507, 'melaui'),
(1780, 'melek'),
(1179, 'melewati'),
(1785, 'melibatkan'),
(1018, 'melihat'),
(384, 'meliputi'),
(899, 'melon'),
(1747, 'memadai'),
(882, 'memakmurkan'),
(380, 'memanfaatkan'),
(1800, 'memantau'),
(1106, 'memasang'),
(1371, 'memasukira'),
(854, 'membaca'),
(976, 'membangun'),
(201, 'membantu'),
(953, 'membatasi'),
(426, 'membawa'),
(1554, 'membekali'),
(227, 'membentuk'),
(167, 'memberdayakan'),
(25, 'memberikan'),
(143, 'members'),
(1356, 'membina'),
(37, 'membuat'),
(1495, 'membuka'),
(951, 'membutuhkan'),
(1546, 'memecahkan'),
(751, 'memerlukan'),
(81, 'memesan'),
(1084, 'memfasilitasi'),
(1799, 'memfokuskan'),
(194, 'memicu'),
(51, 'memiliki'),
(986, 'memilikinya'),
(1564, 'memotivasi'),
(1744, 'mempelajari'),
(1508, 'mempercepat'),
(1566, 'memperdalam'),
(1603, 'memperkaya'),
(692, 'memperoleh'),
(924, 'mempersiapkan'),
(390, 'mempraktekkan'),
(187, 'mempunyai'),
(631, 'memuat'),
(100, 'memulai'),
(870, 'memungkinkan'),
(864, 'menambah'),
(1473, 'menambahkan'),
(1725, 'menangkap'),
(72, 'menarik'),
(325, 'mencapai'),
(1589, 'mencari'),
(1755, 'mencarikan'),
(917, 'menciptakan'),
(971, 'mendapat'),
(53, 'mendapatkan'),
(330, 'mendasar'),
(683, 'mendatangkan'),
(1639, 'mendengarkan'),
(61, 'mendesain'),
(738, 'mendirikan'),
(748, 'mendukung'),
(1212, 'mendung'),
(1379, 'menembus'),
(651, 'menemukan'),
(1343, 'menengah'),
(1044, 'menerapkan'),
(627, 'menerima'),
(834, 'menerus'),
(921, 'mengadakan'),
(1648, 'mengais'),
(750, 'mengajar'),
(1732, 'mengajari'),
(1811, 'mengalami'),
(992, 'mengali'),
(1227, 'mengalir'),
(690, 'mengaplikasikan'),
(1213, 'mengatasi'),
(1185, 'mengatur'),
(285, 'mengelola'),
(791, 'mengenai'),
(1594, 'mengenal'),
(1042, 'mengenalkan'),
(1548, 'mengerjakan'),
(78, 'mengetahui'),
(928, 'mengevaluasi'),
(923, 'menggali'),
(1652, 'menggapai'),
(1498, 'menggembirakan'),
(11, 'menggunakan'),
(1331, 'menghadapi'),
(438, 'menghadirkan'),
(242, 'menghasilkan'),
(1108, 'menghemat'),
(1148, 'menghidupkan'),
(1527, 'menghimpun'),
(1345, 'menghindari'),
(79, 'menghubungi'),
(623, 'mengikatkatkan'),
(1646, 'mengingat'),
(1209, 'mengisi'),
(929, 'mengobservasi'),
(225, 'mengolah'),
(1602, 'menguatkan'),
(948, 'mengurangi'),
(1154, 'menhidupkan'),
(1630, 'menimba'),
(945, 'menimbulkan'),
(1080, 'meningkat'),
(213, 'meningkatkan'),
(1198, 'menit'),
(988, 'menjadi'),
(980, 'menjaga'),
(209, 'menjalankan'),
(1338, 'menjawab'),
(1519, 'mental'),
(1045, 'menularkan'),
(855, 'menulis'),
(1515, 'menumbuh'),
(1536, 'menumbuhkan'),
(1188, 'menyala'),
(1086, 'menyambut'),
(728, 'menyediakan'),
(396, 'menyenangkan'),
(264, 'menyerap'),
(1005, 'menyiapkan'),
(216, 'merajut'),
(1010, 'merakit'),
(925, 'merancang'),
(1496, 'merangkai'),
(769, 'merasa'),
(179, 'mereka'),
(324, 'merencanakan'),
(500, 'mergosono'),
(800, 'merjosari'),
(1069, 'merjosari-'),
(280, 'merupakan'),
(1407, 'merusak'),
(694, 'mesin'),
(1555, 'meskipun'),
(1197, 'meter'),
(539, 'method'),
(354, 'metode'),
(1466, 'mewujudkan'),
(1609, 'mgmp'),
(1307, 'microsoft'),
(1319, 'middle'),
(1789, 'miliknya'),
(73, 'minat'),
(368, 'minggu'),
(753, 'minim'),
(1178, 'minimalnya'),
(838, 'misalnya'),
(331, 'mitra'),
(1375, 'modal'),
(435, 'model'),
(204, 'modul'),
(338, 'mohammad'),
(1040, 'mojoanyar'),
(1054, 'mojoanyar'),
(1041, 'mojokerto'),
(968, 'mojolangu'),
(940, 'moolangu'),
(1316, 'mosque'),
(1277, 'mothers'),
(195, 'motivasi'),
(1318, 'motivation'),
(1437, 'motivational'),
(1067, 'motor'),
(1425, 'motorik'),
(1632, 'muammalah'),
(1585, 'muatan'),
(1749, 'muda'),
(77, 'mudah'),
(1625, 'muhajirin'),
(449, 'muhammad'),
(346, 'mujahidin'),
(402, 'mulai'),
(1090, 'multifungsi'),
(1570, 'mulyono'),
(1239, 'mulyorejo'),
(1315, 'muminun'),
(431, 'munculnya'),
(766, 'mungkin'),
(1683, 'muqit'),
(1591, 'murid'),
(1125, 'musholla'),
(1072, 'muslim'),
(1708, 'mustain'),
(644, 'mustofa'),
(1617, 'muwidha'),
(1305, 'muminun'),
(188, 'naluri'),
(1384, 'nama'),
(1403, 'namanya'),
(1410, 'namun'),
(1587, 'nasional'),
(515, 'national'),
(599, 'negara'),
(4, 'negeri'),
(1314, 'neighborhood'),
(883, 'net'),
(879, 'netnya'),
(149, 'niaga'),
(234, 'nilai'),
(94, 'nilawati'),
(1597, 'nirlaba'),
(1047, 'nomer'),
(417, 'nomor'),
(1263, 'non-nutrients'),
(1557, 'nonformal'),
(1298, 'noor'),
(369, 'nopember'),
(1502, 'novianto'),
(591, 'novitasari'),
(811, 'nugroho'),
(640, 'nur'),
(1620, 'nurafni'),
(1422, 'nurani'),
(643, 'nurbaya'),
(695, 'nurchajat'),
(410, 'nurtjahjani'),
(1262, 'nutrients'),
(1355, 'nyata'),
(577, 'objectives'),
(987, 'objek'),
(999, 'observasi'),
(561, 'obstacles'),
(1664, 'obyek'),
(1255, 'offered'),
(1308, 'office'),
(1249, 'oils'),
(866, 'olah'),
(815, 'olahraga'),
(67, 'oleh'),
(1250, 'oleoresin'),
(1328, 'omzet'),
(593, 'ongga'),
(337, 'online'),
(128, 'open'),
(757, 'operasional'),
(1320, 'operate'),
(131, 'opportunities'),
(1297, 'opportunity'),
(851, 'orang'),
(1544, 'organisasi'),
(902, 'otomatis'),
(705, 'otot'),
(861, 'outdoor'),
(1323, 'overcome'),
(1804, 'pad'),
(13, 'pada'),
(1574, 'padma'),
(1382, 'paling'),
(1205, 'panel'),
(1016, 'panjang'),
(1126, 'pantai'),
(14, 'panti'),
(1640, 'paparan'),
(197, 'para'),
(518, 'paragraph'),
(1282, 'participant'),
(144, 'participants'),
(571, 'participating'),
(1801, 'partisipasi'),
(1455, 'partners'),
(595, 'pasal'),
(877, 'pasang'),
(245, 'pasar'),
(1215, 'pasokan'),
(223, 'pattern'),
(497, 'paud'),
(1531, 'pecahan'),
(733, 'pedesaan'),
(830, 'pejuang'),
(613, 'pekerja'),
(1509, 'pekerjaan'),
(1613, 'pel'),
(662, 'pelajar'),
(1583, 'pelajaran'),
(1739, 'pelaksana'),
(761, 'pelaksanaan'),
(439, 'pelaku'),
(1665, 'pelakunya'),
(1171, 'pelampung'),
(1427, 'pelangi'),
(8, 'pelatihan'),
(755, 'pelayanan'),
(152, 'peluang'),
(323, 'pemahaman'),
(1111, 'pemakaian'),
(1022, 'pemasangan'),
(276, 'pemasaran'),
(1606, 'pemateri'),
(660, 'pembahasan'),
(1163, 'pembanding'),
(1773, 'pembangunan'),
(206, 'pembekalan'),
(342, 'pembelajaran'),
(382, 'pembelajaranmateri'),
(150, 'pemberdayaan'),
(654, 'pembinaan'),
(376, 'pembuatan'),
(1651, 'pemenuhan'),
(1766, 'pemeriksaan'),
(726, 'pemerintah'),
(1598, 'pemerintahan'),
(1139, 'pemilik'),
(941, 'pemukiman'),
(1818, 'penanganan'),
(1145, 'penanggung'),
(950, 'pencurian'),
(1479, 'pendahuluan'),
(978, 'pendamping'),
(1526, 'pendapat'),
(287, 'pendapatan'),
(1096, 'pendatang'),
(506, 'pendidik'),
(502, 'pendidikan'),
(602, 'penduduk'),
(872, 'pendukung'),
(1662, 'penentu'),
(1120, 'penerapan'),
(288, 'penerimaan'),
(828, 'penerus'),
(1181, 'penetapan'),
(21, 'pengabdian'),
(814, 'pengadaan'),
(1723, 'pengajaran'),
(1735, 'pengajarannya'),
(1624, 'pengajian'),
(335, 'pengalaman'),
(768, 'pengapdian'),
(1065, 'pengapian'),
(97, 'pengarahan'),
(947, 'pengawasan'),
(54, 'pengayaan'),
(780, 'pengelasan'),
(1692, 'pengelola'),
(314, 'pengelolaan'),
(293, 'pengeluaran'),
(648, 'pengembangan'),
(919, 'pengenalan'),
(385, 'pengertian'),
(56, 'pengetahuan'),
(1341, 'penggerak'),
(1689, 'penggunaan'),
(681, 'penghasilan'),
(1207, 'pengisian'),
(704, 'penguatan'),
(1218, 'pengunjung'),
(1082, 'pengurus'),
(614, 'pengusaha'),
(1703, 'penilik'),
(1822, 'penimbangan'),
(328, 'peningkatan'),
(952, 'penjagaan'),
(1381, 'penjuru'),
(1063, 'penstabil'),
(964, 'penting'),
(211, 'pentingnya'),
(1688, 'pentingya'),
(763, 'penunjang'),
(1487, 'penyampaian'),
(1657, 'penyediaan'),
(1491, 'penyerapan'),
(901, 'penyiraman'),
(332, 'penyuluhan'),
(1530, 'penyusunan'),
(1661, 'peran'),
(1724, 'peranan'),
(781, 'perawatan'),
(805, 'perbaikan'),
(202, 'perekonomian'),
(316, 'perencanaan'),
(1373, 'pergerakan'),
(1097, 'perguruan'),
(972, 'perhatian'),
(1518, 'perilaku'),
(628, 'perintah'),
(935, 'perintis'),
(582, 'periodically'),
(616, 'perjanjian'),
(357, 'perkembangan'),
(1199, 'perkiraan'),
(887, 'perlengkapan'),
(659, 'perlombaan'),
(868, 'perlu'),
(1825, 'perlukan'),
(973, 'perlunya'),
(1721, 'permai'),
(1426, 'permainan'),
(320, 'permasalahan'),
(1820, 'permasalahannya'),
(1177, 'permukaan'),
(1475, 'pernikahan'),
(1333, 'persaingan'),
(707, 'persatuan'),
(621, 'persetujuan'),
(375, 'persiapan'),
(740, 'persyaratan'),
(205, 'pertama'),
(1821, 'pertambahan'),
(1641, 'pertanyaan'),
(1002, 'pertemuan'),
(178, 'pertimbangan'),
(229, 'pertolongan'),
(428, 'perubahan'),
(963, 'perumahan'),
(1392, 'perusahaan'),
(1416, 'perusahan'),
(350, 'peserta'),
(1608, 'pesertanya'),
(1431, 'physical'),
(49, 'pihak'),
(151, 'pilihan'),
(1563, 'pimpinan'),
(1196, 'pipa'),
(102, 'pkk'),
(161, 'pkm'),
(1048, 'pl21'),
(120, 'places'),
(488, 'plan'),
(486, 'planning'),
(718, 'play'),
(739, 'playgrup'),
(1310, 'point'),
(1795, 'pola'),
(1100, 'polinema'),
(3, 'politeknik'),
(903, 'polybag'),
(1121, 'pompa'),
(894, 'pondi'),
(880, 'portable'),
(936, 'portal'),
(529, 'pos'),
(299, 'pos-pos'),
(1182, 'posisi'),
(1264, 'positive'),
(1771, 'posyandu'),
(168, 'potensi'),
(246, 'potensial'),
(1357, 'potensinya'),
(132, 'potential'),
(1272, 'powder'),
(1309, 'power'),
(1304, 'powerpoint'),
(1115, 'pracoyo'),
(482, 'practical'),
(797, 'praktek'),
(1415, 'praktik'),
(688, 'praktikum'),
(437, 'praktis'),
(1085, 'prasarana'),
(715, 'prasekolah'),
(1709, 'prasetyo'),
(1031, 'prayitno'),
(117, 'preparation'),
(1303, 'presentasi'),
(1326, 'pribadi'),
(538, 'principles'),
(1365, 'prinsip'),
(1819, 'prioritas'),
(1593, 'privat'),
(459, 'private'),
(1034, 'priya'),
(541, 'problems'),
(471, 'process'),
(546, 'procurement'),
(134, 'produce'),
(1257, 'products'),
(39, 'produk'),
(1236, 'produksi'),
(52, 'produktif'),
(677, 'program'),
(1011, 'prosedur'),
(348, 'proses'),
(1274, 'provide'),
(1284, 'provided'),
(565, 'providing'),
(480, 'provision'),
(1510, 'proyek'),
(1549, 'proyek-2'),
(1266, 'public'),
(1576, 'publik'),
(668, 'pudji'),
(182, 'punggung'),
(1397, 'punya'),
(1757, 'purnomo'),
(1711, 'purwaningsih'),
(597, 'purwantoro'),
(1070, 'pusat'),
(774, 'puspito'),
(498, 'putih'),
(16, 'putri'),
(469, 'quality'),
(1535, 'quare'),
(140, 'questions'),
(856, 'quran'),
(867, 'raga'),
(685, 'rajut'),
(278, 'raket'),
(1217, 'ramai'),
(1012, 'rancangan'),
(523, 'range'),
(965, 'rangka'),
(1152, 'rangkaian'),
(1210, 'rata-rata'),
(1136, 'raya'),
(1604, 'referensi'),
(535, 'regard'),
(1539, 'rekan'),
(1062, 'rekayasa'),
(566, 'related'),
(1167, 'rele'),
(1559, 'relevan'),
(1441, 'religion'),
(784, 'remaja'),
(86, 'rena'),
(1802, 'rendah'),
(905, 'rengel'),
(1701, 'respon'),
(555, 'result'),
(557, 'results'),
(1478, 'riset'),
(1758, 'rita'),
(777, 'riyanto'),
(1649, 'rizki'),
(1302, 'rohmanita'),
(1027, 'royong'),
(711, 'rt01'),
(845, 'rt05'),
(938, 'rt09'),
(386, 'ruang'),
(1671, 'ruh'),
(173, 'rumah'),
(1699, 'rusak'),
(290, 'rutin'),
(1306, 'rw-12'),
(846, 'rw03'),
(939, 'rw07'),
(1476, 'rw08'),
(1077, 'saat'),
(765, 'saja'),
(1165, 'saklar'),
(318, 'salah'),
(1706, 'salam'),
(622, 'saling'),
(1219, 'saluran'),
(47, 'sama'),
(1504, 'samboro'),
(403, 'sampai'),
(1043, 'samping'),
(776, 'samsul'),
(603, 'sangat'),
(1389, 'sangatlah'),
(1533, 'sangkar'),
(443, 'santoso'),
(821, 'santri'),
(1746, 'santrinya'),
(822, 'santriwati'),
(1388, 'santun'),
(691, 'sarana'),
(779, 'sarjiyana'),
(248, 'sarung'),
(177, 'sasaran'),
(570, 'satisfaction'),
(230, 'satu'),
(809, 'satworo'),
(464, 'school'),
(1312, 'school-aged'),
(798, 'sdm'),
(675, 'sdn'),
(180, 'sebagai'),
(1798, 'sebagaimana'),
(1001, 'sebagian'),
(1634, 'sebanyak'),
(1143, 'sebelah'),
(1477, 'sebelum'),
(1201, 'sebesar'),
(172, 'sebuah'),
(1003, 'sebulan'),
(200, 'secara'),
(1229, 'sedang'),
(214, 'sedangkan'),
(1380, 'segala'),
(1668, 'segenap'),
(1404, 'segera'),
(294, 'sehari-hari'),
(758, 'sehari-harinya'),
(311, 'seharusnya'),
(69, 'sehingga'),
(1568, 'sehubungan'),
(1073, 'seiring'),
(1658, 'sejahtera'),
(1413, 'sejauh'),
(1004, 'sekali'),
(829, 'sekaligus'),
(1099, 'sekitar'),
(756, 'sekitarnya'),
(674, 'sekolah'),
(1350, 'sektor'),
(1595, 'selain'),
(1330, 'selalu'),
(391, 'selama'),
(62, 'selanjutnya'),
(737, 'selatan'),
(461, 'selection'),
(407, 'selesai'),
(404, 'selesainya'),
(71, 'semakin'),
(1704, 'semaksimal'),
(1700, 'semangat'),
(1736, 'sempurna'),
(286, 'semua'),
(1691, 'senantiasa'),
(1409, 'sendiri'),
(228, 'sengkelit-sengkelit'),
(672, 'seni'),
(1376, 'seolah'),
(212, 'seorang'),
(969, 'sepakat'),
(617, 'seperti'),
(1612, 'september'),
(1590, 'serap'),
(1166, 'seri'),
(990, 'sering'),
(210, 'serta'),
(109, 'service'),
(1449, 'services'),
(995, 'sesama'),
(1538, 'sesame'),
(268, 'sesuai'),
(185, 'setelah'),
(1094, 'setempat'),
(959, 'setiap'),
(1117, 'setiawan'),
(333, 'sharing'),
(83, 'shinta'),
(1078, 'sholat'),
(888, 'shuttlecock'),
(1680, 'sigit'),
(1517, 'sikap'),
(581, 'similar'),
(1147, 'sinar'),
(594, 'sinatrya'),
(1056, 'singgih'),
(1803, 'singkat'),
(218, 'single'),
(1797, 'sisi'),
(432, 'sistem'),
(1038, 'siswa'),
(1060, 'siswoko'),
(642, 'siti'),
(1738, 'situasi'),
(392, 'situasinya'),
(1344, 'skala'),
(650, 'skill'),
(1276, 'skills'),
(1794, 'sma'),
(1577, 'smk'),
(1039, 'smkn'),
(1439, 'social'),
(649, 'soft'),
(32, 'software'),
(326, 'solusi'),
(1387, 'sopan'),
(862, 'sosial'),
(415, 'sosialisasi'),
(1463, 'special'),
(1243, 'spice'),
(1438, 'spiritual'),
(250, 'sprei'),
(222, 'square'),
(118, 'stage'),
(116, 'stages'),
(1013, 'standar'),
(524, 'stated'),
(551, 'storage'),
(1461, 'store'),
(1336, 'strategi'),
(572, 'students'),
(186, 'suami'),
(1363, 'suarjuna'),
(1556, 'suasana'),
(1629, 'suatu'),
(528, 'sub-district'),
(699, 'subagiyo'),
(1446, 'subdistrict'),
(1756, 'subekhi'),
(1058, 'subiyantoro'),
(574, 'submitted'),
(909, 'subyek'),
(136, 'success'),
(567, 'successful'),
(1024, 'sudah'),
(932, 'sudarmadji'),
(1035, 'sudarminto'),
(7, 'sudjanarti'),
(890, 'sugeng'),
(573, 'suggestions'),
(1234, 'suharto'),
(99, 'sukses'),
(1240, 'sukun'),
(445, 'sulasari'),
(934, 'sulistyono'),
(605, 'sumber'),
(1528, 'sumber-sumber'),
(1573, 'sumiadji'),
(112, 'sunday'),
(1119, 'sungkono'),
(1256, 'supplement'),
(534, 'surrounding'),
(1206, 'surya'),
(671, 'suryanto'),
(1417, 'susah'),
(891, 'susilo'),
(1164, 'susunan'),
(341, 'suyono'),
(734, 'swakelola'),
(725, 'swasembada'),
(807, 'syah'),
(632, 'syarat-syarat'),
(1622, 'syariah'),
(517, 'system'),
(1273, 'tablets'),
(372, 'tahap'),
(418, 'tahun'),
(1727, 'takmir'),
(1029, 'takwanto'),
(931, 'takwin'),
(1173, 'tali'),
(1767, 'talok'),
(720, 'taman'),
(682, 'tambahan'),
(1087, 'tamu'),
(1156, 'tandon'),
(174, 'tangga'),
(1610, 'tanggal'),
(1750, 'tangguh'),
(1659, 'tanggung'),
(910, 'tani'),
(1377, 'tanpa'),
(1332, 'tantangan'),
(399, 'tanya'),
(1558, 'tapi'),
(252, 'taplak'),
(1453, 'target'),
(453, 'targets'),
(1505, 'tatiana'),
(1083, 'tamir'),
(454, 'teachers'),
(584, 'teaching'),
(1064, 'tegangan'),
(1805, 'tekanan'),
(217, 'teknik'),
(1052, 'teknis'),
(1560, 'teknisnya'),
(424, 'teknologi'),
(57, 'teknonogi'),
(1814, 'tekstur'),
(1370, 'telah'),
(1232, 'telekomunikasi'),
(1008, 'tempat'),
(608, 'tenaga'),
(279, 'tenis'),
(58, 'tentang'),
(764, 'tentu'),
(1406, 'tentunya'),
(207, 'teoretis'),
(796, 'teori'),
(317, 'tepat'),
(1615, 'ter-update'),
(1827, 'terabaikan'),
(1745, 'terampil'),
(1208, 'terang'),
(1685, 'terapi'),
(370, 'terbagi'),
(770, 'terbantu'),
(436, 'terbaru'),
(1347, 'tercapai'),
(1774, 'tercermin'),
(722, 'terdapat'),
(373, 'terdiri'),
(1160, 'terendah'),
(1471, 'tergabung'),
(1194, 'tergantung'),
(1743, 'tergolong'),
(191, 'terhadap'),
(1172, 'terhubung'),
(301, 'terjadi'),
(994, 'terjadinya'),
(1150, 'terjaga'),
(393, 'terjalin'),
(45, 'terjalinnya'),
(363, 'terkait'),
(1726, 'terkecuali'),
(803, 'terlatihnya'),
(735, 'terletak'),
(984, 'terlibatnya'),
(397, 'terlihat'),
(1631, 'termasuk'),
(562, 'terms'),
(1346, 'terobosan'),
(782, 'terop'),
(1772, 'terpadu'),
(983, 'terpelihara'),
(308, 'terpenuhi'),
(365, 'tersebut'),
(1698, 'tersedia'),
(1130, 'tersedianya'),
(1399, 'tersendiri'),
(1405, 'tersiar'),
(958, 'tertentu'),
(637, 'tertulias'),
(833, 'terus'),
(1131, 'terutama'),
(982, 'tetap'),
(1129, 'tetapan'),
(837, 'tetapi'),
(1293, 'theory'),
(1435, 'thought'),
(878, 'tiang'),
(292, 'tidak'),
(1720, 'tidar'),
(857, 'tilawati'),
(1605, 'tim'),
(1547, 'timbul'),
(575, 'time'),
(1098, 'tinggi'),
(730, 'tingkat'),
(208, 'tips'),
(587, 'titien'),
(820, 'tlogomas'),
(1252, 'today'),
(487, 'topic'),
(1225, 'tosen'),
(1718, 'tpa'),
(823, 'tpq'),
(1245, 'traditionally'),
(129, 'trainees'),
(483, 'training'),
(420, 'transaksi'),
(349, 'transfer'),
(1696, 'treatment'),
(91, 'tri'),
(271, 'trievena'),
(85, 'trivena'),
(906, 'tuban'),
(282, 'tugas'),
(18, 'tujuan'),
(1512, 'tukang'),
(181, 'tulang'),
(361, 'tuntutan'),
(1458, 'turn'),
(1730, 'tutor'),
(1712, 'tutuk'),
(1242, 'type'),
(895, 'udianto'),
(1482, 'uji'),
(1784, 'ukbm'),
(1015, 'ukuran'),
(1656, 'ukurannnya'),
(710, 'umbuldawe'),
(1464, 'umi'),
(981, 'umum'),
(723, 'umumnya'),
(1778, 'umur'),
(416, 'undang-undang'),
(1288, 'understanding'),
(1127, 'ungapan'),
(1445, 'uniqueness'),
(40, 'unit'),
(60, 'untuk'),
(630, 'upah'),
(495, 'upaya'),
(1810, 'urat'),
(41, 'usaha'),
(1349, 'usahanya'),
(504, 'usia'),
(848, 'ustadz'),
(849, 'ustadzah'),
(1616, 'usulan'),
(852, 'utama'),
(283, 'utamanya'),
(1144, 'utara'),
(133, 'utilized'),
(2, 'utomo'),
(806, 'utsman'),
(881, 'variasi'),
(450, 'video'),
(1278, 'village'),
(696, 'vinan'),
(697, 'viyus'),
(1187, 'volt'),
(661, 'wacana'),
(667, 'wahyu'),
(1584, 'wajib'),
(911, 'waktu'),
(957, 'waktu-waktu'),
(966, 'waktuwaktu'),
(840, 'wal'),
(1412, 'walaupun'),
(819, 'waljamaah'),
(158, 'wanita'),
(147, 'wardani'),
(967, 'warga'),
(1014, 'warna'),
(1140, 'warung'),
(1244, 'widely'),
(414, 'widiyowati'),
(1713, 'widowati'),
(88, 'wijayanti'),
(942, 'wilayah'),
(1340, 'wirausahawan'),
(1124, 'wudhu'),
(224, 'yaitu'),
(1105, 'yakni'),
(43, 'yang'),
(345, 'yayasan'),
(510, 'years'),
(494, 'yosi'),
(656, 'ypac'),
(1059, 'yulianto'),
(92, 'yulistyawati'),
(1619, 'yusna'),
(892, 'zahratul'),
(1032, 'zakijah'),
(772, 'hang');

-- --------------------------------------------------------

--
-- Struktur dari tabel `submission_search_objects`
--

CREATE TABLE `submission_search_objects` (
  `object_id` bigint(20) NOT NULL,
  `submission_id` bigint(20) NOT NULL,
  `type` int(11) NOT NULL,
  `assoc_id` bigint(20) DEFAULT NULL
) ENGINE=InnoDB DEFAULT CHARSET=utf8;

--
-- Dumping data untuk tabel `submission_search_objects`
--

INSERT INTO `submission_search_objects` (`object_id`, `submission_id`, `type`, `assoc_id`) VALUES
(1, 6, 1, 0),
(2, 6, 2, 0),
(3, 6, 4, 0),
(4, 6, 8, 0),
(5, 6, 16, 0),
(6, 6, 32, 0),
(7, 6, 64, 0),
(8, 7, 1, 0),
(9, 7, 2, 0),
(10, 7, 4, 0),
(11, 7, 8, 0),
(12, 7, 16, 0),
(13, 7, 32, 0),
(14, 7, 64, 0),
(15, 8, 1, 0),
(16, 8, 2, 0),
(17, 8, 4, 0),
(18, 8, 8, 0),
(19, 8, 16, 0),
(20, 8, 32, 0),
(21, 8, 64, 0),
(22, 10, 1, 0),
(23, 10, 2, 0),
(24, 10, 4, 0),
(25, 10, 8, 0),
(26, 10, 16, 0),
(27, 10, 32, 0),
(28, 10, 64, 0),
(29, 11, 1, 0),
(30, 11, 2, 0),
(31, 11, 4, 0),
(32, 11, 8, 0),
(33, 11, 16, 0),
(34, 11, 32, 0),
(35, 11, 64, 0),
(36, 12, 1, 0),
(37, 12, 2, 0),
(38, 12, 4, 0),
(39, 12, 8, 0),
(40, 12, 16, 0),
(41, 12, 32, 0),
(42, 12, 64, 0),
(43, 13, 1, 0),
(44, 13, 2, 0),
(45, 13, 4, 0),
(46, 13, 8, 0),
(47, 13, 16, 0),
(48, 13, 32, 0),
(49, 13, 64, 0),
(50, 14, 1, 0),
(51, 14, 2, 0),
(52, 14, 4, 0),
(53, 14, 8, 0),
(54, 14, 16, 0),
(55, 14, 32, 0),
(56, 14, 64, 0),
(57, 15, 1, 0),
(58, 15, 2, 0),
(59, 15, 4, 0),
(60, 15, 8, 0),
(61, 15, 16, 0),
(62, 15, 32, 0),
(63, 15, 64, 0),
(64, 16, 1, 0),
(65, 16, 2, 0),
(66, 16, 4, 0),
(67, 16, 8, 0),
(68, 16, 16, 0),
(69, 16, 32, 0),
(70, 16, 64, 0),
(71, 17, 1, 0),
(72, 17, 2, 0),
(73, 17, 4, 0),
(74, 17, 8, 0),
(75, 17, 16, 0),
(76, 17, 32, 0),
(77, 17, 64, 0),
(78, 18, 1, 0),
(79, 18, 2, 0),
(80, 18, 4, 0),
(81, 18, 8, 0),
(82, 18, 16, 0),
(83, 18, 32, 0),
(84, 18, 64, 0),
(85, 19, 1, 0),
(86, 19, 2, 0),
(87, 19, 4, 0),
(88, 19, 8, 0),
(89, 19, 16, 0),
(90, 19, 32, 0),
(91, 19, 64, 0),
(92, 20, 1, 0),
(93, 20, 2, 0),
(94, 20, 4, 0),
(95, 20, 8, 0),
(96, 20, 16, 0),
(97, 20, 32, 0),
(98, 20, 64, 0),
(99, 21, 1, 0),
(100, 21, 2, 0),
(101, 21, 4, 0),
(102, 21, 8, 0),
(103, 21, 16, 0),
(104, 21, 32, 0),
(105, 21, 64, 0),
(106, 22, 1, 0),
(107, 22, 2, 0),
(108, 22, 4, 0),
(109, 22, 8, 0),
(110, 22, 16, 0),
(111, 22, 32, 0),
(112, 22, 64, 0),
(113, 23, 1, 0),
(114, 23, 2, 0),
(115, 23, 4, 0),
(116, 23, 8, 0),
(117, 23, 16, 0),
(118, 23, 32, 0),
(119, 23, 64, 0),
(120, 24, 1, 0),
(121, 24, 2, 0),
(122, 24, 4, 0),
(123, 24, 8, 0),
(124, 24, 16, 0),
(125, 24, 32, 0),
(126, 24, 64, 0),
(127, 25, 1, 0),
(128, 25, 2, 0),
(129, 25, 4, 0),
(130, 25, 8, 0),
(131, 25, 16, 0),
(132, 25, 32, 0),
(133, 25, 64, 0),
(134, 26, 1, 0),
(135, 26, 2, 0),
(136, 26, 4, 0),
(137, 26, 8, 0),
(138, 26, 16, 0),
(139, 26, 32, 0),
(140, 26, 64, 0),
(141, 27, 1, 0),
(142, 27, 2, 0),
(143, 27, 4, 0),
(144, 27, 8, 0),
(145, 27, 16, 0),
(146, 27, 32, 0),
(147, 27, 64, 0),
(148, 28, 1, 0),
(149, 28, 2, 0),
(150, 28, 4, 0),
(151, 28, 8, 0),
(152, 28, 16, 0),
(153, 28, 32, 0),
(154, 28, 64, 0),
(155, 29, 1, 0),
(156, 29, 2, 0),
(157, 29, 4, 0),
(158, 29, 8, 0),
(159, 29, 16, 0),
(160, 29, 32, 0),
(161, 29, 64, 0),
(162, 30, 1, 0),
(163, 30, 2, 0),
(164, 30, 4, 0),
(165, 30, 8, 0),
(166, 30, 16, 0),
(167, 30, 32, 0),
(168, 30, 64, 0),
(169, 31, 1, 0),
(170, 31, 2, 0),
(171, 31, 4, 0),
(172, 31, 8, 0),
(173, 31, 16, 0),
(174, 31, 32, 0),
(175, 31, 64, 0),
(176, 32, 1, 0),
(177, 32, 2, 0),
(178, 32, 4, 0),
(179, 32, 8, 0),
(180, 32, 16, 0),
(181, 32, 32, 0),
(182, 32, 64, 0),
(183, 33, 1, 0),
(184, 33, 2, 0),
(185, 33, 4, 0),
(186, 33, 8, 0),
(187, 33, 16, 0),
(188, 33, 32, 0),
(189, 33, 64, 0),
(190, 34, 1, 0),
(191, 34, 2, 0),
(192, 34, 4, 0),
(193, 34, 8, 0),
(194, 34, 16, 0),
(195, 34, 32, 0),
(196, 34, 64, 0),
(197, 35, 1, 0),
(198, 35, 2, 0),
(199, 35, 4, 0),
(200, 35, 8, 0),
(201, 35, 16, 0),
(202, 35, 32, 0),
(203, 35, 64, 0),
(204, 36, 1, 0),
(205, 36, 2, 0),
(206, 36, 4, 0),
(207, 36, 8, 0),
(208, 36, 16, 0),
(209, 36, 32, 0),
(210, 36, 64, 0),
(211, 37, 1, 0),
(212, 37, 2, 0),
(213, 37, 4, 0),
(214, 37, 8, 0),
(215, 37, 16, 0),
(216, 37, 32, 0),
(217, 37, 64, 0);

-- --------------------------------------------------------

--
-- Struktur dari tabel `submission_search_object_keywords`
--

CREATE TABLE `submission_search_object_keywords` (
  `object_id` bigint(20) NOT NULL,
  `keyword_id` bigint(20) NOT NULL,
  `pos` int(11) NOT NULL
) ENGINE=InnoDB DEFAULT CHARSET=utf8;

--
-- Dumping data untuk tabel `submission_search_object_keywords`
--

INSERT INTO `submission_search_object_keywords` (`object_id`, `keyword_id`, `pos`) VALUES
(1, 1, 0),
(162, 1, 21),
(162, 1, 23),
(204, 1, 14),
(204, 1, 16),
(1, 2, 1),
(162, 2, 22),
(162, 2, 24),
(1, 3, 2),
(1, 3, 7),
(8, 3, 3),
(8, 3, 6),
(8, 3, 12),
(8, 3, 22),
(8, 3, 25),
(8, 3, 32),
(8, 3, 35),
(15, 3, 6),
(15, 3, 9),
(22, 3, 6),
(22, 3, 9),
(22, 3, 20),
(22, 3, 23),
(22, 3, 32),
(22, 3, 35),
(29, 3, 4),
(29, 3, 7),
(29, 3, 12),
(29, 3, 15),
(36, 3, 2),
(36, 3, 5),
(36, 3, 12),
(36, 3, 15),
(36, 3, 22),
(36, 3, 25),
(43, 3, 4),
(43, 3, 7),
(43, 3, 18),
(43, 3, 21),
(43, 3, 30),
(43, 3, 33),
(43, 3, 42),
(43, 3, 45),
(43, 3, 54),
(43, 3, 57),
(50, 3, 2),
(50, 3, 5),
(50, 3, 10),
(50, 3, 13),
(50, 3, 18),
(50, 3, 21),
(50, 3, 26),
(50, 3, 29),
(50, 3, 34),
(50, 3, 37),
(57, 3, 4),
(57, 3, 7),
(57, 3, 12),
(57, 3, 15),
(57, 3, 22),
(57, 3, 25),
(57, 3, 34),
(57, 3, 37),
(57, 3, 43),
(57, 3, 46),
(64, 3, 6),
(64, 3, 9),
(64, 3, 16),
(64, 3, 19),
(64, 3, 26),
(64, 3, 29),
(64, 3, 36),
(64, 3, 39),
(64, 3, 46),
(64, 3, 49),
(66, 3, 98),
(71, 3, 6),
(71, 3, 9),
(71, 3, 18),
(71, 3, 21),
(71, 3, 30),
(71, 3, 33),
(71, 3, 40),
(71, 3, 43),
(71, 3, 52),
(71, 3, 55),
(78, 3, 6),
(78, 3, 9),
(78, 3, 16),
(78, 3, 19),
(78, 3, 28),
(78, 3, 31),
(78, 3, 38),
(78, 3, 41),
(78, 3, 48),
(78, 3, 51),
(85, 3, 2),
(85, 3, 5),
(85, 3, 16),
(85, 3, 19),
(85, 3, 28),
(85, 3, 31),
(85, 3, 40),
(85, 3, 43),
(85, 3, 49),
(85, 3, 52),
(92, 3, 6),
(92, 3, 9),
(92, 3, 18),
(92, 3, 21),
(92, 3, 32),
(92, 3, 35),
(92, 3, 46),
(92, 3, 49),
(92, 3, 58),
(92, 3, 61),
(99, 3, 6),
(99, 3, 9),
(99, 3, 18),
(99, 3, 21),
(99, 3, 30),
(99, 3, 33),
(99, 3, 42),
(99, 3, 45),
(99, 3, 52),
(99, 3, 55),
(106, 3, 2),
(106, 3, 5),
(106, 3, 12),
(106, 3, 15),
(106, 3, 24),
(106, 3, 27),
(106, 3, 33),
(106, 3, 36),
(106, 3, 43),
(106, 3, 46),
(106, 3, 53),
(106, 3, 56),
(113, 3, 4),
(113, 3, 7),
(113, 3, 14),
(113, 3, 17),
(113, 3, 24),
(113, 3, 27),
(113, 3, 35),
(113, 3, 38),
(115, 3, 30),
(120, 3, 4),
(120, 3, 7),
(120, 3, 14),
(120, 3, 17),
(120, 3, 23),
(120, 3, 26),
(120, 3, 31),
(120, 3, 34),
(120, 3, 43),
(120, 3, 46),
(127, 3, 2),
(127, 3, 5),
(127, 3, 14),
(127, 3, 17),
(127, 3, 26),
(127, 3, 29),
(127, 3, 38),
(127, 3, 41),
(127, 3, 48),
(127, 3, 51),
(134, 3, 2),
(134, 3, 5),
(134, 3, 12),
(134, 3, 15),
(134, 3, 22),
(134, 3, 25),
(134, 3, 32),
(134, 3, 35),
(141, 3, 4),
(141, 3, 7),
(141, 3, 14),
(141, 3, 17),
(141, 3, 23),
(141, 3, 26),
(141, 3, 32),
(141, 3, 35),
(141, 3, 42),
(141, 3, 45),
(148, 3, 6),
(155, 3, 2),
(155, 3, 9),
(155, 3, 16),
(155, 3, 25),
(155, 3, 34),
(155, 3, 41),
(162, 3, 4),
(162, 3, 11),
(162, 3, 18),
(162, 3, 25),
(162, 3, 32),
(169, 3, 4),
(176, 3, 4),
(176, 3, 11),
(176, 3, 18),
(176, 3, 23),
(176, 3, 30),
(176, 3, 37),
(183, 3, 4),
(183, 3, 12),
(183, 3, 18),
(183, 3, 24),
(183, 3, 32),
(185, 3, 111),
(190, 3, 6),
(190, 3, 11),
(190, 3, 16),
(190, 3, 21),
(197, 3, 4),
(197, 3, 11),
(197, 3, 18),
(197, 3, 25),
(197, 3, 32),
(204, 3, 4),
(204, 3, 11),
(204, 3, 18),
(204, 3, 25),
(204, 3, 32),
(211, 3, 6),
(211, 3, 13),
(211, 3, 20),
(211, 3, 25),
(211, 3, 32),
(1, 4, 3),
(1, 4, 8),
(8, 4, 4),
(8, 4, 7),
(8, 4, 13),
(8, 4, 23),
(8, 4, 26),
(8, 4, 33),
(8, 4, 36),
(15, 4, 7),
(15, 4, 10),
(22, 4, 7),
(22, 4, 10),
(22, 4, 21),
(22, 4, 24),
(22, 4, 33),
(22, 4, 36),
(29, 4, 5),
(29, 4, 8),
(29, 4, 13),
(29, 4, 16),
(36, 4, 3),
(36, 4, 6),
(36, 4, 13),
(36, 4, 16),
(36, 4, 23),
(36, 4, 26),
(43, 4, 5),
(43, 4, 8),
(43, 4, 19),
(43, 4, 22),
(43, 4, 31),
(43, 4, 34),
(43, 4, 43),
(43, 4, 46),
(43, 4, 55),
(43, 4, 58),
(50, 4, 3),
(50, 4, 6),
(50, 4, 11),
(50, 4, 14),
(50, 4, 19),
(50, 4, 22),
(50, 4, 27),
(50, 4, 30),
(50, 4, 35),
(50, 4, 38),
(57, 4, 5),
(57, 4, 8),
(57, 4, 13),
(57, 4, 16),
(57, 4, 23),
(57, 4, 26),
(57, 4, 35),
(57, 4, 38),
(57, 4, 44),
(57, 4, 47),
(64, 4, 7),
(64, 4, 10),
(64, 4, 17),
(64, 4, 20),
(64, 4, 27),
(64, 4, 30),
(64, 4, 37),
(64, 4, 40),
(64, 4, 47),
(64, 4, 50),
(66, 4, 99),
(71, 4, 7),
(71, 4, 10),
(71, 4, 19),
(71, 4, 22),
(71, 4, 31),
(71, 4, 34),
(71, 4, 41),
(71, 4, 44),
(71, 4, 53),
(71, 4, 56),
(78, 4, 7),
(78, 4, 10),
(78, 4, 17),
(78, 4, 20),
(78, 4, 29),
(78, 4, 32),
(78, 4, 39),
(78, 4, 42),
(78, 4, 49),
(78, 4, 52),
(85, 4, 3),
(85, 4, 6),
(85, 4, 17),
(85, 4, 20),
(85, 4, 29),
(85, 4, 32),
(85, 4, 41),
(85, 4, 44),
(85, 4, 50),
(85, 4, 53),
(92, 4, 7),
(92, 4, 10),
(92, 4, 19),
(92, 4, 22),
(92, 4, 33),
(92, 4, 36),
(92, 4, 47),
(92, 4, 50),
(92, 4, 59),
(92, 4, 62),
(99, 4, 7),
(99, 4, 10),
(99, 4, 19),
(99, 4, 22),
(99, 4, 31),
(99, 4, 34),
(99, 4, 43),
(99, 4, 46),
(99, 4, 53),
(99, 4, 56),
(106, 4, 3),
(106, 4, 6),
(106, 4, 13),
(106, 4, 16),
(106, 4, 25),
(106, 4, 28),
(106, 4, 34),
(106, 4, 37),
(106, 4, 44),
(106, 4, 47),
(106, 4, 54),
(106, 4, 57),
(113, 4, 5),
(113, 4, 8),
(113, 4, 15),
(113, 4, 18),
(113, 4, 25),
(113, 4, 28),
(113, 4, 36),
(113, 4, 39),
(115, 4, 31),
(120, 4, 5),
(120, 4, 8),
(120, 4, 15),
(120, 4, 18),
(120, 4, 24),
(120, 4, 27),
(120, 4, 32),
(120, 4, 35),
(120, 4, 44),
(120, 4, 47),
(127, 4, 3),
(127, 4, 6),
(127, 4, 15),
(127, 4, 18),
(127, 4, 27),
(127, 4, 30),
(127, 4, 39),
(127, 4, 42),
(127, 4, 49),
(127, 4, 52),
(134, 4, 3),
(134, 4, 6),
(134, 4, 13),
(134, 4, 16),
(134, 4, 23),
(134, 4, 26),
(134, 4, 33),
(134, 4, 36),
(141, 4, 5),
(141, 4, 8),
(141, 4, 15),
(141, 4, 18),
(141, 4, 24),
(141, 4, 27),
(141, 4, 33),
(141, 4, 36),
(141, 4, 43),
(141, 4, 46),
(148, 4, 7),
(155, 4, 3),
(155, 4, 10),
(155, 4, 17),
(155, 4, 26),
(155, 4, 35),
(155, 4, 42),
(162, 4, 5),
(162, 4, 12),
(162, 4, 19),
(162, 4, 26),
(162, 4, 33),
(169, 4, 5),
(176, 4, 5),
(176, 4, 12),
(176, 4, 19),
(176, 4, 24),
(176, 4, 31),
(176, 4, 38),
(183, 4, 5),
(183, 4, 13),
(183, 4, 19),
(183, 4, 25),
(183, 4, 33),
(185, 4, 112),
(190, 4, 7),
(190, 4, 12),
(190, 4, 17),
(190, 4, 22),
(197, 4, 5),
(197, 4, 12),
(197, 4, 19),
(197, 4, 26),
(197, 4, 33),
(204, 4, 5),
(204, 4, 12),
(204, 4, 19),
(204, 4, 26),
(204, 4, 33),
(211, 4, 7),
(211, 4, 14),
(211, 4, 21),
(211, 4, 26),
(211, 4, 33),
(1, 5, 4),
(1, 5, 9),
(2, 5, 10),
(2, 5, 21),
(3, 5, 24),
(3, 5, 38),
(3, 5, 58),
(3, 5, 70),
(3, 5, 103),
(3, 5, 127),
(8, 5, 5),
(8, 5, 8),
(8, 5, 14),
(8, 5, 24),
(8, 5, 27),
(8, 5, 34),
(8, 5, 37),
(9, 5, 16),
(9, 5, 33),
(10, 5, 9),
(15, 5, 8),
(15, 5, 11),
(16, 5, 15),
(16, 5, 31),
(17, 5, 32),
(22, 5, 8),
(22, 5, 11),
(22, 5, 22),
(22, 5, 25),
(22, 5, 34),
(22, 5, 37),
(24, 5, 7),
(29, 5, 6),
(29, 5, 9),
(29, 5, 14),
(29, 5, 17),
(30, 5, 9),
(30, 5, 19),
(31, 5, 64),
(36, 5, 4),
(36, 5, 7),
(36, 5, 14),
(36, 5, 17),
(36, 5, 24),
(36, 5, 27),
(37, 5, 13),
(37, 5, 27),
(43, 5, 6),
(43, 5, 9),
(43, 5, 20),
(43, 5, 23),
(43, 5, 32),
(43, 5, 35),
(43, 5, 44),
(43, 5, 47),
(43, 5, 56),
(43, 5, 59),
(44, 5, 7),
(44, 5, 15),
(45, 5, 6),
(50, 5, 4),
(50, 5, 7),
(50, 5, 12),
(50, 5, 15),
(50, 5, 20),
(50, 5, 23),
(50, 5, 28),
(50, 5, 31),
(50, 5, 36),
(50, 5, 39),
(51, 5, 10),
(51, 5, 30),
(57, 5, 6),
(57, 5, 9),
(57, 5, 14),
(57, 5, 17),
(57, 5, 24),
(57, 5, 27),
(57, 5, 36),
(57, 5, 39),
(57, 5, 45),
(57, 5, 48),
(58, 5, 12),
(58, 5, 25),
(64, 5, 8),
(64, 5, 11),
(64, 5, 18),
(64, 5, 21),
(64, 5, 28),
(64, 5, 31),
(64, 5, 38),
(64, 5, 41),
(64, 5, 48),
(64, 5, 51),
(65, 5, 23),
(65, 5, 47),
(66, 5, 71),
(66, 5, 100),
(66, 5, 109),
(71, 5, 8),
(71, 5, 11),
(71, 5, 20),
(71, 5, 23),
(71, 5, 32),
(71, 5, 35),
(71, 5, 42),
(71, 5, 45),
(71, 5, 54),
(71, 5, 57),
(72, 5, 12),
(72, 5, 25),
(73, 5, 16),
(73, 5, 47),
(73, 5, 77),
(78, 5, 8),
(78, 5, 11),
(78, 5, 18),
(78, 5, 21),
(78, 5, 30),
(78, 5, 33),
(78, 5, 40),
(78, 5, 43),
(78, 5, 50),
(78, 5, 53),
(79, 5, 23),
(79, 5, 47),
(80, 5, 64),
(85, 5, 4),
(85, 5, 7),
(85, 5, 18),
(85, 5, 21),
(85, 5, 30),
(85, 5, 33),
(85, 5, 42),
(85, 5, 45),
(85, 5, 51),
(85, 5, 54),
(86, 5, 13),
(86, 5, 27),
(92, 5, 8),
(92, 5, 11),
(92, 5, 20),
(92, 5, 23),
(92, 5, 34),
(92, 5, 37),
(92, 5, 48),
(92, 5, 51),
(92, 5, 60),
(92, 5, 63),
(93, 5, 13),
(93, 5, 27),
(94, 5, 57),
(94, 5, 65),
(94, 5, 211),
(99, 5, 8),
(99, 5, 11),
(99, 5, 20),
(99, 5, 23),
(99, 5, 32),
(99, 5, 35),
(99, 5, 44),
(99, 5, 47),
(99, 5, 54),
(99, 5, 57),
(106, 5, 4),
(106, 5, 7),
(106, 5, 14),
(106, 5, 17),
(106, 5, 26),
(106, 5, 29),
(106, 5, 35),
(106, 5, 38),
(106, 5, 45),
(106, 5, 48),
(106, 5, 55),
(106, 5, 58),
(107, 5, 13),
(107, 5, 27),
(108, 5, 5),
(113, 5, 6),
(113, 5, 9),
(113, 5, 16),
(113, 5, 19),
(113, 5, 26),
(113, 5, 29),
(113, 5, 37),
(113, 5, 40),
(115, 5, 32),
(120, 5, 6),
(120, 5, 9),
(120, 5, 16),
(120, 5, 19),
(120, 5, 25),
(120, 5, 28),
(120, 5, 33),
(120, 5, 36),
(120, 5, 45),
(120, 5, 48),
(121, 5, 15),
(121, 5, 31),
(122, 5, 14),
(122, 5, 133),
(127, 5, 4),
(127, 5, 7),
(127, 5, 16),
(127, 5, 19),
(127, 5, 28),
(127, 5, 31),
(127, 5, 40),
(127, 5, 43),
(127, 5, 50),
(127, 5, 53),
(128, 5, 12),
(128, 5, 25),
(129, 5, 8),
(134, 5, 4),
(134, 5, 7),
(134, 5, 14),
(134, 5, 17),
(134, 5, 24),
(134, 5, 27),
(134, 5, 34),
(134, 5, 37),
(135, 5, 10),
(135, 5, 21),
(136, 5, 57),
(141, 5, 6),
(141, 5, 9),
(141, 5, 16),
(141, 5, 19),
(141, 5, 25),
(141, 5, 28),
(141, 5, 34),
(141, 5, 37),
(141, 5, 44),
(141, 5, 47),
(142, 5, 17),
(142, 5, 35),
(143, 5, 14),
(148, 5, 8),
(155, 5, 4),
(155, 5, 11),
(155, 5, 18),
(155, 5, 27),
(155, 5, 36),
(155, 5, 43),
(156, 5, 18),
(156, 5, 37),
(162, 5, 6),
(162, 5, 13),
(162, 5, 20),
(162, 5, 27),
(162, 5, 34),
(163, 5, 20),
(163, 5, 41),
(164, 5, 40),
(164, 5, 63),
(164, 5, 73),
(169, 5, 6),
(170, 5, 9),
(170, 5, 19),
(176, 5, 6),
(176, 5, 13),
(176, 5, 20),
(176, 5, 25),
(176, 5, 32),
(176, 5, 39),
(177, 5, 21),
(177, 5, 43),
(183, 5, 6),
(183, 5, 14),
(183, 5, 20),
(183, 5, 26),
(183, 5, 34),
(185, 5, 113),
(190, 5, 8),
(190, 5, 13),
(190, 5, 18),
(190, 5, 23),
(191, 5, 12),
(191, 5, 25),
(197, 5, 6),
(197, 5, 13),
(197, 5, 20),
(197, 5, 27),
(197, 5, 34),
(204, 5, 6),
(204, 5, 13),
(204, 5, 20),
(204, 5, 27),
(204, 5, 34),
(205, 5, 19),
(205, 5, 39),
(206, 5, 48),
(206, 5, 110),
(206, 5, 136),
(206, 5, 186),
(206, 5, 252),
(211, 5, 8),
(211, 5, 15),
(211, 5, 22),
(211, 5, 27),
(211, 5, 34),
(1, 6, 5),
(148, 6, 1),
(148, 6, 4),
(1, 7, 6),
(2, 8, 0),
(2, 8, 11),
(3, 8, 9),
(17, 8, 152),
(17, 8, 187),
(17, 8, 191),
(23, 8, 0),
(23, 8, 9),
(24, 8, 87),
(24, 8, 121),
(24, 8, 140),
(30, 8, 0),
(30, 8, 10),
(31, 8, 77),
(31, 8, 83),
(31, 8, 103),
(31, 8, 126),
(31, 8, 154),
(44, 8, 0),
(44, 8, 8),
(65, 8, 6),
(65, 8, 30),
(66, 8, 8),
(72, 8, 2),
(72, 8, 15),
(73, 8, 7),
(86, 8, 0),
(86, 8, 14),
(87, 8, 30),
(101, 8, 107),
(101, 8, 115),
(101, 8, 120),
(101, 8, 125),
(101, 8, 127),
(107, 8, 0),
(107, 8, 14),
(121, 8, 0),
(121, 8, 16),
(135, 8, 0),
(135, 8, 11),
(142, 8, 0),
(142, 8, 18),
(156, 8, 2),
(156, 8, 21),
(170, 8, 0),
(170, 8, 10),
(171, 8, 36),
(171, 8, 38),
(171, 8, 62),
(171, 8, 106),
(171, 8, 122),
(177, 8, 0),
(177, 8, 22),
(178, 8, 60),
(184, 8, 0),
(184, 8, 12),
(185, 8, 128),
(205, 8, 2),
(205, 8, 22),
(206, 8, 169),
(206, 8, 237),
(2, 9, 1),
(2, 9, 12),
(3, 9, 28),
(114, 9, 0),
(114, 9, 12),
(115, 9, 54),
(2, 10, 2),
(2, 10, 13),
(3, 10, 29),
(3, 10, 84),
(3, 10, 85),
(2, 11, 3),
(2, 11, 14),
(94, 11, 147),
(101, 11, 98),
(142, 11, 3),
(142, 11, 21),
(206, 11, 194),
(2, 12, 4),
(2, 12, 15),
(3, 12, 17),
(2, 13, 5),
(2, 13, 16),
(3, 13, 4),
(3, 13, 45),
(3, 13, 90),
(17, 13, 16),
(24, 13, 56),
(24, 13, 126),
(31, 13, 58),
(66, 13, 25),
(80, 13, 32),
(108, 13, 33),
(108, 13, 47),
(108, 13, 59),
(108, 13, 82),
(108, 13, 332),
(129, 13, 16),
(129, 13, 100),
(129, 13, 110),
(129, 13, 118),
(129, 13, 177),
(129, 13, 220),
(129, 13, 286),
(142, 13, 5),
(142, 13, 23),
(157, 13, 58),
(177, 13, 12),
(177, 13, 34),
(178, 13, 213),
(185, 13, 12),
(185, 13, 18),
(191, 13, 4),
(191, 13, 17),
(192, 13, 160),
(199, 13, 11),
(206, 13, 234),
(212, 13, 3),
(212, 13, 16),
(213, 13, 131),
(213, 13, 135),
(213, 13, 154),
(213, 13, 160),
(213, 13, 215),
(213, 13, 234),
(213, 13, 252),
(213, 13, 260),
(2, 14, 6),
(2, 14, 17),
(3, 14, 20),
(3, 14, 34),
(3, 14, 54),
(3, 14, 66),
(3, 14, 99),
(3, 14, 123),
(2, 15, 7),
(2, 15, 18),
(3, 15, 21),
(3, 15, 35),
(3, 15, 55),
(3, 15, 67),
(3, 15, 100),
(3, 15, 124),
(2, 16, 8),
(2, 16, 19),
(3, 16, 22),
(3, 16, 36),
(3, 16, 56),
(3, 16, 68),
(3, 16, 101),
(3, 16, 125),
(2, 17, 9),
(2, 17, 20),
(3, 17, 23),
(3, 17, 37),
(3, 17, 57),
(3, 17, 69),
(3, 17, 102),
(3, 17, 126),
(3, 18, 0),
(17, 18, 0),
(17, 18, 96),
(66, 18, 0),
(87, 18, 0),
(94, 18, 154),
(101, 18, 43),
(108, 18, 163),
(178, 18, 0),
(178, 18, 141),
(185, 18, 84),
(192, 18, 25),
(213, 18, 0),
(3, 19, 1),
(3, 19, 42),
(17, 19, 214),
(31, 19, 5),
(31, 19, 138),
(59, 19, 65),
(66, 19, 1),
(66, 19, 58),
(66, 19, 89),
(73, 19, 62),
(80, 19, 130),
(94, 19, 52),
(94, 19, 177),
(101, 19, 44),
(101, 19, 72),
(108, 19, 179),
(108, 19, 315),
(122, 19, 61),
(122, 19, 70),
(122, 19, 74),
(122, 19, 81),
(122, 19, 180),
(122, 19, 189),
(122, 19, 193),
(122, 19, 200),
(129, 19, 86),
(129, 19, 128),
(129, 19, 229),
(129, 19, 257),
(129, 19, 297),
(150, 19, 72),
(157, 19, 52),
(157, 19, 55),
(185, 19, 64),
(185, 19, 107),
(185, 19, 156),
(199, 19, 27),
(199, 19, 104),
(213, 19, 2),
(213, 19, 25),
(3, 20, 2),
(3, 20, 43),
(17, 20, 1),
(17, 20, 59),
(17, 20, 84),
(17, 20, 101),
(31, 20, 37),
(31, 20, 52),
(31, 20, 65),
(66, 20, 2),
(66, 20, 36),
(66, 20, 39),
(66, 20, 45),
(66, 20, 59),
(73, 20, 4),
(73, 20, 17),
(73, 20, 63),
(87, 20, 5),
(94, 20, 95),
(94, 20, 105),
(94, 20, 164),
(94, 20, 205),
(101, 20, 95),
(108, 20, 75),
(108, 20, 133),
(108, 20, 141),
(108, 20, 152),
(108, 20, 168),
(108, 20, 211),
(108, 20, 228),
(108, 20, 247),
(108, 20, 265),
(108, 20, 323),
(122, 20, 30),
(122, 20, 86),
(122, 20, 149),
(122, 20, 205),
(150, 20, 0),
(171, 20, 0),
(171, 20, 57),
(171, 20, 79),
(171, 20, 115),
(178, 20, 147),
(178, 20, 211),
(185, 20, 85),
(185, 20, 142),
(185, 20, 157),
(192, 20, 0),
(192, 20, 42),
(192, 20, 75),
(199, 20, 85),
(199, 20, 116),
(206, 20, 116),
(3, 21, 3),
(3, 21, 44),
(31, 21, 38),
(31, 21, 53),
(65, 21, 1),
(65, 21, 25),
(66, 21, 40),
(73, 21, 1),
(73, 21, 40),
(73, 21, 64),
(87, 21, 6),
(101, 21, 2),
(101, 21, 21),
(108, 21, 76),
(108, 21, 248),
(115, 21, 0),
(115, 21, 21),
(115, 21, 38),
(115, 21, 49),
(122, 21, 87),
(122, 21, 206),
(178, 21, 1),
(178, 21, 130),
(178, 21, 134),
(178, 21, 212),
(192, 21, 1),
(199, 21, 86),
(206, 21, 161),
(213, 21, 162),
(3, 22, 5),
(3, 22, 46),
(16, 22, 1),
(16, 22, 17),
(17, 22, 173),
(31, 22, 40),
(31, 22, 55),
(65, 22, 2),
(65, 22, 26),
(66, 22, 41),
(66, 22, 102),
(80, 22, 122),
(80, 22, 131),
(80, 22, 158),
(87, 22, 8),
(101, 22, 4),
(101, 22, 42),
(101, 22, 55),
(101, 22, 68),
(101, 22, 83),
(101, 22, 93),
(108, 22, 78),
(108, 22, 85),
(108, 22, 102),
(108, 22, 114),
(108, 22, 174),
(108, 22, 186),
(108, 22, 197),
(108, 22, 216),
(108, 22, 250),
(108, 22, 317),
(115, 22, 1),
(115, 22, 19),
(115, 22, 22),
(115, 22, 50),
(157, 22, 53),
(157, 22, 61),
(157, 22, 113),
(157, 22, 125),
(177, 22, 3),
(177, 22, 25),
(178, 22, 3),
(178, 22, 132),
(178, 22, 214),
(192, 22, 3),
(192, 22, 12),
(192, 22, 124),
(192, 22, 141),
(192, 22, 165),
(199, 22, 88),
(206, 22, 163),
(213, 22, 43),
(213, 22, 54),
(213, 22, 60),
(213, 22, 164),
(213, 22, 272),
(3, 23, 6),
(3, 23, 47),
(3, 23, 86),
(17, 23, 3),
(17, 23, 85),
(31, 23, 41),
(31, 23, 56),
(31, 23, 66),
(31, 23, 84),
(31, 23, 104),
(31, 23, 135),
(38, 23, 5),
(66, 23, 3),
(66, 23, 37),
(66, 23, 60),
(73, 23, 2),
(73, 23, 18),
(73, 23, 65),
(80, 23, 31),
(80, 23, 159),
(87, 23, 10),
(94, 23, 179),
(101, 23, 22),
(101, 23, 48),
(101, 23, 97),
(108, 23, 23),
(108, 23, 79),
(108, 23, 90),
(108, 23, 134),
(108, 23, 142),
(108, 23, 169),
(108, 23, 212),
(108, 23, 251),
(115, 23, 23),
(157, 23, 3),
(157, 23, 116),
(171, 23, 46),
(171, 23, 116),
(171, 23, 149),
(178, 23, 4),
(178, 23, 110),
(178, 23, 133),
(178, 23, 135),
(185, 23, 87),
(192, 23, 4),
(192, 23, 59),
(192, 23, 76),
(199, 23, 90),
(199, 23, 118),
(199, 23, 120),
(206, 23, 100),
(206, 23, 165),
(206, 23, 232),
(213, 23, 70),
(213, 23, 76),
(213, 23, 98),
(213, 23, 128),
(213, 23, 165),
(3, 24, 7),
(3, 24, 48),
(17, 24, 4),
(17, 24, 35),
(24, 24, 18),
(24, 24, 86),
(24, 24, 114),
(24, 24, 128),
(31, 24, 1),
(31, 24, 85),
(38, 24, 21),
(66, 24, 61),
(87, 24, 11),
(87, 24, 47),
(94, 24, 7),
(94, 24, 14),
(94, 24, 87),
(94, 24, 129),
(94, 24, 160),
(94, 24, 180),
(101, 24, 8),
(101, 24, 23),
(108, 24, 143),
(108, 24, 217),
(108, 24, 255),
(115, 24, 51),
(122, 24, 59),
(122, 24, 178),
(129, 24, 9),
(129, 24, 209),
(157, 24, 28),
(178, 24, 44),
(185, 24, 116),
(185, 24, 159),
(192, 24, 99),
(192, 24, 105),
(199, 24, 37),
(199, 24, 58),
(213, 24, 9),
(213, 24, 36),
(213, 24, 99),
(3, 25, 8),
(16, 25, 3),
(16, 25, 19),
(17, 25, 5),
(17, 25, 91),
(17, 25, 118),
(31, 25, 43),
(66, 25, 5),
(66, 25, 30),
(87, 25, 12),
(150, 25, 81),
(178, 25, 81),
(178, 25, 92),
(192, 25, 7),
(213, 25, 169),
(3, 26, 10),
(3, 26, 75),
(9, 26, 1),
(9, 26, 18),
(17, 26, 14),
(17, 26, 65),
(17, 26, 81),
(17, 26, 98),
(17, 26, 159),
(17, 26, 181),
(17, 26, 195),
(17, 26, 205),
(24, 26, 29),
(24, 26, 100),
(24, 26, 107),
(24, 26, 117),
(24, 26, 134),
(31, 26, 78),
(31, 26, 113),
(31, 26, 132),
(31, 26, 144),
(38, 26, 2),
(38, 26, 43),
(51, 26, 16),
(51, 26, 36),
(59, 26, 32),
(59, 26, 77),
(65, 26, 5),
(65, 26, 29),
(66, 26, 7),
(66, 26, 20),
(66, 26, 54),
(66, 26, 94),
(72, 26, 1),
(72, 26, 14),
(73, 26, 6),
(73, 26, 48),
(73, 26, 56),
(79, 26, 7),
(79, 26, 31),
(80, 26, 19),
(80, 26, 65),
(80, 26, 91),
(80, 26, 138),
(86, 26, 2),
(86, 26, 16),
(87, 26, 14),
(87, 26, 61),
(94, 26, 1),
(94, 26, 11),
(94, 26, 17),
(94, 26, 22),
(94, 26, 38),
(94, 26, 74),
(94, 26, 89),
(94, 26, 104),
(94, 26, 112),
(94, 26, 116),
(94, 26, 124),
(94, 26, 126),
(94, 26, 134),
(94, 26, 146),
(94, 26, 171),
(94, 26, 199),
(101, 26, 53),
(101, 26, 58),
(101, 26, 66),
(101, 26, 87),
(101, 26, 116),
(108, 26, 9),
(108, 26, 31),
(108, 26, 88),
(108, 26, 118),
(108, 26, 194),
(108, 26, 215),
(108, 26, 234),
(108, 26, 258),
(108, 26, 279),
(108, 26, 305),
(108, 26, 329),
(115, 26, 13),
(122, 26, 115),
(122, 26, 234),
(129, 26, 89),
(129, 26, 95),
(129, 26, 131),
(129, 26, 142),
(129, 26, 201),
(129, 26, 219),
(129, 26, 280),
(149, 26, 1),
(149, 26, 12),
(150, 26, 59),
(150, 26, 66),
(156, 26, 1),
(156, 26, 20),
(157, 26, 12),
(157, 26, 30),
(157, 26, 34),
(157, 26, 70),
(157, 26, 111),
(171, 26, 28),
(171, 26, 69),
(171, 26, 109),
(177, 26, 1),
(177, 26, 15),
(177, 26, 23),
(177, 26, 37),
(178, 26, 18),
(178, 26, 23),
(178, 26, 29),
(178, 26, 54),
(178, 26, 59),
(178, 26, 86),
(178, 26, 104),
(178, 26, 164),
(178, 26, 166),
(178, 26, 184),
(178, 26, 193),
(185, 26, 7),
(185, 26, 45),
(185, 26, 68),
(185, 26, 80),
(185, 26, 91),
(185, 26, 114),
(185, 26, 133),
(185, 26, 136),
(185, 26, 168),
(192, 26, 9),
(192, 26, 123),
(192, 26, 127),
(192, 26, 159),
(199, 26, 73),
(199, 26, 98),
(199, 26, 110),
(205, 26, 1),
(205, 26, 21),
(206, 26, 2),
(206, 26, 55),
(206, 26, 142),
(206, 26, 168),
(206, 26, 191),
(206, 26, 203),
(206, 26, 229),
(206, 26, 236),
(206, 26, 264),
(212, 26, 5),
(212, 26, 18),
(213, 26, 32),
(213, 26, 51),
(213, 26, 87),
(213, 26, 118),
(213, 26, 185),
(213, 26, 191),
(213, 26, 195),
(213, 26, 204),
(213, 26, 236),
(213, 26, 249),
(213, 26, 259),
(3, 27, 11),
(24, 27, 101),
(24, 27, 118),
(178, 27, 35),
(3, 28, 12),
(9, 28, 8),
(9, 28, 25),
(94, 28, 34),
(94, 28, 50),
(114, 28, 3),
(114, 28, 15),
(115, 28, 6),
(115, 28, 57),
(178, 28, 12),
(184, 28, 1),
(184, 28, 13),
(3, 29, 13),
(3, 30, 14),
(3, 30, 77),
(17, 30, 22),
(66, 30, 103),
(80, 30, 46),
(87, 30, 23),
(108, 30, 203),
(171, 30, 21),
(178, 30, 208),
(192, 30, 13),
(3, 31, 15),
(3, 31, 79),
(178, 31, 167),
(3, 32, 16),
(3, 32, 80),
(143, 32, 29),
(3, 33, 18),
(24, 33, 84),
(31, 33, 8),
(31, 33, 39),
(31, 33, 45),
(31, 33, 54),
(80, 33, 121),
(87, 33, 7),
(87, 33, 35),
(101, 33, 3),
(101, 33, 92),
(108, 33, 77),
(108, 33, 249),
(108, 33, 260),
(115, 33, 18),
(178, 33, 2),
(178, 33, 94),
(178, 33, 131),
(184, 33, 5),
(184, 33, 17),
(192, 33, 2),
(192, 33, 11),
(199, 33, 87),
(206, 33, 162),
(213, 33, 163),
(3, 34, 19),
(79, 34, 10),
(79, 34, 34),
(80, 34, 6),
(80, 34, 145),
(199, 34, 36),
(199, 34, 40),
(199, 34, 93),
(206, 34, 86),
(206, 34, 200),
(3, 35, 25),
(17, 35, 69),
(31, 35, 86),
(73, 35, 20),
(73, 35, 31),
(129, 35, 57),
(150, 35, 44),
(171, 35, 72),
(178, 35, 31),
(178, 35, 162),
(178, 35, 181),
(206, 35, 23),
(206, 35, 283),
(3, 36, 26),
(17, 36, 62),
(17, 36, 74),
(17, 36, 188),
(17, 36, 200),
(24, 36, 68),
(31, 36, 91),
(31, 36, 136),
(31, 36, 157),
(73, 36, 32),
(73, 36, 78),
(101, 36, 37),
(101, 36, 78),
(108, 36, 80),
(108, 36, 208),
(108, 36, 223),
(108, 36, 235),
(108, 36, 240),
(129, 36, 51),
(129, 36, 144),
(129, 36, 163),
(129, 36, 214),
(129, 36, 223),
(129, 36, 236),
(129, 36, 276),
(129, 36, 282),
(129, 36, 293),
(150, 36, 37),
(150, 36, 62),
(150, 36, 75),
(150, 36, 80),
(150, 36, 90),
(178, 36, 182),
(178, 36, 185),
(185, 36, 99),
(192, 36, 60),
(192, 36, 78),
(3, 37, 27),
(108, 37, 70),
(108, 37, 284),
(171, 37, 40),
(171, 37, 67),
(3, 38, 30),
(3, 38, 91),
(3, 38, 105),
(3, 39, 31),
(3, 39, 93),
(3, 39, 108),
(3, 39, 131),
(17, 39, 162),
(17, 39, 175),
(17, 39, 208),
(149, 39, 4),
(149, 39, 15),
(3, 40, 32),
(3, 40, 62),
(3, 40, 97),
(3, 41, 33),
(3, 41, 63),
(9, 41, 7),
(9, 41, 24),
(16, 41, 6),
(16, 41, 22),
(17, 41, 106),
(101, 41, 11),
(101, 41, 73),
(149, 41, 9),
(149, 41, 20),
(150, 41, 1),
(150, 41, 24),
(150, 41, 26),
(150, 41, 33),
(150, 41, 49),
(150, 41, 86),
(150, 41, 87),
(171, 41, 6),
(171, 41, 127),
(171, 41, 138),
(171, 41, 156),
(213, 41, 39),
(3, 42, 39),
(17, 42, 97),
(101, 42, 57),
(108, 42, 206),
(3, 43, 40),
(3, 43, 59),
(3, 43, 94),
(17, 43, 28),
(17, 43, 73),
(17, 43, 89),
(17, 43, 116),
(17, 43, 150),
(17, 43, 163),
(17, 43, 171),
(17, 43, 203),
(17, 43, 212),
(24, 43, 13),
(24, 43, 50),
(24, 43, 62),
(24, 43, 78),
(24, 43, 82),
(24, 43, 91),
(24, 43, 112),
(31, 43, 16),
(31, 43, 25),
(31, 43, 71),
(31, 43, 100),
(38, 43, 16),
(38, 43, 26),
(38, 43, 37),
(59, 43, 3),
(59, 43, 5),
(59, 43, 9),
(59, 43, 18),
(59, 43, 28),
(59, 43, 39),
(59, 43, 83),
(66, 43, 79),
(66, 43, 92),
(73, 43, 29),
(80, 43, 78),
(80, 43, 82),
(80, 43, 94),
(80, 43, 103),
(80, 43, 110),
(80, 43, 128),
(87, 43, 1),
(87, 43, 45),
(94, 43, 127),
(94, 43, 140),
(101, 43, 5),
(101, 43, 32),
(108, 43, 145),
(108, 43, 154),
(108, 43, 164),
(108, 43, 192),
(108, 43, 207),
(108, 43, 232),
(108, 43, 239),
(108, 43, 253),
(108, 43, 269),
(108, 43, 281),
(108, 43, 295),
(108, 43, 313),
(108, 43, 339),
(122, 43, 19),
(122, 43, 64),
(122, 43, 68),
(122, 43, 109),
(122, 43, 138),
(122, 43, 183),
(122, 43, 187),
(122, 43, 228),
(129, 43, 1),
(129, 43, 33),
(129, 43, 39),
(129, 43, 67),
(129, 43, 98),
(129, 43, 106),
(129, 43, 116),
(129, 43, 173),
(150, 43, 18),
(150, 43, 27),
(150, 43, 70),
(150, 43, 88),
(157, 43, 15),
(157, 43, 45),
(157, 43, 67),
(157, 43, 75),
(171, 43, 7),
(171, 43, 17),
(171, 43, 23),
(171, 43, 30),
(171, 43, 64),
(171, 43, 74),
(171, 43, 90),
(171, 43, 95),
(171, 43, 107),
(171, 43, 135),
(171, 43, 143),
(178, 43, 27),
(178, 43, 42),
(178, 43, 116),
(178, 43, 122),
(178, 43, 126),
(178, 43, 139),
(178, 43, 168),
(178, 43, 196),
(185, 43, 29),
(185, 43, 59),
(185, 43, 119),
(185, 43, 129),
(185, 43, 163),
(185, 43, 183),
(192, 43, 14),
(192, 43, 45),
(192, 43, 72),
(192, 43, 155),
(199, 43, 23),
(199, 43, 51),
(199, 43, 54),
(199, 43, 62),
(199, 43, 69),
(199, 43, 76),
(206, 43, 20),
(206, 43, 35),
(206, 43, 70),
(206, 43, 96),
(206, 43, 104),
(206, 43, 111),
(206, 43, 125),
(206, 43, 137),
(206, 43, 149),
(206, 43, 197),
(206, 43, 210),
(206, 43, 225),
(206, 43, 259),
(206, 43, 268),
(206, 43, 290),
(213, 43, 16),
(213, 43, 23),
(213, 43, 41),
(213, 43, 45),
(213, 43, 48),
(213, 43, 89),
(213, 43, 121),
(213, 43, 262),
(3, 44, 41),
(17, 44, 61),
(73, 44, 30),
(73, 44, 69),
(192, 44, 46),
(3, 45, 49),
(3, 46, 50),
(59, 46, 17),
(59, 46, 25),
(59, 46, 27),
(59, 46, 37),
(59, 46, 51),
(59, 46, 74),
(94, 46, 51),
(108, 46, 219),
(129, 46, 18),
(177, 46, 7),
(177, 46, 29),
(178, 46, 26),
(178, 46, 75),
(178, 46, 89),
(178, 46, 202),
(3, 47, 51),
(108, 47, 220),
(178, 47, 203),
(3, 48, 52),
(17, 48, 39),
(17, 48, 127),
(17, 48, 135),
(17, 48, 138),
(17, 48, 147),
(17, 48, 154),
(17, 48, 193),
(17, 48, 211),
(24, 48, 76),
(31, 48, 29),
(31, 48, 33),
(59, 48, 22),
(59, 48, 62),
(59, 48, 68),
(66, 48, 43),
(66, 48, 47),
(66, 48, 81),
(66, 48, 101),
(73, 48, 42),
(73, 48, 52),
(80, 48, 106),
(80, 48, 155),
(80, 48, 165),
(86, 48, 5),
(86, 48, 19),
(87, 48, 19),
(87, 48, 27),
(94, 48, 78),
(94, 48, 92),
(94, 48, 185),
(101, 48, 15),
(101, 48, 19),
(101, 48, 104),
(108, 48, 130),
(115, 48, 25),
(115, 48, 33),
(115, 48, 41),
(122, 48, 16),
(122, 48, 78),
(122, 48, 91),
(122, 48, 135),
(122, 48, 197),
(122, 48, 210),
(129, 48, 44),
(129, 48, 103),
(129, 48, 108),
(129, 48, 146),
(129, 48, 188),
(129, 48, 239),
(129, 48, 266),
(157, 48, 109),
(171, 48, 14),
(171, 48, 34),
(171, 48, 117),
(178, 48, 57),
(178, 48, 124),
(178, 48, 137),
(178, 48, 149),
(178, 48, 204),
(178, 48, 210),
(185, 48, 31),
(185, 48, 41),
(192, 48, 24),
(192, 48, 44),
(192, 48, 62),
(192, 48, 132),
(205, 48, 5),
(205, 48, 25),
(206, 48, 28),
(206, 48, 115),
(206, 48, 127),
(206, 48, 158),
(206, 48, 172),
(206, 48, 261),
(213, 48, 83),
(213, 48, 103),
(213, 48, 167),
(213, 48, 226),
(213, 48, 229),
(213, 48, 257),
(3, 49, 53),
(3, 49, 65),
(3, 49, 122),
(59, 49, 81),
(3, 50, 60),
(3, 50, 116),
(94, 50, 33),
(115, 50, 10),
(129, 50, 40),
(150, 50, 67),
(157, 50, 13),
(157, 50, 60),
(171, 50, 13),
(171, 50, 142),
(192, 50, 32),
(3, 51, 61),
(17, 51, 71),
(17, 51, 169),
(31, 51, 26),
(59, 51, 6),
(73, 51, 24),
(171, 51, 25),
(178, 51, 34),
(206, 51, 206),
(206, 51, 222),
(3, 52, 64),
(3, 53, 71),
(59, 53, 69),
(185, 53, 161),
(199, 53, 25),
(3, 54, 72),
(17, 54, 6),
(17, 54, 119),
(3, 55, 73),
(17, 55, 202),
(31, 55, 4),
(66, 55, 73),
(73, 55, 26),
(115, 55, 15),
(122, 55, 98),
(122, 55, 217),
(192, 55, 35),
(192, 55, 37),
(3, 56, 74),
(24, 56, 99),
(24, 56, 116),
(31, 56, 44),
(66, 56, 74),
(73, 56, 50),
(87, 56, 13),
(94, 56, 111),
(101, 56, 52),
(178, 56, 7),
(178, 56, 163),
(206, 56, 62),
(213, 56, 85),
(213, 56, 111),
(3, 57, 76),
(3, 58, 78),
(9, 58, 3),
(9, 58, 20),
(17, 58, 95),
(31, 58, 48),
(37, 58, 4),
(37, 58, 18),
(58, 58, 5),
(58, 58, 18),
(59, 58, 46),
(65, 58, 3),
(65, 58, 7),
(65, 58, 27),
(65, 58, 31),
(66, 58, 9),
(101, 58, 56),
(101, 58, 111),
(156, 58, 3),
(156, 58, 22),
(178, 58, 83),
(206, 58, 80),
(213, 58, 113),
(213, 58, 152),
(213, 58, 172),
(3, 59, 81),
(3, 60, 82),
(16, 60, 2),
(16, 60, 18),
(17, 60, 52),
(17, 60, 78),
(17, 60, 111),
(24, 60, 37),
(31, 60, 11),
(59, 60, 54),
(66, 60, 4),
(73, 60, 84),
(80, 60, 72),
(80, 60, 135),
(80, 60, 142),
(87, 60, 24),
(94, 60, 109),
(94, 60, 161),
(94, 60, 172),
(94, 60, 191),
(101, 60, 39),
(101, 60, 108),
(108, 60, 16),
(108, 60, 43),
(108, 60, 69),
(108, 60, 111),
(108, 60, 115),
(108, 60, 122),
(108, 60, 187),
(108, 60, 310),
(108, 60, 320),
(115, 60, 3),
(115, 60, 11),
(115, 60, 59),
(122, 60, 111),
(122, 60, 230),
(128, 60, 5),
(128, 60, 18),
(129, 60, 53),
(129, 60, 245),
(150, 60, 8),
(150, 60, 15),
(150, 60, 39),
(150, 60, 61),
(150, 60, 84),
(156, 60, 9),
(156, 60, 28),
(171, 60, 48),
(171, 60, 66),
(177, 60, 8),
(177, 60, 30),
(178, 60, 5),
(178, 60, 49),
(178, 60, 69),
(178, 60, 80),
(178, 60, 97),
(178, 60, 112),
(178, 60, 178),
(178, 60, 189),
(185, 60, 82),
(185, 60, 88),
(192, 60, 6),
(192, 60, 33),
(192, 60, 93),
(192, 60, 111),
(198, 60, 6),
(198, 60, 20),
(199, 60, 5),
(199, 60, 39),
(199, 60, 64),
(199, 60, 91),
(199, 60, 125),
(206, 60, 32),
(206, 60, 60),
(206, 60, 73),
(206, 60, 151),
(206, 60, 253),
(206, 60, 270),
(213, 60, 156),
(3, 61, 83),
(3, 62, 87),
(171, 62, 104),
(171, 62, 123),
(206, 62, 277),
(3, 63, 88),
(3, 63, 109),
(3, 63, 117),
(3, 63, 129),
(59, 63, 60),
(101, 63, 6),
(108, 63, 308),
(129, 63, 68),
(129, 63, 123),
(129, 63, 133),
(129, 63, 197),
(157, 63, 83),
(157, 63, 89),
(192, 63, 152),
(192, 63, 162),
(199, 63, 121),
(206, 63, 189),
(206, 63, 205),
(206, 63, 221),
(3, 64, 89),
(3, 65, 92),
(3, 65, 106),
(3, 66, 95),
(3, 67, 96),
(59, 67, 41),
(80, 67, 152),
(94, 67, 72),
(122, 67, 39),
(122, 67, 158),
(129, 67, 28),
(129, 67, 295),
(199, 67, 78),
(206, 67, 87),
(206, 67, 106),
(213, 67, 53),
(213, 67, 147),
(3, 68, 98),
(3, 69, 104),
(17, 69, 143),
(24, 69, 52),
(31, 69, 22),
(31, 69, 155),
(80, 69, 49),
(80, 69, 134),
(101, 69, 36),
(101, 69, 77),
(108, 69, 12),
(108, 69, 36),
(108, 69, 62),
(108, 69, 126),
(129, 69, 113),
(157, 69, 72),
(185, 69, 98),
(185, 69, 176),
(213, 69, 55),
(213, 69, 264),
(3, 70, 107),
(3, 71, 110),
(122, 71, 36),
(122, 71, 155),
(3, 72, 111),
(3, 73, 112),
(3, 74, 113),
(3, 74, 115),
(3, 75, 114),
(101, 75, 105),
(3, 76, 118),
(38, 76, 38),
(108, 76, 38),
(157, 76, 49),
(178, 76, 186),
(178, 76, 190),
(199, 76, 52),
(199, 76, 94),
(213, 76, 81),
(3, 77, 119),
(108, 77, 39),
(3, 78, 120),
(206, 78, 285),
(3, 79, 121),
(3, 80, 128),
(129, 80, 134),
(129, 80, 150),
(129, 80, 202),
(129, 80, 242),
(206, 80, 212),
(3, 81, 130),
(3, 82, 132),
(8, 83, 0),
(22, 83, 14),
(22, 83, 17),
(8, 84, 1),
(22, 84, 15),
(22, 84, 18),
(8, 85, 2),
(8, 86, 9),
(8, 87, 10),
(8, 88, 11),
(8, 89, 15),
(8, 89, 17),
(8, 90, 16),
(8, 90, 18),
(8, 91, 19),
(15, 91, 0),
(15, 91, 3),
(22, 91, 0),
(22, 91, 3),
(8, 92, 20),
(22, 92, 1),
(22, 92, 4),
(8, 93, 21),
(22, 93, 2),
(22, 93, 5),
(8, 94, 28),
(8, 94, 30),
(50, 94, 0),
(50, 94, 1),
(64, 94, 12),
(64, 94, 14),
(176, 94, 33),
(176, 94, 35),
(8, 95, 29),
(8, 95, 31),
(64, 95, 13),
(64, 95, 15),
(176, 95, 34),
(176, 95, 36),
(9, 96, 0),
(9, 96, 17),
(65, 96, 4),
(65, 96, 28),
(66, 96, 6),
(72, 96, 0),
(72, 96, 13),
(73, 96, 5),
(108, 96, 290),
(115, 96, 52),
(149, 96, 0),
(149, 96, 11),
(156, 96, 0),
(156, 96, 19),
(177, 96, 2),
(177, 96, 24),
(205, 96, 0),
(205, 96, 20),
(206, 96, 167),
(206, 96, 235),
(9, 97, 2),
(9, 97, 19),
(149, 97, 2),
(149, 97, 13),
(9, 98, 4),
(9, 98, 21),
(9, 99, 5),
(9, 99, 22),
(9, 100, 6),
(9, 100, 23),
(171, 100, 155),
(9, 101, 9),
(9, 101, 26),
(213, 101, 199),
(9, 102, 10),
(9, 102, 27),
(10, 102, 5),
(10, 102, 47),
(37, 102, 9),
(37, 102, 23),
(58, 102, 8),
(58, 102, 21),
(136, 102, 51),
(156, 102, 11),
(156, 102, 30),
(171, 102, 20),
(9, 103, 11),
(9, 103, 28),
(37, 103, 10),
(37, 103, 24),
(51, 103, 6),
(51, 103, 26),
(58, 103, 9),
(58, 103, 22),
(108, 103, 66),
(108, 103, 161),
(121, 103, 11),
(121, 103, 27),
(122, 103, 9),
(122, 103, 128),
(135, 103, 5),
(135, 103, 16),
(142, 103, 14),
(142, 103, 32),
(156, 103, 12),
(156, 103, 31),
(163, 103, 16),
(163, 103, 37),
(177, 103, 18),
(177, 103, 40),
(9, 104, 12),
(9, 104, 29),
(10, 104, 6),
(9, 105, 13),
(9, 105, 30),
(51, 105, 8),
(51, 105, 28),
(79, 105, 20),
(79, 105, 44),
(80, 105, 20),
(80, 105, 58),
(122, 105, 11),
(122, 105, 130),
(135, 105, 7),
(135, 105, 18),
(156, 105, 15),
(156, 105, 34),
(163, 105, 18),
(163, 105, 39),
(9, 106, 14),
(9, 106, 31),
(10, 106, 7),
(9, 107, 15),
(9, 107, 32),
(24, 107, 6),
(37, 107, 12),
(37, 107, 26),
(44, 107, 6),
(44, 107, 14),
(58, 107, 11),
(58, 107, 24),
(73, 107, 46),
(80, 107, 63),
(107, 107, 12),
(107, 107, 26),
(121, 107, 14),
(121, 107, 30),
(122, 107, 13),
(122, 107, 132),
(135, 107, 9),
(135, 107, 20),
(142, 107, 16),
(142, 107, 34),
(156, 107, 17),
(156, 107, 36),
(177, 107, 20),
(177, 107, 42),
(191, 107, 11),
(191, 107, 24),
(10, 108, 0),
(10, 108, 38),
(45, 108, 1),
(52, 108, 54),
(52, 108, 64),
(136, 108, 76),
(136, 108, 98),
(164, 108, 51),
(164, 108, 64),
(164, 108, 95),
(10, 109, 1),
(10, 109, 39),
(45, 109, 2),
(52, 109, 135),
(52, 109, 165),
(136, 109, 77),
(136, 109, 99),
(164, 109, 112),
(10, 110, 2),
(10, 110, 11),
(10, 110, 45),
(45, 110, 30),
(52, 110, 169),
(136, 110, 12),
(136, 110, 46),
(136, 110, 65),
(136, 110, 100),
(164, 110, 57),
(10, 111, 3),
(52, 111, 178),
(10, 112, 4),
(10, 113, 8),
(52, 113, 34),
(52, 113, 47),
(136, 113, 56),
(164, 113, 39),
(164, 113, 62),
(164, 113, 72),
(10, 114, 10),
(136, 114, 58),
(143, 114, 15),
(164, 114, 41),
(164, 114, 74),
(10, 115, 12),
(10, 116, 13),
(10, 117, 14),
(10, 117, 17),
(10, 118, 15),
(10, 118, 20),
(10, 118, 24),
(10, 118, 26),
(10, 119, 16),
(10, 120, 18),
(10, 121, 19),
(10, 122, 21),
(45, 122, 46),
(52, 122, 126),
(10, 123, 22),
(10, 124, 23),
(45, 124, 65),
(52, 124, 69),
(52, 124, 106),
(52, 124, 109),
(10, 125, 25),
(10, 126, 27),
(10, 127, 28),
(52, 127, 171),
(10, 128, 29),
(10, 129, 30),
(10, 129, 41),
(10, 130, 31),
(136, 130, 84),
(10, 131, 32),
(10, 132, 33),
(164, 132, 87),
(10, 133, 34),
(10, 134, 35),
(10, 135, 36),
(10, 136, 37),
(52, 136, 143),
(10, 137, 40),
(10, 138, 42),
(10, 139, 43),
(10, 140, 44),
(10, 141, 46),
(10, 142, 48),
(52, 142, 74),
(52, 142, 96),
(52, 142, 120),
(52, 142, 128),
(164, 142, 105),
(10, 143, 49),
(10, 144, 50),
(52, 144, 146),
(10, 145, 51),
(45, 145, 3),
(45, 145, 43),
(52, 145, 72),
(52, 145, 136),
(52, 145, 149),
(52, 145, 166),
(52, 145, 174),
(136, 145, 78),
(164, 145, 66),
(164, 145, 82),
(164, 145, 93),
(164, 145, 116),
(15, 146, 1),
(15, 146, 4),
(15, 147, 2),
(15, 147, 5),
(15, 148, 12),
(22, 148, 12),
(22, 148, 26),
(22, 148, 38),
(43, 148, 10),
(43, 148, 24),
(43, 148, 36),
(43, 148, 48),
(43, 148, 60),
(71, 148, 12),
(71, 148, 24),
(71, 148, 36),
(71, 148, 46),
(71, 148, 58),
(148, 148, 9),
(15, 149, 13),
(22, 149, 13),
(22, 149, 27),
(43, 149, 11),
(148, 149, 10),
(16, 150, 0),
(16, 150, 16),
(108, 150, 84),
(156, 150, 10),
(156, 150, 29),
(16, 151, 4),
(16, 151, 20),
(16, 152, 5),
(16, 152, 21),
(101, 152, 70),
(171, 152, 4),
(16, 153, 7),
(16, 153, 23),
(17, 153, 77),
(17, 153, 107),
(73, 153, 38),
(73, 153, 91),
(16, 154, 8),
(16, 154, 24),
(17, 154, 23),
(17, 154, 108),
(30, 154, 4),
(30, 154, 14),
(65, 154, 14),
(65, 154, 38),
(66, 154, 13),
(72, 154, 5),
(72, 154, 18),
(73, 154, 10),
(73, 154, 70),
(80, 154, 5),
(80, 154, 144),
(86, 154, 7),
(86, 154, 21),
(87, 154, 50),
(93, 154, 4),
(93, 154, 18),
(94, 154, 157),
(101, 154, 63),
(101, 154, 82),
(108, 154, 213),
(121, 154, 7),
(121, 154, 23),
(122, 154, 5),
(122, 154, 124),
(178, 154, 155),
(178, 154, 176),
(199, 154, 35),
(205, 154, 10),
(205, 154, 30),
(206, 154, 85),
(206, 154, 177),
(206, 154, 199),
(206, 154, 240),
(16, 155, 9),
(16, 155, 25),
(17, 155, 24),
(17, 155, 36),
(101, 155, 24),
(177, 155, 13),
(177, 155, 35),
(178, 155, 9),
(178, 155, 32),
(178, 155, 90),
(178, 155, 95),
(16, 156, 10),
(16, 156, 26),
(17, 156, 25),
(16, 157, 11),
(16, 157, 27),
(17, 157, 26),
(17, 157, 37),
(122, 157, 6),
(122, 157, 125),
(16, 158, 12),
(16, 158, 28),
(17, 158, 27),
(17, 158, 38),
(17, 158, 68),
(17, 158, 110),
(79, 158, 12),
(79, 158, 36),
(80, 158, 114),
(101, 158, 26),
(16, 159, 13),
(16, 159, 29),
(17, 159, 30),
(16, 160, 14),
(16, 160, 30),
(17, 160, 31),
(17, 161, 2),
(17, 161, 60),
(45, 161, 42),
(52, 161, 66),
(66, 161, 42),
(87, 161, 9),
(94, 161, 178),
(101, 161, 96),
(122, 161, 88),
(122, 161, 207),
(185, 161, 86),
(185, 161, 143),
(185, 161, 158),
(199, 161, 82),
(199, 161, 117),
(206, 161, 99),
(206, 161, 117),
(206, 161, 164),
(206, 161, 231),
(213, 161, 69),
(17, 162, 7),
(66, 162, 48),
(66, 162, 51),
(101, 162, 114),
(108, 162, 275),
(171, 162, 87),
(171, 162, 94),
(171, 162, 100),
(171, 162, 103),
(185, 162, 0),
(185, 162, 52),
(185, 162, 162),
(192, 162, 68),
(17, 163, 8),
(17, 163, 72),
(17, 163, 120),
(66, 163, 77),
(87, 163, 15),
(94, 163, 21),
(94, 163, 113),
(178, 163, 143),
(178, 163, 160),
(178, 163, 165),
(178, 163, 195),
(206, 163, 64),
(206, 163, 207),
(17, 164, 9),
(17, 164, 102),
(171, 164, 11),
(17, 165, 10),
(17, 165, 46),
(17, 165, 87),
(24, 165, 71),
(24, 165, 102),
(24, 165, 105),
(24, 165, 137),
(31, 165, 68),
(31, 165, 98),
(31, 165, 102),
(38, 165, 9),
(38, 165, 18),
(80, 165, 124),
(87, 165, 4),
(94, 165, 66),
(101, 165, 1),
(101, 165, 94),
(108, 165, 53),
(108, 165, 103),
(108, 165, 132),
(108, 165, 167),
(108, 165, 175),
(108, 165, 198),
(108, 165, 210),
(108, 165, 226),
(108, 165, 245),
(108, 165, 264),
(108, 165, 283),
(122, 165, 52),
(122, 165, 171),
(150, 165, 6),
(156, 165, 7),
(156, 165, 26),
(157, 165, 37),
(157, 165, 100),
(157, 165, 124),
(170, 165, 2),
(170, 165, 12),
(171, 165, 19),
(171, 165, 39),
(178, 165, 11),
(178, 165, 36),
(178, 165, 37),
(178, 165, 100),
(178, 165, 157),
(185, 165, 121),
(192, 165, 16),
(192, 165, 39),
(192, 165, 65),
(192, 165, 88),
(192, 165, 145),
(199, 165, 96),
(199, 165, 100),
(206, 165, 0),
(206, 165, 154),
(206, 165, 193),
(206, 165, 273),
(213, 165, 18),
(213, 165, 68),
(17, 166, 11),
(17, 167, 12),
(17, 168, 13),
(65, 168, 12),
(65, 168, 36),
(66, 168, 23),
(66, 168, 87),
(17, 169, 15),
(17, 170, 17),
(24, 170, 10),
(24, 170, 41),
(24, 170, 85),
(66, 170, 75),
(72, 170, 7),
(72, 170, 20),
(73, 170, 11),
(73, 170, 21),
(73, 170, 72),
(108, 170, 316),
(171, 170, 124),
(17, 171, 18),
(17, 172, 19),
(17, 172, 145),
(17, 172, 161),
(171, 172, 41),
(17, 173, 20),
(23, 173, 4),
(23, 173, 13),
(24, 173, 1),
(24, 173, 11),
(24, 173, 43),
(213, 173, 101),
(17, 174, 21),
(23, 174, 5),
(23, 174, 14),
(24, 174, 2),
(24, 174, 12),
(24, 174, 44),
(213, 174, 102),
(17, 175, 29),
(59, 175, 19),
(129, 175, 2),
(150, 175, 71),
(157, 175, 43),
(171, 175, 134),
(171, 175, 141),
(199, 175, 70),
(17, 176, 33),
(17, 177, 34),
(17, 177, 199),
(24, 177, 109),
(178, 177, 10),
(178, 177, 33),
(178, 177, 96),
(17, 178, 40),
(66, 178, 83),
(17, 179, 41),
(94, 179, 13),
(157, 179, 48),
(199, 179, 67),
(206, 179, 284),
(213, 179, 112),
(17, 180, 42),
(24, 180, 16),
(31, 180, 94),
(66, 180, 49),
(73, 180, 82),
(79, 180, 3),
(79, 180, 27),
(101, 180, 49),
(101, 180, 100),
(122, 180, 2),
(122, 180, 121),
(129, 180, 48),
(149, 180, 5),
(149, 180, 16),
(150, 180, 22),
(192, 180, 19),
(192, 180, 29),
(192, 180, 120),
(192, 180, 125),
(198, 180, 3),
(198, 180, 17),
(213, 180, 10),
(17, 181, 43),
(17, 182, 44),
(17, 183, 45),
(17, 183, 117),
(59, 183, 79),
(17, 184, 47),
(17, 184, 57),
(17, 184, 83),
(17, 184, 114),
(24, 184, 74),
(17, 185, 48),
(171, 185, 120),
(17, 186, 49),
(17, 187, 50),
(17, 187, 164),
(122, 187, 65),
(122, 187, 184),
(129, 187, 114),
(178, 187, 140),
(206, 187, 18),
(17, 188, 51),
(17, 189, 53),
(17, 190, 54),
(31, 190, 143),
(73, 190, 58),
(129, 190, 302),
(185, 190, 135),
(192, 190, 115),
(17, 191, 55),
(66, 191, 76),
(108, 191, 86),
(185, 191, 95),
(199, 191, 115),
(17, 192, 56),
(17, 192, 82),
(17, 192, 113),
(192, 192, 140),
(192, 192, 164),
(17, 193, 58),
(38, 193, 40),
(51, 193, 11),
(51, 193, 31),
(73, 193, 35),
(73, 193, 88),
(163, 193, 4),
(163, 193, 25),
(192, 193, 117),
(17, 194, 63),
(17, 195, 64),
(150, 195, 60),
(17, 196, 66),
(170, 196, 1),
(170, 196, 11),
(17, 197, 67),
(31, 197, 46),
(31, 197, 87),
(206, 197, 33),
(206, 197, 50),
(206, 197, 68),
(206, 197, 187),
(206, 197, 279),
(213, 197, 95),
(213, 197, 265),
(17, 198, 70),
(157, 198, 133),
(171, 198, 32),
(171, 198, 76),
(206, 198, 25),
(206, 198, 113),
(206, 198, 218),
(213, 198, 57),
(17, 199, 75),
(108, 199, 243),
(199, 199, 122),
(17, 200, 76),
(17, 200, 93),
(31, 200, 129),
(31, 200, 147),
(31, 200, 159),
(38, 200, 48),
(108, 200, 342),
(17, 201, 79),
(66, 201, 29),
(199, 201, 92),
(206, 201, 152),
(206, 201, 271),
(17, 202, 80),
(101, 202, 41),
(17, 203, 86),
(17, 204, 88),
(17, 205, 90),
(17, 206, 92),
(17, 207, 94),
(17, 208, 99),
(17, 209, 100),
(17, 209, 105),
(94, 209, 67),
(17, 210, 103),
(17, 210, 167),
(31, 210, 118),
(59, 210, 71),
(59, 210, 75),
(80, 210, 13),
(80, 210, 27),
(94, 210, 201),
(108, 210, 105),
(108, 210, 149),
(108, 210, 189),
(108, 210, 225),
(192, 210, 69),
(213, 210, 115),
(213, 210, 242),
(17, 211, 104),
(24, 211, 95),
(24, 211, 130),
(192, 211, 82),
(213, 211, 173),
(17, 212, 109),
(31, 212, 6),
(192, 212, 84),
(17, 213, 112),
(66, 213, 17),
(66, 213, 62),
(66, 213, 72),
(66, 213, 95),
(80, 213, 117),
(101, 213, 40),
(101, 213, 51),
(101, 213, 79),
(108, 213, 100),
(108, 213, 120),
(108, 213, 172),
(108, 213, 195),
(149, 213, 7),
(149, 213, 18),
(178, 213, 6),
(178, 213, 159),
(178, 213, 187),
(192, 213, 139),
(192, 213, 163),
(213, 213, 157),
(17, 214, 115),
(129, 214, 79),
(129, 214, 153),
(17, 215, 121),
(66, 215, 78),
(142, 215, 9),
(142, 215, 27),
(206, 215, 11),
(17, 216, 122),
(72, 216, 4),
(72, 216, 17),
(73, 216, 9),
(17, 217, 123),
(17, 217, 128),
(78, 217, 12),
(78, 217, 22),
(78, 217, 34),
(78, 217, 44),
(78, 217, 54),
(85, 217, 8),
(85, 217, 22),
(85, 217, 34),
(85, 217, 46),
(85, 217, 55),
(92, 217, 12),
(92, 217, 24),
(92, 217, 38),
(92, 217, 52),
(92, 217, 64),
(99, 217, 12),
(99, 217, 24),
(99, 217, 36),
(99, 217, 48),
(99, 217, 58),
(106, 217, 8),
(106, 217, 18),
(106, 217, 30),
(106, 217, 39),
(106, 217, 49),
(106, 217, 59),
(113, 217, 10),
(113, 217, 20),
(113, 217, 30),
(113, 217, 41),
(115, 217, 7),
(115, 217, 16),
(120, 217, 10),
(120, 217, 20),
(120, 217, 37),
(120, 217, 49),
(127, 217, 8),
(127, 217, 20),
(127, 217, 32),
(127, 217, 44),
(127, 217, 54),
(134, 217, 8),
(134, 217, 28),
(134, 217, 38),
(141, 217, 10),
(141, 217, 20),
(141, 217, 29),
(141, 217, 38),
(141, 217, 48),
(142, 217, 1),
(142, 217, 19),
(17, 218, 124),
(17, 219, 125),
(17, 220, 126),
(17, 221, 129),
(17, 222, 130),
(17, 223, 131),
(17, 224, 132),
(17, 224, 174),
(66, 224, 85),
(178, 224, 48),
(178, 224, 68),
(178, 224, 79),
(178, 224, 91),
(206, 224, 118),
(206, 224, 166),
(17, 225, 133),
(17, 226, 134),
(17, 227, 136),
(17, 227, 144),
(17, 228, 137),
(17, 229, 139),
(17, 230, 140),
(24, 230, 81),
(31, 230, 96),
(38, 230, 13),
(80, 230, 1),
(94, 230, 49),
(129, 230, 269),
(199, 230, 21),
(199, 230, 32),
(213, 230, 12),
(213, 230, 38),
(17, 231, 141),
(17, 232, 142),
(17, 233, 146),
(17, 234, 148),
(17, 234, 165),
(101, 234, 80),
(17, 235, 149),
(101, 235, 59),
(17, 236, 151),
(38, 236, 25),
(108, 236, 8),
(129, 236, 132),
(185, 236, 184),
(17, 237, 153),
(24, 237, 75),
(66, 237, 46),
(108, 237, 40),
(108, 237, 270),
(108, 237, 309),
(108, 237, 335),
(108, 237, 336),
(115, 237, 2),
(171, 237, 47),
(171, 237, 58),
(171, 237, 80),
(171, 237, 121),
(17, 238, 155),
(66, 238, 21),
(73, 238, 53),
(73, 238, 54),
(87, 238, 28),
(101, 238, 10),
(101, 238, 85),
(206, 238, 286),
(213, 238, 168),
(17, 239, 156),
(17, 240, 157),
(17, 241, 158),
(17, 242, 160),
(17, 242, 207),
(31, 242, 23),
(129, 242, 215),
(171, 242, 8),
(185, 242, 177),
(17, 243, 166),
(17, 244, 168),
(80, 244, 68),
(80, 244, 111),
(150, 244, 52),
(150, 244, 89),
(157, 244, 126),
(171, 244, 24),
(171, 244, 31),
(171, 244, 144),
(206, 244, 138),
(213, 244, 90),
(213, 244, 123),
(213, 244, 145),
(17, 245, 170),
(17, 246, 172),
(17, 247, 176),
(73, 247, 66),
(94, 247, 181),
(94, 247, 197),
(171, 247, 61),
(17, 248, 177),
(17, 249, 178),
(17, 250, 179),
(17, 251, 180),
(17, 252, 182),
(17, 253, 183),
(23, 253, 8),
(23, 253, 17),
(24, 253, 5),
(24, 253, 47),
(17, 254, 184),
(129, 254, 117),
(17, 255, 185),
(66, 255, 57),
(73, 255, 61),
(87, 255, 44),
(94, 255, 176),
(108, 255, 322),
(108, 255, 330),
(178, 255, 129),
(185, 255, 155),
(17, 256, 186),
(108, 256, 307),
(171, 256, 81),
(171, 256, 97),
(171, 256, 113),
(17, 257, 189),
(17, 258, 190),
(66, 258, 32),
(150, 258, 77),
(17, 259, 192),
(17, 260, 194),
(17, 261, 196),
(101, 261, 86),
(157, 261, 71),
(178, 261, 30),
(206, 261, 150),
(206, 261, 269),
(206, 261, 291),
(17, 262, 197),
(80, 262, 36),
(80, 262, 71),
(80, 262, 153),
(108, 262, 94),
(108, 262, 129),
(122, 262, 40),
(122, 262, 159),
(129, 262, 300),
(157, 262, 57),
(171, 262, 133),
(171, 262, 153),
(185, 262, 36),
(185, 262, 62),
(199, 262, 79),
(206, 262, 88),
(213, 262, 71),
(213, 262, 148),
(213, 262, 221),
(17, 263, 198),
(17, 264, 201),
(17, 265, 204),
(17, 266, 206),
(185, 266, 170),
(17, 267, 209),
(17, 268, 210),
(31, 268, 19),
(31, 268, 28),
(150, 268, 92),
(185, 268, 30),
(192, 268, 23),
(192, 268, 43),
(206, 268, 126),
(206, 268, 260),
(213, 268, 225),
(213, 268, 256),
(17, 269, 213),
(17, 270, 215),
(31, 270, 150),
(108, 270, 298),
(108, 270, 325),
(22, 271, 16),
(22, 271, 19),
(22, 272, 28),
(22, 272, 30),
(43, 272, 0),
(43, 272, 2),
(22, 273, 29),
(22, 273, 31),
(43, 273, 1),
(43, 273, 3),
(22, 274, 39),
(38, 274, 11),
(38, 274, 20),
(38, 274, 35),
(38, 274, 47),
(43, 274, 25),
(43, 274, 37),
(43, 274, 49),
(43, 274, 61),
(71, 274, 13),
(71, 274, 25),
(71, 274, 37),
(71, 274, 47),
(71, 274, 59),
(157, 274, 1),
(157, 274, 27),
(157, 274, 39),
(157, 274, 62),
(157, 274, 95),
(23, 275, 1),
(23, 275, 10),
(24, 275, 88),
(24, 275, 96),
(24, 275, 103),
(24, 275, 119),
(24, 275, 122),
(24, 275, 131),
(24, 275, 138),
(24, 275, 141),
(178, 275, 39),
(178, 275, 102),
(23, 276, 2),
(23, 276, 11),
(24, 276, 89),
(24, 276, 97),
(24, 276, 104),
(24, 276, 120),
(24, 276, 123),
(24, 276, 132),
(24, 276, 139),
(24, 276, 142),
(23, 277, 3),
(23, 277, 12),
(24, 277, 0),
(24, 277, 42),
(114, 277, 7),
(114, 277, 19),
(115, 277, 47),
(23, 278, 6),
(23, 278, 15),
(24, 278, 3),
(24, 278, 45),
(94, 278, 198),
(23, 279, 7),
(23, 279, 16),
(24, 279, 4),
(24, 279, 46),
(24, 280, 8),
(38, 280, 33),
(66, 280, 38),
(73, 280, 3),
(94, 280, 47),
(108, 280, 50),
(199, 280, 19),
(24, 281, 9),
(24, 282, 14),
(122, 282, 66),
(122, 282, 185),
(206, 282, 72),
(24, 283, 15),
(171, 283, 37),
(24, 284, 17),
(24, 285, 19),
(24, 286, 20),
(80, 286, 100),
(108, 286, 136),
(24, 287, 21),
(213, 287, 33),
(24, 288, 22),
(24, 288, 24),
(171, 288, 99),
(24, 289, 23),
(59, 289, 82),
(87, 289, 31),
(122, 289, 48),
(122, 289, 167),
(150, 289, 25),
(171, 289, 84),
(192, 289, 57),
(199, 289, 106),
(199, 289, 114),
(206, 289, 8),
(206, 289, 29),
(213, 289, 122),
(24, 290, 25),
(24, 290, 28),
(24, 290, 31),
(24, 290, 35),
(108, 290, 267),
(24, 291, 26),
(24, 291, 32),
(59, 291, 86),
(80, 291, 74),
(87, 291, 33),
(122, 291, 50),
(122, 291, 169),
(150, 291, 30),
(171, 291, 88),
(192, 291, 103),
(206, 291, 12),
(24, 292, 27),
(24, 292, 34),
(24, 292, 63),
(38, 292, 44),
(80, 292, 150),
(94, 292, 28),
(129, 292, 162),
(129, 292, 281),
(150, 292, 36),
(157, 292, 79),
(157, 292, 97),
(157, 292, 120),
(157, 292, 131),
(171, 292, 150),
(178, 292, 171),
(206, 292, 30),
(213, 292, 267),
(24, 293, 30),
(24, 293, 33),
(24, 294, 36),
(24, 295, 38),
(24, 296, 39),
(24, 297, 40),
(66, 297, 56),
(129, 297, 247),
(171, 297, 85),
(171, 297, 152),
(178, 297, 107),
(178, 297, 114),
(199, 297, 53),
(206, 297, 103),
(213, 297, 213),
(24, 298, 48),
(24, 298, 60),
(108, 298, 151),
(108, 298, 181),
(171, 298, 51),
(206, 298, 120),
(206, 298, 159),
(24, 299, 49),
(24, 300, 51),
(24, 301, 53),
(38, 301, 17),
(59, 301, 29),
(157, 301, 8),
(199, 301, 55),
(24, 302, 54),
(24, 303, 55),
(24, 303, 110),
(185, 303, 140),
(24, 304, 57),
(108, 304, 333),
(171, 304, 114),
(24, 305, 58),
(24, 306, 59),
(38, 306, 29),
(94, 306, 97),
(101, 306, 46),
(108, 306, 20),
(108, 306, 27),
(108, 306, 242),
(108, 306, 285),
(108, 306, 318),
(122, 306, 43),
(122, 306, 162),
(129, 306, 19),
(129, 306, 271),
(157, 306, 78),
(157, 306, 119),
(171, 306, 111),
(206, 306, 63),
(213, 306, 197),
(24, 307, 61),
(101, 307, 112),
(178, 307, 51),
(192, 307, 95),
(192, 307, 101),
(192, 307, 110),
(199, 307, 126),
(206, 307, 128),
(206, 307, 262),
(24, 308, 64),
(206, 308, 216),
(24, 309, 65),
(213, 309, 203),
(24, 310, 66),
(24, 311, 67),
(192, 311, 142),
(24, 312, 69),
(24, 313, 70),
(192, 313, 149),
(24, 314, 72),
(199, 314, 12),
(24, 315, 73),
(80, 315, 102),
(80, 315, 127),
(108, 315, 109),
(115, 315, 26),
(24, 316, 77),
(177, 316, 5),
(177, 316, 27),
(24, 317, 79),
(192, 317, 156),
(206, 317, 198),
(213, 317, 263),
(24, 318, 80),
(31, 318, 95),
(38, 318, 12),
(80, 318, 0),
(94, 318, 48),
(199, 318, 20),
(199, 318, 31),
(213, 318, 11),
(213, 318, 37),
(24, 319, 83),
(24, 320, 90),
(101, 320, 0),
(129, 320, 0),
(213, 320, 205),
(24, 321, 92),
(24, 322, 93),
(24, 322, 98),
(199, 322, 59),
(24, 323, 94),
(66, 323, 31),
(185, 323, 90),
(24, 324, 106),
(108, 324, 227),
(24, 325, 108),
(94, 325, 81),
(24, 326, 111),
(192, 326, 154),
(24, 327, 113),
(24, 328, 115),
(51, 328, 1),
(51, 328, 17),
(51, 328, 21),
(51, 328, 37),
(101, 328, 64),
(163, 328, 0),
(163, 328, 21),
(24, 329, 124),
(150, 329, 82),
(192, 329, 136),
(24, 330, 125),
(24, 331, 127),
(213, 331, 67),
(24, 332, 129),
(192, 332, 8),
(213, 332, 151),
(213, 332, 170),
(213, 332, 231),
(24, 333, 133),
(24, 334, 135),
(73, 334, 55),
(185, 334, 132),
(24, 335, 136),
(24, 336, 143),
(30, 336, 2),
(30, 336, 12),
(31, 336, 50),
(31, 336, 108),
(31, 336, 116),
(31, 336, 122),
(100, 336, 6),
(100, 336, 20),
(163, 336, 9),
(163, 336, 30),
(24, 337, 144),
(29, 338, 0),
(29, 338, 2),
(29, 339, 1),
(29, 339, 3),
(176, 339, 21),
(176, 339, 22),
(29, 340, 10),
(50, 340, 24),
(50, 340, 25),
(29, 341, 11),
(78, 341, 2),
(78, 341, 5),
(30, 342, 1),
(30, 342, 11),
(31, 342, 0),
(31, 342, 15),
(31, 342, 49),
(31, 342, 107),
(31, 342, 115),
(31, 342, 121),
(44, 342, 3),
(44, 342, 11),
(185, 342, 27),
(199, 342, 18),
(199, 342, 66),
(199, 342, 127),
(205, 342, 7),
(205, 342, 27),
(206, 342, 17),
(206, 342, 122),
(206, 342, 146),
(206, 342, 174),
(206, 342, 196),
(206, 342, 256),
(206, 342, 267),
(30, 343, 3),
(30, 343, 13),
(31, 343, 51),
(31, 343, 93),
(31, 343, 109),
(31, 343, 117),
(31, 343, 123),
(38, 343, 42),
(30, 344, 5),
(30, 344, 15),
(31, 344, 7),
(31, 344, 47),
(31, 344, 88),
(80, 344, 81),
(184, 344, 6),
(184, 344, 18),
(185, 344, 23),
(185, 344, 46),
(185, 344, 96),
(185, 344, 117),
(199, 344, 107),
(30, 345, 6),
(30, 345, 16),
(31, 345, 61),
(31, 345, 89),
(65, 345, 18),
(65, 345, 42),
(66, 345, 66),
(66, 345, 104),
(94, 345, 53),
(122, 345, 92),
(122, 345, 211),
(206, 345, 54),
(30, 346, 7),
(30, 346, 17),
(31, 346, 62),
(31, 346, 90),
(30, 347, 8),
(30, 347, 18),
(31, 347, 63),
(101, 347, 30),
(128, 347, 11),
(128, 347, 24),
(129, 347, 7),
(185, 347, 125),
(31, 348, 2),
(31, 348, 120),
(31, 348, 125),
(31, 348, 141),
(80, 348, 96),
(108, 348, 289),
(108, 348, 327),
(171, 348, 10),
(185, 348, 138),
(199, 348, 101),
(31, 349, 3),
(52, 349, 67),
(31, 350, 9),
(31, 350, 140),
(31, 350, 146),
(66, 350, 64),
(80, 350, 146),
(101, 350, 106),
(108, 350, 319),
(115, 350, 42),
(171, 350, 101),
(178, 350, 156),
(185, 350, 154),
(185, 350, 160),
(185, 350, 169),
(192, 350, 48),
(192, 350, 55),
(31, 351, 10),
(80, 351, 147),
(31, 352, 12),
(80, 352, 56),
(80, 352, 99),
(80, 352, 154),
(122, 352, 41),
(122, 352, 160),
(157, 352, 63),
(157, 352, 87),
(157, 352, 96),
(157, 352, 138),
(185, 352, 56),
(199, 352, 80),
(206, 352, 89),
(213, 352, 149),
(31, 353, 13),
(31, 353, 36),
(80, 353, 160),
(94, 353, 119),
(129, 353, 159),
(129, 353, 194),
(129, 353, 206),
(129, 353, 233),
(157, 353, 81),
(178, 353, 173),
(178, 353, 198),
(213, 353, 193),
(213, 353, 211),
(31, 354, 14),
(73, 354, 39),
(94, 354, 93),
(101, 354, 99),
(108, 354, 252),
(178, 354, 41),
(178, 354, 88),
(178, 354, 109),
(185, 354, 127),
(205, 354, 6),
(205, 354, 26),
(206, 354, 16),
(206, 354, 81),
(206, 354, 173),
(206, 354, 195),
(31, 355, 17),
(101, 355, 38),
(108, 355, 241),
(129, 355, 52),
(178, 355, 111),
(185, 355, 130),
(31, 356, 18),
(59, 356, 20),
(80, 356, 79),
(94, 356, 24),
(122, 356, 46),
(122, 356, 165),
(185, 356, 24),
(192, 356, 86),
(213, 356, 200),
(213, 356, 218),
(31, 357, 20),
(38, 357, 0),
(108, 357, 0),
(157, 357, 0),
(171, 357, 119),
(31, 358, 21),
(31, 359, 24),
(31, 360, 27),
(31, 361, 30),
(31, 362, 31),
(31, 363, 32),
(157, 363, 107),
(178, 363, 56),
(31, 364, 34),
(31, 364, 134),
(108, 364, 22),
(108, 364, 51),
(108, 364, 89),
(108, 364, 96),
(108, 364, 199),
(129, 364, 26),
(157, 364, 86),
(171, 364, 45),
(171, 364, 148),
(192, 364, 58),
(206, 364, 213),
(31, 365, 35),
(108, 365, 157),
(122, 365, 25),
(122, 365, 144),
(129, 365, 232),
(150, 365, 20),
(150, 365, 74),
(206, 365, 214),
(31, 366, 42),
(31, 367, 57),
(73, 367, 41),
(73, 367, 51),
(115, 367, 24),
(171, 367, 110),
(185, 367, 144),
(213, 367, 166),
(31, 368, 59),
(31, 369, 60),
(31, 370, 67),
(31, 371, 69),
(66, 371, 82),
(108, 371, 95),
(150, 371, 12),
(171, 371, 146),
(31, 372, 70),
(31, 372, 74),
(31, 372, 76),
(31, 373, 72),
(185, 373, 63),
(213, 373, 24),
(31, 374, 73),
(59, 374, 35),
(129, 374, 141),
(192, 374, 109),
(206, 374, 215),
(213, 374, 210),
(31, 375, 75),
(108, 375, 276),
(171, 375, 68),
(31, 376, 79),
(44, 376, 1),
(44, 376, 9),
(79, 376, 0),
(79, 376, 24),
(107, 376, 3),
(107, 376, 17),
(108, 376, 41),
(108, 376, 200),
(108, 376, 229),
(108, 376, 292),
(31, 377, 80),
(65, 377, 0),
(65, 377, 24),
(31, 378, 81),
(31, 379, 82),
(31, 380, 92),
(94, 380, 142),
(108, 380, 155),
(129, 380, 45),
(150, 380, 63),
(31, 381, 97),
(38, 381, 41),
(45, 381, 22),
(45, 381, 48),
(45, 381, 56),
(45, 381, 59),
(45, 381, 63),
(45, 381, 68),
(45, 381, 73),
(198, 381, 4),
(198, 381, 18),
(199, 381, 17),
(199, 381, 33),
(206, 381, 145),
(206, 381, 266),
(31, 382, 99),
(31, 383, 101),
(94, 383, 121),
(171, 383, 96),
(178, 383, 170),
(31, 384, 105),
(94, 384, 100),
(108, 384, 296),
(171, 384, 82),
(31, 385, 106),
(31, 386, 110),
(80, 386, 87),
(31, 387, 111),
(31, 388, 112),
(31, 389, 114),
(31, 390, 119),
(31, 391, 124),
(129, 391, 199),
(129, 391, 227),
(171, 391, 78),
(31, 392, 127),
(31, 393, 128),
(31, 394, 130),
(163, 394, 12),
(163, 394, 33),
(198, 394, 2),
(198, 394, 16),
(199, 394, 44),
(199, 394, 61),
(31, 395, 131),
(31, 396, 133),
(31, 397, 137),
(157, 397, 99),
(31, 398, 139),
(31, 399, 142),
(73, 399, 57),
(185, 399, 134),
(31, 400, 145),
(31, 401, 148),
(94, 401, 184),
(31, 402, 149),
(108, 402, 72),
(108, 402, 324),
(122, 402, 73),
(122, 402, 192),
(185, 402, 5),
(31, 403, 151),
(108, 403, 326),
(122, 403, 77),
(122, 403, 196),
(171, 403, 2),
(213, 403, 108),
(31, 404, 152),
(31, 405, 153),
(31, 406, 156),
(31, 407, 158),
(31, 408, 160),
(36, 409, 0),
(155, 409, 12),
(155, 409, 14),
(36, 410, 1),
(155, 410, 13),
(155, 410, 15),
(36, 411, 8),
(36, 411, 10),
(197, 411, 21),
(197, 411, 23),
(36, 412, 9),
(36, 412, 11),
(57, 412, 0),
(57, 412, 2),
(197, 412, 22),
(197, 412, 24),
(36, 413, 18),
(36, 413, 20),
(36, 414, 19),
(36, 414, 21),
(37, 415, 0),
(37, 415, 14),
(58, 415, 0),
(58, 415, 13),
(192, 415, 10),
(37, 416, 1),
(37, 416, 15),
(58, 416, 2),
(58, 416, 15),
(59, 416, 43),
(37, 417, 2),
(37, 417, 16),
(58, 417, 3),
(58, 417, 16),
(59, 417, 44),
(115, 417, 34),
(37, 418, 3),
(37, 418, 17),
(58, 418, 4),
(58, 418, 17),
(59, 418, 45),
(185, 418, 21),
(37, 419, 5),
(37, 419, 19),
(38, 419, 3),
(101, 419, 110),
(178, 419, 82),
(37, 420, 6),
(37, 420, 20),
(38, 420, 24),
(38, 420, 30),
(37, 421, 7),
(37, 421, 21),
(38, 421, 31),
(37, 422, 8),
(37, 422, 22),
(58, 422, 7),
(58, 422, 20),
(72, 422, 6),
(72, 422, 19),
(73, 422, 71),
(135, 422, 4),
(135, 422, 15),
(171, 422, 16),
(37, 423, 11),
(37, 423, 25),
(38, 424, 1),
(38, 425, 4),
(38, 426, 6),
(38, 427, 7),
(80, 427, 22),
(80, 427, 39),
(80, 427, 70),
(80, 427, 76),
(101, 427, 33),
(150, 427, 54),
(150, 427, 57),
(157, 427, 50),
(171, 427, 26),
(178, 427, 191),
(199, 427, 75),
(38, 428, 8),
(38, 428, 15),
(38, 429, 10),
(38, 429, 19),
(150, 429, 78),
(157, 429, 22),
(157, 429, 38),
(38, 430, 14),
(66, 430, 44),
(80, 430, 2),
(185, 430, 26),
(213, 430, 198),
(38, 431, 22),
(38, 432, 23),
(94, 432, 148),
(100, 432, 3),
(100, 432, 17),
(191, 432, 1),
(191, 432, 14),
(38, 433, 27),
(171, 433, 9),
(38, 434, 28),
(38, 434, 32),
(38, 435, 34),
(171, 435, 73),
(206, 435, 121),
(206, 435, 255),
(38, 436, 36),
(38, 437, 39),
(38, 438, 45),
(38, 439, 46),
(38, 440, 49),
(94, 440, 40),
(94, 440, 203),
(192, 440, 102),
(212, 440, 8),
(212, 440, 21),
(213, 440, 139),
(213, 440, 238),
(43, 441, 12),
(43, 441, 15),
(78, 441, 0),
(78, 441, 3),
(43, 442, 13),
(43, 442, 16),
(43, 443, 14),
(43, 443, 17),
(106, 443, 0),
(106, 443, 1),
(43, 444, 26),
(43, 444, 28),
(43, 445, 27),
(43, 445, 29),
(43, 446, 38),
(43, 446, 40),
(183, 446, 8),
(183, 446, 10),
(43, 447, 39),
(43, 447, 41),
(190, 447, 3),
(190, 447, 5),
(43, 448, 50),
(43, 448, 52),
(141, 448, 31),
(43, 449, 51),
(43, 449, 53),
(44, 450, 2),
(44, 450, 10),
(44, 451, 4),
(44, 451, 12),
(45, 451, 14),
(44, 452, 5),
(44, 452, 13),
(45, 453, 0),
(45, 454, 4),
(45, 454, 16),
(45, 454, 27),
(45, 454, 38),
(52, 454, 182),
(164, 454, 121),
(45, 455, 5),
(45, 456, 7),
(45, 457, 8),
(45, 458, 9),
(45, 458, 15),
(45, 459, 10),
(45, 459, 13),
(45, 460, 11),
(45, 461, 12),
(45, 462, 17),
(45, 463, 18),
(45, 464, 19),
(45, 464, 39),
(143, 464, 21),
(143, 464, 40),
(45, 465, 20),
(45, 466, 21),
(45, 466, 28),
(45, 466, 34),
(45, 466, 40),
(45, 466, 47),
(45, 466, 58),
(45, 466, 67),
(52, 466, 185),
(94, 466, 103),
(164, 466, 79),
(164, 466, 81),
(164, 466, 124),
(45, 467, 23),
(164, 467, 52),
(45, 468, 24),
(45, 469, 25),
(45, 469, 33),
(164, 469, 78),
(45, 470, 26),
(45, 471, 29),
(45, 471, 35),
(52, 471, 186),
(45, 472, 31),
(136, 472, 47),
(45, 473, 32),
(52, 473, 180),
(136, 473, 19),
(164, 473, 89),
(164, 473, 119),
(164, 473, 127),
(45, 474, 36),
(164, 474, 98),
(45, 475, 37),
(52, 475, 181),
(143, 475, 23),
(164, 475, 120),
(45, 476, 41),
(45, 477, 44),
(45, 478, 45),
(45, 479, 49),
(45, 480, 50),
(45, 481, 51),
(45, 482, 52),
(45, 483, 53),
(52, 483, 75),
(52, 483, 98),
(52, 483, 177),
(136, 483, 72),
(143, 483, 4),
(164, 483, 104),
(164, 483, 118),
(45, 484, 54),
(45, 484, 61),
(45, 484, 71),
(136, 484, 67),
(45, 485, 55),
(45, 485, 62),
(45, 485, 72),
(45, 486, 57),
(45, 487, 60),
(45, 488, 64),
(45, 489, 66),
(45, 490, 69),
(45, 491, 70),
(50, 492, 8),
(50, 492, 9),
(162, 492, 0),
(162, 492, 2),
(50, 493, 16),
(50, 493, 17),
(50, 494, 32),
(50, 494, 33),
(51, 495, 0),
(51, 495, 20),
(149, 495, 6),
(149, 495, 17),
(213, 495, 13),
(51, 496, 2),
(51, 496, 18),
(51, 496, 22),
(51, 496, 38),
(94, 496, 168),
(163, 496, 1),
(163, 496, 22),
(51, 497, 3),
(51, 497, 23),
(52, 497, 36),
(52, 497, 38),
(52, 497, 42),
(52, 497, 49),
(52, 497, 60),
(52, 497, 79),
(52, 497, 91),
(52, 497, 101),
(52, 497, 112),
(52, 497, 132),
(52, 497, 139),
(52, 497, 153),
(163, 497, 14),
(163, 497, 35),
(164, 497, 32),
(164, 497, 35),
(164, 497, 55),
(164, 497, 59),
(164, 497, 67),
(164, 497, 107),
(198, 497, 12);
INSERT INTO `submission_search_object_keywords` (`object_id`, `keyword_id`, `pos`) VALUES
(198, 497, 26),
(199, 497, 56),
(51, 498, 4),
(51, 498, 24),
(52, 498, 39),
(52, 498, 102),
(52, 498, 113),
(52, 498, 133),
(52, 498, 140),
(52, 498, 154),
(51, 499, 5),
(51, 499, 25),
(52, 499, 40),
(52, 499, 103),
(52, 499, 114),
(52, 499, 134),
(52, 499, 141),
(52, 499, 155),
(51, 500, 7),
(51, 500, 27),
(52, 500, 31),
(52, 500, 44),
(163, 500, 17),
(163, 500, 38),
(164, 500, 36),
(164, 500, 60),
(164, 500, 69),
(51, 501, 9),
(51, 501, 29),
(52, 501, 33),
(52, 501, 46),
(163, 501, 19),
(163, 501, 40),
(164, 501, 38),
(164, 501, 61),
(164, 501, 71),
(51, 502, 12),
(51, 502, 32),
(80, 502, 3),
(80, 502, 23),
(80, 502, 30),
(80, 502, 42),
(80, 502, 119),
(93, 502, 6),
(93, 502, 20),
(94, 502, 5),
(94, 502, 39),
(94, 502, 43),
(94, 502, 69),
(142, 502, 8),
(142, 502, 26),
(150, 502, 79),
(163, 502, 5),
(163, 502, 26),
(178, 502, 58),
(199, 502, 4),
(206, 502, 1),
(206, 502, 14),
(206, 502, 42),
(212, 502, 0),
(212, 502, 13),
(213, 502, 107),
(51, 503, 13),
(51, 503, 33),
(65, 503, 15),
(65, 503, 20),
(65, 503, 39),
(65, 503, 44),
(66, 503, 14),
(66, 503, 26),
(66, 503, 68),
(66, 503, 106),
(142, 503, 6),
(142, 503, 24),
(163, 503, 3),
(163, 503, 6),
(163, 503, 24),
(163, 503, 27),
(198, 503, 7),
(198, 503, 21),
(199, 503, 6),
(199, 503, 48),
(51, 504, 14),
(51, 504, 34),
(80, 504, 7),
(142, 504, 7),
(142, 504, 25),
(163, 504, 7),
(163, 504, 28),
(206, 504, 140),
(206, 504, 201),
(213, 504, 207),
(213, 504, 217),
(51, 505, 15),
(51, 505, 35),
(163, 505, 8),
(163, 505, 29),
(206, 505, 141),
(206, 505, 202),
(51, 506, 19),
(51, 506, 39),
(52, 507, 0),
(59, 507, 0),
(192, 507, 148),
(206, 507, 220),
(213, 507, 8),
(52, 508, 1),
(52, 508, 17),
(52, 509, 2),
(52, 509, 19),
(52, 509, 26),
(52, 510, 3),
(52, 510, 20),
(52, 510, 27),
(52, 511, 4),
(52, 512, 5),
(52, 512, 12),
(52, 513, 6),
(52, 514, 7),
(52, 515, 8),
(52, 516, 9),
(52, 516, 58),
(164, 516, 2),
(164, 516, 4),
(164, 516, 46),
(52, 517, 10),
(101, 517, 16),
(52, 518, 11),
(52, 519, 13),
(52, 519, 22),
(52, 519, 56),
(164, 519, 0),
(164, 519, 45),
(52, 520, 14),
(52, 520, 23),
(52, 520, 57),
(164, 520, 1),
(52, 521, 15),
(52, 521, 24),
(52, 522, 16),
(52, 523, 18),
(52, 523, 25),
(52, 524, 21),
(52, 525, 28),
(164, 525, 9),
(52, 526, 29),
(136, 526, 89),
(164, 526, 10),
(52, 527, 30),
(52, 528, 32),
(52, 528, 45),
(164, 528, 70),
(52, 529, 35),
(52, 529, 37),
(52, 529, 41),
(52, 529, 48),
(52, 529, 59),
(52, 529, 78),
(52, 529, 90),
(52, 529, 100),
(52, 529, 111),
(52, 529, 131),
(52, 529, 138),
(52, 529, 152),
(163, 529, 13),
(163, 529, 34),
(164, 529, 34),
(164, 529, 58),
(213, 529, 5),
(52, 530, 43),
(52, 531, 50),
(52, 532, 51),
(52, 533, 52),
(52, 534, 53),
(52, 535, 55),
(52, 536, 61),
(52, 537, 62),
(52, 537, 107),
(52, 537, 156),
(164, 537, 109),
(52, 538, 63),
(52, 539, 65),
(52, 540, 68),
(143, 540, 33),
(178, 540, 8),
(52, 541, 70),
(143, 541, 38),
(52, 542, 71),
(52, 542, 158),
(52, 542, 164),
(164, 542, 111),
(52, 543, 73),
(52, 543, 124),
(52, 543, 175),
(136, 543, 73),
(164, 543, 3),
(52, 544, 76),
(52, 544, 92),
(52, 544, 95),
(52, 544, 119),
(52, 544, 129),
(52, 545, 77),
(52, 545, 93),
(52, 545, 97),
(52, 545, 121),
(52, 545, 130),
(164, 545, 106),
(52, 546, 80),
(52, 546, 85),
(52, 546, 89),
(164, 546, 126),
(52, 547, 81),
(52, 548, 82),
(52, 549, 83),
(164, 549, 100),
(52, 550, 84),
(52, 550, 86),
(52, 550, 150),
(164, 550, 99),
(164, 550, 125),
(52, 551, 87),
(52, 552, 88),
(164, 552, 101),
(52, 553, 94),
(52, 554, 99),
(164, 554, 103),
(164, 554, 108),
(52, 555, 104),
(52, 556, 105),
(52, 557, 108),
(52, 557, 157),
(136, 557, 71),
(164, 557, 110),
(52, 558, 110),
(136, 558, 38),
(52, 559, 115),
(52, 560, 116),
(52, 561, 117),
(52, 562, 118),
(52, 563, 122),
(52, 563, 159),
(164, 563, 65),
(164, 563, 96),
(52, 564, 123),
(52, 564, 137),
(52, 564, 160),
(136, 564, 79),
(164, 564, 94),
(52, 565, 125),
(52, 566, 127),
(143, 566, 39),
(52, 567, 142),
(52, 568, 144),
(52, 569, 145),
(52, 570, 147),
(52, 571, 148),
(52, 572, 151),
(52, 573, 161),
(52, 574, 162),
(52, 575, 163),
(52, 576, 167),
(52, 577, 168),
(52, 578, 170),
(52, 579, 172),
(164, 579, 33),
(164, 579, 114),
(52, 580, 173),
(164, 580, 115),
(52, 581, 176),
(52, 582, 179),
(52, 583, 183),
(164, 583, 122),
(52, 584, 184),
(164, 584, 80),
(164, 584, 123),
(57, 585, 1),
(57, 585, 3),
(57, 586, 10),
(57, 586, 11),
(57, 587, 18),
(57, 587, 20),
(57, 588, 19),
(57, 588, 21),
(57, 589, 28),
(57, 589, 31),
(57, 590, 29),
(57, 590, 32),
(57, 591, 30),
(57, 591, 33),
(57, 592, 40),
(57, 593, 41),
(57, 594, 42),
(58, 595, 1),
(58, 595, 14),
(59, 595, 42),
(58, 596, 6),
(58, 596, 19),
(59, 596, 47),
(59, 596, 49),
(58, 597, 10),
(58, 597, 23),
(59, 598, 1),
(80, 598, 10),
(59, 599, 2),
(94, 599, 10),
(59, 600, 4),
(59, 600, 11),
(80, 600, 105),
(108, 600, 262),
(150, 600, 35),
(213, 600, 94),
(59, 601, 7),
(80, 601, 107),
(94, 601, 79),
(122, 601, 22),
(122, 601, 26),
(122, 601, 141),
(122, 601, 145),
(192, 601, 47),
(213, 601, 72),
(59, 602, 8),
(122, 602, 23),
(122, 602, 75),
(122, 602, 142),
(122, 602, 194),
(59, 603, 10),
(80, 603, 132),
(80, 603, 163),
(157, 603, 68),
(178, 603, 153),
(185, 603, 39),
(185, 603, 60),
(199, 603, 9),
(199, 603, 45),
(199, 603, 113),
(206, 603, 21),
(213, 603, 254),
(59, 604, 12),
(59, 604, 23),
(59, 605, 13),
(129, 605, 49),
(150, 605, 68),
(199, 605, 13),
(59, 606, 14),
(129, 606, 50),
(150, 606, 69),
(171, 606, 98),
(185, 606, 32),
(59, 607, 15),
(157, 607, 14),
(59, 608, 16),
(128, 608, 3),
(128, 608, 16),
(171, 608, 29),
(59, 609, 21),
(59, 610, 24),
(94, 610, 132),
(94, 610, 138),
(94, 610, 156),
(94, 610, 182),
(59, 611, 26),
(66, 611, 96),
(157, 611, 101),
(157, 611, 108),
(59, 612, 30),
(66, 612, 97),
(108, 612, 97),
(108, 612, 170),
(157, 612, 102),
(178, 612, 72),
(59, 613, 31),
(59, 613, 59),
(59, 614, 33),
(59, 614, 66),
(157, 614, 74),
(157, 614, 103),
(157, 614, 137),
(59, 615, 34),
(59, 616, 36),
(59, 616, 50),
(115, 616, 35),
(59, 617, 38),
(213, 617, 208),
(59, 618, 40),
(59, 619, 48),
(59, 620, 52),
(59, 621, 53),
(59, 622, 55),
(59, 623, 56),
(59, 624, 57),
(65, 624, 13),
(65, 624, 37),
(66, 624, 24),
(66, 624, 88),
(59, 625, 58),
(150, 625, 51),
(157, 625, 7),
(213, 625, 141),
(59, 626, 61),
(129, 626, 198),
(59, 627, 63),
(59, 628, 64),
(59, 629, 67),
(59, 630, 70),
(59, 631, 72),
(59, 632, 73),
(59, 633, 76),
(59, 634, 78),
(59, 635, 80),
(59, 636, 84),
(94, 636, 141),
(59, 637, 85),
(59, 638, 87),
(64, 639, 0),
(64, 639, 3),
(155, 639, 19),
(155, 639, 22),
(155, 639, 28),
(155, 639, 31),
(64, 640, 1),
(64, 640, 4),
(155, 640, 20),
(155, 640, 23),
(155, 640, 29),
(155, 640, 32),
(190, 640, 2),
(190, 640, 4),
(204, 640, 0),
(204, 640, 2),
(64, 641, 2),
(64, 641, 5),
(64, 642, 22),
(64, 642, 24),
(71, 642, 26),
(71, 642, 28),
(64, 643, 23),
(64, 643, 25),
(71, 643, 27),
(71, 643, 29),
(64, 644, 32),
(64, 644, 34),
(64, 645, 33),
(64, 645, 35),
(85, 645, 25),
(85, 645, 27),
(99, 645, 1),
(99, 645, 4),
(113, 645, 32),
(211, 645, 1),
(211, 645, 4),
(64, 646, 42),
(64, 646, 44),
(71, 646, 38),
(64, 647, 43),
(64, 647, 45),
(71, 647, 39),
(65, 648, 8),
(65, 648, 32),
(66, 648, 10),
(66, 648, 33),
(80, 648, 139),
(114, 648, 1),
(114, 648, 13),
(115, 648, 55),
(65, 649, 9),
(65, 649, 33),
(66, 649, 11),
(66, 649, 18),
(66, 649, 34),
(66, 649, 90),
(65, 650, 10),
(65, 650, 34),
(66, 650, 12),
(66, 650, 19),
(66, 650, 35),
(66, 650, 91),
(65, 651, 11),
(65, 651, 35),
(66, 651, 22),
(66, 651, 86),
(171, 651, 1),
(65, 652, 16),
(65, 652, 40),
(66, 652, 15),
(66, 652, 27),
(198, 652, 8),
(198, 652, 22),
(199, 652, 41),
(65, 653, 17),
(65, 653, 41),
(66, 653, 16),
(66, 653, 28),
(66, 653, 84),
(108, 653, 15),
(122, 653, 28),
(122, 653, 147),
(198, 653, 9),
(198, 653, 23),
(199, 653, 42),
(65, 654, 19),
(65, 654, 43),
(66, 654, 67),
(66, 654, 105),
(65, 655, 21),
(65, 655, 45),
(66, 655, 69),
(66, 655, 107),
(65, 656, 22),
(65, 656, 46),
(66, 656, 70),
(66, 656, 108),
(66, 657, 50),
(101, 657, 50),
(101, 657, 101),
(66, 658, 52),
(199, 658, 34),
(66, 659, 53),
(66, 660, 55),
(178, 660, 106),
(66, 661, 63),
(66, 662, 65),
(66, 663, 80),
(213, 663, 50),
(213, 663, 65),
(66, 664, 93),
(71, 665, 0),
(71, 665, 3),
(162, 665, 14),
(162, 665, 16),
(71, 666, 1),
(71, 666, 4),
(162, 666, 15),
(162, 666, 17),
(162, 666, 29),
(162, 666, 31),
(71, 667, 2),
(71, 667, 5),
(71, 668, 14),
(71, 668, 16),
(162, 668, 7),
(162, 668, 9),
(71, 669, 15),
(71, 669, 17),
(162, 669, 8),
(162, 669, 10),
(71, 670, 48),
(71, 670, 50),
(71, 671, 49),
(71, 671, 51),
(72, 672, 3),
(72, 672, 16),
(73, 672, 8),
(73, 672, 27),
(73, 672, 36),
(73, 672, 80),
(73, 672, 89),
(72, 673, 8),
(72, 673, 21),
(73, 673, 12),
(73, 673, 22),
(73, 673, 73),
(72, 674, 9),
(72, 674, 22),
(73, 674, 13),
(73, 674, 23),
(73, 674, 74),
(80, 674, 86),
(80, 674, 161),
(199, 674, 89),
(199, 674, 105),
(199, 674, 109),
(199, 674, 112),
(206, 674, 6),
(206, 674, 10),
(72, 675, 10),
(72, 675, 23),
(73, 675, 14),
(73, 675, 75),
(72, 676, 11),
(72, 676, 24),
(73, 676, 15),
(73, 676, 76),
(93, 676, 12),
(93, 676, 26),
(121, 676, 13),
(121, 676, 29),
(122, 676, 12),
(122, 676, 131),
(142, 676, 15),
(142, 676, 33),
(143, 676, 12),
(156, 676, 16),
(156, 676, 35),
(73, 677, 0),
(94, 677, 83),
(108, 677, 83),
(199, 677, 3),
(206, 677, 160),
(73, 678, 19),
(73, 679, 25),
(73, 680, 28),
(73, 680, 37),
(73, 680, 90),
(73, 681, 33),
(73, 681, 86),
(73, 682, 34),
(73, 682, 87),
(94, 682, 96),
(129, 682, 267),
(73, 683, 43),
(73, 684, 44),
(73, 685, 45),
(73, 685, 68),
(73, 685, 81),
(73, 686, 49),
(73, 687, 59),
(73, 688, 60),
(73, 689, 67),
(73, 690, 79),
(73, 691, 83),
(79, 691, 4),
(79, 691, 28),
(80, 691, 89),
(80, 691, 140),
(80, 691, 167),
(122, 691, 49),
(122, 691, 168),
(73, 692, 85),
(108, 692, 236),
(178, 692, 194),
(78, 693, 1),
(78, 693, 4),
(78, 694, 13),
(78, 694, 23),
(78, 694, 35),
(78, 694, 45),
(78, 694, 55),
(85, 694, 9),
(85, 694, 23),
(85, 694, 35),
(85, 694, 47),
(85, 694, 56),
(92, 694, 13),
(92, 694, 25),
(92, 694, 39),
(92, 694, 53),
(92, 694, 65),
(99, 694, 13),
(99, 694, 25),
(99, 694, 37),
(99, 694, 49),
(99, 694, 59),
(106, 694, 9),
(106, 694, 19),
(106, 694, 31),
(106, 694, 40),
(106, 694, 50),
(106, 694, 60),
(78, 695, 14),
(78, 695, 15),
(99, 695, 50),
(99, 695, 51),
(78, 696, 24),
(78, 696, 26),
(78, 697, 25),
(78, 697, 27),
(78, 698, 36),
(78, 698, 37),
(106, 698, 10),
(106, 698, 11),
(78, 699, 46),
(78, 699, 47),
(85, 699, 0),
(85, 699, 1),
(79, 700, 1),
(79, 700, 25),
(79, 701, 2),
(79, 701, 26),
(80, 701, 170),
(79, 702, 5),
(79, 702, 29),
(178, 702, 183),
(79, 703, 6),
(79, 703, 30),
(129, 703, 175),
(129, 703, 178),
(79, 704, 8),
(79, 704, 32),
(79, 705, 9),
(79, 705, 33),
(79, 706, 11),
(79, 706, 35),
(80, 706, 113),
(79, 707, 13),
(79, 707, 37),
(80, 707, 115),
(79, 708, 14),
(79, 708, 19),
(79, 708, 38),
(79, 708, 43),
(80, 708, 67),
(79, 709, 15),
(79, 709, 39),
(79, 710, 16),
(79, 710, 40),
(79, 711, 17),
(79, 711, 41),
(79, 712, 18),
(79, 712, 42),
(80, 712, 17),
(80, 712, 18),
(80, 712, 48),
(80, 712, 66),
(100, 712, 8),
(100, 712, 22),
(101, 712, 27),
(185, 712, 83),
(212, 712, 9),
(212, 712, 22),
(213, 712, 63),
(79, 713, 21),
(79, 713, 45),
(80, 713, 59),
(79, 714, 22),
(79, 714, 46),
(100, 714, 12),
(100, 714, 26),
(114, 714, 10),
(114, 714, 22),
(184, 714, 10),
(184, 714, 22),
(80, 715, 4),
(80, 715, 120),
(80, 716, 8),
(80, 717, 9),
(80, 718, 11),
(80, 718, 28),
(80, 719, 12),
(80, 719, 29),
(80, 720, 14),
(80, 720, 24),
(80, 720, 43),
(80, 720, 51),
(93, 720, 5),
(93, 720, 19),
(94, 720, 4),
(94, 720, 42),
(198, 720, 10),
(198, 720, 24),
(199, 720, 7),
(199, 720, 29),
(206, 720, 41),
(80, 721, 15),
(80, 721, 16),
(80, 721, 25),
(80, 721, 26),
(80, 721, 44),
(80, 721, 45),
(80, 721, 52),
(80, 721, 53),
(80, 722, 21),
(150, 722, 53),
(206, 722, 102),
(80, 723, 33),
(213, 723, 132),
(80, 724, 34),
(80, 725, 35),
(80, 726, 37),
(157, 726, 56),
(157, 726, 110),
(185, 726, 72),
(185, 726, 75),
(192, 726, 119),
(80, 727, 38),
(80, 727, 69),
(185, 727, 50),
(206, 727, 77),
(206, 727, 91),
(206, 727, 119),
(206, 727, 143),
(80, 728, 40),
(80, 729, 41),
(150, 729, 58),
(80, 730, 47),
(108, 730, 18),
(108, 730, 56),
(185, 730, 48),
(206, 730, 9),
(206, 730, 13),
(213, 730, 29),
(213, 730, 84),
(213, 730, 142),
(213, 730, 158),
(80, 731, 50),
(80, 732, 54),
(108, 732, 1),
(185, 732, 76),
(185, 732, 141),
(80, 733, 55),
(80, 734, 57),
(80, 735, 60),
(94, 735, 58),
(80, 736, 61),
(80, 737, 62),
(80, 738, 73),
(80, 739, 75),
(80, 740, 77),
(80, 741, 80),
(129, 741, 294),
(80, 742, 83),
(80, 743, 84),
(80, 744, 85),
(80, 745, 88),
(80, 745, 90),
(80, 745, 109),
(80, 745, 143),
(80, 745, 168),
(94, 745, 192),
(80, 746, 92),
(80, 746, 108),
(93, 746, 1),
(93, 746, 15),
(94, 746, 122),
(94, 746, 135),
(108, 746, 124),
(108, 746, 201),
(80, 747, 93),
(94, 747, 35),
(94, 747, 108),
(108, 747, 98),
(108, 747, 171),
(178, 747, 197),
(213, 747, 126),
(80, 748, 95),
(199, 748, 65),
(80, 749, 97),
(178, 749, 52),
(199, 749, 14),
(199, 749, 97),
(199, 749, 102),
(206, 749, 37),
(206, 749, 52),
(206, 749, 287),
(80, 750, 98),
(80, 751, 101),
(80, 752, 104),
(129, 752, 82),
(171, 752, 131),
(192, 752, 56),
(213, 752, 77),
(80, 753, 112),
(213, 753, 124),
(80, 754, 116),
(80, 755, 118),
(213, 755, 6),
(80, 756, 123),
(80, 757, 125),
(94, 757, 68),
(80, 758, 126),
(80, 759, 129),
(108, 759, 209),
(80, 760, 133),
(129, 760, 127),
(213, 760, 80),
(80, 761, 136),
(108, 761, 246),
(108, 761, 334),
(192, 761, 41),
(199, 761, 1),
(80, 762, 137),
(80, 763, 141),
(80, 764, 148),
(80, 765, 149),
(157, 765, 104),
(80, 766, 151),
(178, 766, 117),
(199, 766, 124),
(80, 767, 156),
(80, 768, 157),
(80, 769, 162),
(213, 769, 268),
(80, 770, 164),
(199, 770, 99),
(80, 771, 166),
(80, 772, 169),
(85, 773, 10),
(85, 773, 13),
(92, 773, 40),
(92, 773, 43),
(85, 774, 11),
(85, 774, 14),
(92, 774, 41),
(92, 774, 44),
(85, 775, 12),
(85, 775, 15),
(92, 775, 42),
(92, 775, 45),
(85, 776, 24),
(85, 776, 26),
(85, 777, 36),
(85, 777, 38),
(92, 777, 26),
(92, 777, 29),
(85, 778, 37),
(85, 778, 39),
(92, 778, 27),
(92, 778, 30),
(85, 779, 48),
(86, 780, 1),
(86, 780, 15),
(87, 780, 17),
(87, 780, 59),
(86, 781, 3),
(86, 781, 17),
(87, 781, 25),
(87, 781, 62),
(86, 782, 4),
(86, 782, 18),
(87, 782, 26),
(87, 782, 64),
(86, 783, 6),
(86, 783, 20),
(87, 783, 22),
(141, 783, 11),
(141, 783, 21),
(141, 783, 30),
(141, 783, 39),
(141, 783, 49),
(86, 784, 8),
(86, 784, 22),
(87, 784, 37),
(87, 784, 51),
(121, 784, 8),
(121, 784, 24),
(122, 784, 57),
(122, 784, 176),
(86, 785, 9),
(86, 785, 23),
(87, 785, 38),
(87, 785, 52),
(94, 785, 145),
(94, 785, 174),
(94, 785, 206),
(121, 785, 9),
(121, 785, 25),
(122, 785, 0),
(122, 785, 34),
(122, 785, 45),
(122, 785, 58),
(122, 785, 63),
(122, 785, 94),
(122, 785, 119),
(122, 785, 153),
(122, 785, 164),
(122, 785, 177),
(122, 785, 182),
(122, 785, 213),
(142, 785, 11),
(142, 785, 29),
(191, 785, 7),
(191, 785, 20),
(192, 785, 18),
(192, 785, 27),
(192, 785, 52),
(206, 785, 44),
(206, 785, 57),
(206, 785, 130),
(206, 785, 245),
(86, 786, 10),
(86, 786, 24),
(87, 786, 39),
(87, 786, 53),
(86, 787, 11),
(86, 787, 25),
(86, 788, 12),
(86, 788, 26),
(107, 788, 11),
(107, 788, 25),
(87, 789, 2),
(108, 789, 165),
(87, 790, 3),
(87, 790, 46),
(108, 790, 166),
(87, 791, 16),
(87, 792, 18),
(87, 792, 60),
(87, 793, 20),
(107, 793, 1),
(107, 793, 15),
(87, 794, 21),
(87, 795, 29),
(87, 796, 32),
(87, 797, 34),
(178, 797, 99),
(178, 797, 138),
(185, 797, 137),
(87, 798, 36),
(87, 798, 49),
(87, 799, 40),
(87, 799, 54),
(93, 799, 10),
(93, 799, 24),
(107, 799, 9),
(107, 799, 23),
(87, 800, 41),
(87, 800, 55),
(122, 800, 10),
(122, 800, 129),
(170, 800, 8),
(170, 800, 18),
(87, 801, 42),
(87, 801, 56),
(100, 801, 10),
(100, 801, 24),
(87, 802, 43),
(87, 802, 57),
(87, 803, 48),
(87, 804, 58),
(94, 804, 114),
(87, 805, 63),
(92, 806, 0),
(92, 806, 3),
(92, 807, 1),
(92, 807, 4),
(92, 808, 2),
(92, 808, 5),
(92, 809, 14),
(92, 809, 16),
(92, 810, 15),
(92, 810, 17),
(92, 811, 28),
(92, 811, 31),
(134, 811, 18),
(134, 811, 20),
(92, 812, 54),
(92, 812, 56),
(92, 813, 55),
(92, 813, 57),
(93, 814, 0),
(93, 814, 14),
(94, 814, 155),
(198, 814, 0),
(198, 814, 14),
(93, 815, 2),
(93, 815, 16),
(94, 815, 37),
(94, 815, 123),
(93, 816, 3),
(93, 816, 17),
(94, 816, 133),
(94, 816, 139),
(94, 816, 183),
(94, 816, 196),
(93, 817, 7),
(93, 817, 21),
(94, 817, 6),
(93, 818, 8),
(93, 818, 22),
(94, 818, 45),
(94, 818, 54),
(93, 819, 9),
(93, 819, 23),
(94, 819, 46),
(93, 820, 11),
(93, 820, 25),
(94, 820, 64),
(94, 820, 210),
(94, 821, 0),
(94, 821, 80),
(94, 821, 82),
(94, 821, 170),
(205, 821, 11),
(205, 821, 31),
(206, 821, 34),
(206, 821, 51),
(206, 821, 129),
(206, 821, 153),
(206, 821, 178),
(206, 821, 263),
(206, 821, 272),
(206, 821, 280),
(94, 822, 2),
(94, 823, 3),
(94, 823, 41),
(94, 823, 70),
(94, 823, 85),
(94, 823, 158),
(94, 824, 8),
(94, 825, 9),
(94, 826, 12),
(94, 826, 20),
(94, 826, 31),
(94, 827, 15),
(206, 827, 223),
(94, 828, 16),
(94, 829, 18),
(94, 830, 19),
(94, 831, 23),
(94, 832, 25),
(94, 833, 26),
(150, 833, 9),
(150, 833, 40),
(213, 833, 223),
(94, 834, 27),
(94, 835, 29),
(129, 835, 185),
(129, 835, 275),
(157, 835, 98),
(213, 835, 133),
(94, 836, 30),
(115, 836, 5),
(94, 837, 32),
(94, 838, 36),
(94, 839, 44),
(206, 839, 39),
(206, 839, 43),
(206, 839, 53),
(94, 840, 55),
(94, 841, 56),
(122, 841, 27),
(122, 841, 54),
(122, 841, 146),
(122, 841, 173),
(94, 842, 59),
(107, 842, 5),
(107, 842, 19),
(108, 842, 147),
(108, 842, 156),
(108, 842, 205),
(108, 842, 231),
(108, 842, 238),
(108, 842, 288),
(108, 842, 294),
(108, 842, 300),
(191, 842, 9),
(191, 842, 22),
(94, 843, 60),
(94, 844, 61),
(94, 845, 62),
(94, 845, 208),
(94, 846, 63),
(94, 846, 209),
(94, 847, 71),
(94, 848, 73),
(94, 849, 75),
(94, 850, 76),
(94, 851, 77),
(171, 851, 147),
(192, 851, 50),
(213, 851, 82),
(94, 852, 84),
(157, 852, 25),
(213, 852, 1),
(94, 853, 86),
(94, 853, 159),
(94, 853, 175),
(94, 853, 207),
(94, 854, 88),
(206, 854, 38),
(94, 855, 90),
(94, 856, 91),
(94, 857, 94),
(94, 858, 98),
(94, 858, 165),
(108, 858, 26),
(94, 859, 99),
(94, 859, 166),
(94, 860, 101),
(94, 861, 102),
(94, 862, 106),
(94, 863, 107),
(94, 864, 110),
(94, 864, 162),
(94, 864, 167),
(108, 864, 6),
(206, 864, 61),
(94, 865, 115),
(94, 866, 117),
(94, 867, 118),
(94, 868, 120),
(94, 868, 130),
(108, 868, 13),
(108, 868, 91),
(129, 868, 62),
(178, 868, 174),
(178, 868, 199),
(213, 868, 91),
(94, 869, 125),
(94, 869, 169),
(101, 869, 67),
(212, 869, 1),
(212, 869, 7),
(212, 869, 14),
(212, 869, 20),
(213, 869, 40),
(213, 869, 88),
(213, 869, 138),
(213, 869, 159),
(213, 869, 175),
(213, 869, 232),
(94, 870, 128),
(94, 871, 131),
(94, 872, 136),
(94, 872, 204),
(94, 873, 137),
(94, 874, 143),
(94, 875, 144),
(94, 876, 149),
(94, 877, 150),
(94, 878, 151),
(94, 878, 186),
(94, 878, 189),
(94, 879, 152),
(94, 880, 153),
(94, 880, 188),
(94, 881, 163),
(94, 882, 173),
(94, 883, 187),
(94, 884, 190),
(94, 885, 193),
(94, 886, 194),
(129, 886, 21),
(129, 886, 24),
(129, 886, 193),
(129, 886, 221),
(129, 886, 243),
(94, 887, 195),
(94, 888, 200),
(94, 889, 202),
(177, 889, 17),
(177, 889, 39),
(99, 890, 0),
(99, 890, 3),
(176, 890, 0),
(176, 890, 2),
(197, 890, 7),
(197, 890, 9),
(99, 891, 2),
(99, 891, 5),
(99, 892, 14),
(99, 892, 16),
(99, 893, 15),
(99, 893, 17),
(99, 894, 26),
(99, 894, 28),
(99, 895, 27),
(99, 895, 29),
(99, 896, 38),
(99, 896, 40),
(99, 897, 39),
(99, 897, 41),
(100, 898, 0),
(100, 898, 14),
(101, 898, 12),
(101, 898, 60),
(101, 898, 74),
(101, 898, 89),
(101, 898, 121),
(101, 898, 128),
(100, 899, 1),
(100, 899, 15),
(101, 899, 13),
(101, 899, 61),
(101, 899, 75),
(101, 899, 90),
(101, 899, 122),
(101, 899, 129),
(100, 900, 2),
(100, 900, 16),
(101, 900, 14),
(101, 900, 62),
(101, 900, 76),
(101, 900, 91),
(101, 900, 123),
(101, 900, 130),
(100, 901, 4),
(100, 901, 18),
(101, 901, 17),
(100, 902, 5),
(100, 902, 19),
(101, 902, 18),
(129, 902, 66),
(100, 903, 7),
(100, 903, 21),
(100, 904, 9),
(100, 904, 23),
(101, 904, 28),
(100, 905, 11),
(100, 905, 25),
(101, 905, 29),
(100, 906, 13),
(100, 906, 27),
(101, 906, 31),
(101, 907, 7),
(101, 908, 9),
(101, 909, 20),
(101, 910, 25),
(101, 911, 34),
(171, 911, 27),
(101, 912, 35),
(101, 913, 45),
(101, 914, 47),
(101, 915, 54),
(108, 915, 121),
(108, 915, 196),
(192, 915, 81),
(101, 916, 65),
(101, 916, 81),
(192, 916, 137),
(192, 916, 147),
(101, 917, 69),
(101, 918, 71),
(101, 919, 84),
(191, 919, 0),
(191, 919, 13),
(101, 920, 88),
(101, 921, 102),
(122, 921, 96),
(122, 921, 215),
(199, 921, 84),
(101, 922, 103),
(101, 923, 109),
(108, 923, 112),
(101, 924, 113),
(101, 925, 117),
(101, 926, 118),
(101, 927, 119),
(171, 927, 56),
(178, 927, 38),
(101, 928, 124),
(185, 928, 100),
(185, 928, 171),
(101, 929, 126),
(106, 930, 20),
(106, 930, 22),
(106, 931, 21),
(106, 931, 23),
(106, 932, 32),
(106, 933, 41),
(106, 933, 42),
(106, 934, 51),
(106, 934, 52),
(107, 935, 2),
(107, 935, 16),
(107, 936, 4),
(107, 936, 18),
(108, 936, 42),
(108, 936, 71),
(108, 936, 204),
(108, 936, 230),
(108, 936, 237),
(108, 936, 287),
(108, 936, 293),
(108, 936, 299),
(107, 937, 6),
(107, 937, 20),
(108, 937, 87),
(108, 937, 144),
(108, 937, 158),
(108, 937, 178),
(108, 937, 191),
(142, 937, 10),
(142, 937, 28),
(171, 937, 22),
(213, 937, 74),
(213, 937, 261),
(107, 938, 7),
(107, 938, 21),
(108, 938, 64),
(108, 938, 159),
(107, 939, 8),
(107, 939, 22),
(108, 939, 65),
(108, 939, 160),
(107, 940, 10),
(107, 940, 24),
(108, 941, 2),
(108, 942, 3),
(122, 942, 8),
(122, 942, 18),
(122, 942, 127),
(122, 942, 137),
(108, 943, 4),
(205, 943, 18),
(205, 943, 38),
(206, 943, 185),
(206, 943, 251),
(108, 944, 7),
(108, 945, 10),
(108, 946, 11),
(108, 947, 14),
(108, 947, 37),
(108, 948, 17),
(108, 948, 55),
(192, 948, 157),
(108, 949, 19),
(108, 949, 57),
(108, 949, 182),
(108, 950, 21),
(108, 950, 58),
(108, 950, 183),
(108, 951, 24),
(150, 951, 56),
(199, 951, 49),
(108, 952, 25),
(108, 953, 28),
(108, 954, 29),
(108, 955, 30),
(129, 955, 283),
(108, 956, 32),
(108, 957, 34),
(108, 958, 35),
(108, 958, 61),
(108, 959, 44),
(108, 959, 271),
(108, 959, 321),
(150, 959, 64),
(157, 959, 73),
(178, 959, 146),
(108, 960, 45),
(108, 960, 73),
(108, 960, 74),
(108, 961, 46),
(108, 962, 48),
(108, 963, 49),
(170, 963, 6),
(170, 963, 16),
(108, 964, 52),
(206, 964, 22),
(108, 965, 54),
(178, 965, 158),
(108, 966, 60),
(108, 967, 63),
(108, 967, 137),
(108, 967, 153),
(108, 967, 214),
(108, 967, 222),
(108, 967, 263),
(108, 967, 268),
(108, 968, 67),
(108, 968, 162),
(108, 969, 68),
(108, 970, 81),
(108, 971, 92),
(108, 972, 93),
(199, 972, 26),
(108, 973, 99),
(108, 973, 108),
(108, 973, 119),
(108, 974, 101),
(108, 974, 173),
(108, 975, 104),
(108, 975, 138),
(108, 975, 176),
(108, 975, 188),
(108, 975, 224),
(108, 976, 106),
(108, 976, 116),
(108, 976, 190),
(108, 977, 107),
(108, 977, 117),
(108, 977, 244),
(108, 978, 110),
(108, 979, 113),
(108, 979, 185),
(108, 980, 123),
(108, 980, 177),
(213, 980, 174),
(213, 980, 179),
(108, 981, 125),
(108, 981, 202),
(115, 981, 20),
(129, 981, 4),
(108, 982, 127),
(108, 983, 128),
(108, 984, 131),
(108, 985, 135),
(108, 986, 139),
(108, 987, 140),
(108, 988, 146),
(129, 988, 41),
(171, 988, 5),
(171, 988, 151),
(185, 988, 8),
(192, 988, 113),
(192, 988, 143),
(192, 988, 153),
(213, 988, 219),
(108, 989, 148),
(108, 990, 150),
(108, 991, 180),
(108, 992, 184),
(108, 993, 193),
(108, 994, 218),
(108, 995, 221),
(108, 996, 233),
(129, 996, 240),
(108, 997, 254),
(108, 998, 256),
(150, 998, 41),
(178, 998, 98),
(178, 998, 101),
(108, 999, 257),
(108, 1000, 259),
(108, 1001, 261),
(171, 1001, 15),
(213, 1001, 93),
(108, 1002, 266),
(108, 1003, 272),
(108, 1004, 273),
(108, 1005, 274),
(108, 1006, 277),
(122, 1006, 103),
(122, 1006, 222),
(163, 1006, 10),
(163, 1006, 31),
(108, 1007, 278),
(122, 1007, 113),
(122, 1007, 232),
(108, 1008, 280),
(115, 1008, 37),
(192, 1008, 20),
(192, 1008, 30),
(108, 1009, 282),
(108, 1010, 286),
(108, 1011, 291),
(108, 1011, 312),
(108, 1012, 297),
(108, 1013, 301),
(108, 1014, 302),
(108, 1015, 303),
(157, 1015, 32),
(157, 1015, 117),
(108, 1016, 304),
(129, 1016, 148),
(108, 1017, 306),
(108, 1018, 311),
(171, 1018, 118),
(108, 1019, 314),
(108, 1020, 328),
(108, 1021, 331),
(108, 1022, 337),
(108, 1023, 338),
(108, 1024, 340),
(171, 1024, 136),
(171, 1024, 154),
(199, 1024, 72),
(213, 1024, 49),
(108, 1025, 341),
(108, 1026, 343),
(108, 1027, 344),
(113, 1028, 0),
(113, 1028, 2),
(113, 1029, 1),
(113, 1029, 3),
(113, 1030, 11),
(113, 1030, 21),
(113, 1030, 31),
(113, 1030, 42),
(114, 1030, 6),
(114, 1030, 18),
(115, 1030, 8),
(115, 1030, 17),
(115, 1030, 46),
(113, 1031, 12),
(113, 1031, 13),
(113, 1032, 22),
(113, 1033, 23),
(113, 1034, 33),
(113, 1035, 34),
(114, 1036, 2),
(114, 1036, 14),
(115, 1036, 56),
(114, 1037, 4),
(114, 1037, 16),
(114, 1038, 5),
(114, 1038, 17),
(115, 1038, 43),
(115, 1038, 60),
(206, 1038, 24),
(114, 1039, 8),
(114, 1039, 20),
(115, 1039, 39),
(115, 1039, 61),
(185, 1039, 151),
(114, 1040, 9),
(114, 1040, 21),
(115, 1040, 40),
(114, 1041, 11),
(114, 1041, 23),
(115, 1042, 4),
(115, 1043, 9),
(115, 1044, 12),
(115, 1045, 14),
(115, 1046, 27),
(115, 1046, 29),
(115, 1047, 28),
(115, 1048, 36),
(115, 1049, 44),
(115, 1050, 45),
(115, 1051, 48),
(115, 1052, 53),
(171, 1052, 92),
(115, 1053, 58),
(115, 1054, 62),
(120, 1055, 0),
(120, 1055, 2),
(120, 1055, 40),
(120, 1055, 42),
(134, 1055, 31),
(120, 1056, 1),
(120, 1056, 3),
(127, 1056, 35),
(127, 1056, 37),
(120, 1057, 11),
(120, 1057, 21),
(120, 1057, 38),
(120, 1057, 50),
(127, 1057, 9),
(127, 1057, 21),
(127, 1057, 33),
(127, 1057, 45),
(127, 1057, 55),
(120, 1058, 12),
(120, 1058, 13),
(120, 1059, 22),
(120, 1060, 29),
(120, 1060, 30),
(120, 1061, 39),
(120, 1061, 41),
(121, 1062, 1),
(121, 1062, 17),
(122, 1062, 99),
(122, 1062, 218),
(121, 1063, 2),
(121, 1063, 18),
(122, 1063, 104),
(122, 1063, 223),
(121, 1064, 3),
(121, 1064, 19),
(122, 1064, 105),
(122, 1064, 224),
(129, 1064, 80),
(129, 1064, 88),
(129, 1064, 154),
(121, 1065, 4),
(121, 1065, 20),
(122, 1065, 106),
(122, 1065, 225),
(121, 1066, 5),
(121, 1066, 21),
(122, 1066, 107),
(122, 1066, 226),
(121, 1067, 6),
(121, 1067, 22),
(122, 1067, 108),
(122, 1067, 227),
(164, 1067, 13),
(164, 1067, 91),
(164, 1067, 129),
(121, 1068, 10),
(121, 1068, 26),
(122, 1068, 1),
(122, 1068, 35),
(122, 1068, 95),
(122, 1068, 120),
(122, 1068, 154),
(122, 1068, 214),
(121, 1069, 12),
(121, 1069, 28),
(122, 1070, 3),
(122, 1070, 122),
(185, 1070, 73),
(122, 1071, 4),
(122, 1071, 31),
(122, 1071, 123),
(122, 1071, 150),
(192, 1071, 31),
(122, 1072, 7),
(122, 1072, 126),
(192, 1072, 85),
(122, 1073, 15),
(122, 1073, 134),
(122, 1074, 17),
(122, 1074, 21),
(122, 1074, 136),
(122, 1074, 140),
(122, 1075, 20),
(122, 1075, 139),
(122, 1076, 24),
(122, 1076, 143),
(122, 1077, 29),
(122, 1077, 148),
(129, 1077, 72),
(157, 1077, 2),
(178, 1077, 119),
(122, 1078, 32),
(122, 1078, 151),
(122, 1079, 33),
(122, 1079, 152),
(122, 1080, 37),
(122, 1080, 156),
(213, 1080, 224),
(122, 1081, 38),
(122, 1081, 157),
(213, 1081, 228),
(122, 1082, 42),
(122, 1082, 62),
(122, 1082, 161),
(122, 1082, 181),
(122, 1083, 44),
(122, 1083, 163),
(122, 1084, 47),
(122, 1084, 166),
(122, 1085, 51),
(122, 1085, 170),
(122, 1086, 53),
(122, 1086, 172),
(122, 1087, 55),
(122, 1087, 174),
(122, 1088, 56),
(122, 1088, 175),
(122, 1089, 60),
(122, 1089, 179),
(122, 1090, 67),
(122, 1090, 186),
(122, 1091, 69),
(122, 1091, 188),
(178, 1091, 180),
(122, 1092, 71),
(122, 1092, 82),
(122, 1092, 190),
(122, 1092, 201),
(150, 1092, 4),
(192, 1092, 70),
(122, 1093, 72),
(122, 1093, 191),
(122, 1094, 76),
(122, 1094, 195),
(122, 1095, 79),
(122, 1095, 198),
(122, 1096, 80),
(122, 1096, 199),
(122, 1097, 83),
(122, 1097, 202),
(178, 1097, 206),
(122, 1098, 84),
(122, 1098, 203),
(178, 1098, 207),
(206, 1098, 15),
(213, 1098, 78),
(122, 1099, 85),
(122, 1099, 204),
(129, 1099, 186),
(122, 1100, 89),
(122, 1100, 208),
(199, 1100, 83),
(122, 1101, 90),
(122, 1101, 209),
(122, 1102, 93),
(122, 1102, 212),
(178, 1102, 205),
(122, 1103, 97),
(122, 1103, 216),
(122, 1104, 100),
(122, 1104, 219),
(122, 1105, 101),
(122, 1105, 220),
(213, 1105, 79),
(122, 1106, 102),
(122, 1106, 221),
(122, 1107, 110),
(122, 1107, 229),
(122, 1108, 112),
(122, 1108, 231),
(122, 1109, 114),
(122, 1109, 233),
(122, 1110, 116),
(122, 1110, 235),
(122, 1111, 117),
(122, 1111, 236),
(129, 1111, 190),
(122, 1112, 118),
(122, 1112, 237),
(127, 1113, 0),
(127, 1113, 1),
(127, 1114, 10),
(127, 1114, 12),
(127, 1115, 11),
(127, 1115, 13),
(127, 1116, 22),
(127, 1116, 24),
(127, 1117, 23),
(127, 1117, 25),
(183, 1117, 16),
(183, 1117, 17),
(211, 1117, 23),
(211, 1117, 24),
(127, 1118, 34),
(127, 1118, 36),
(127, 1119, 46),
(127, 1119, 47),
(128, 1120, 0),
(128, 1120, 13),
(178, 1120, 144),
(178, 1120, 145),
(128, 1121, 1),
(128, 1121, 14),
(129, 1121, 55),
(129, 1121, 70),
(129, 1121, 160),
(129, 1121, 165),
(129, 1121, 195),
(129, 1121, 204),
(129, 1121, 234),
(128, 1122, 2),
(128, 1122, 6),
(128, 1122, 15),
(128, 1122, 19),
(129, 1122, 13),
(129, 1122, 56),
(129, 1122, 59),
(129, 1122, 71),
(129, 1122, 120),
(129, 1122, 126),
(129, 1122, 161),
(129, 1122, 166),
(129, 1122, 171),
(129, 1122, 183),
(129, 1122, 191),
(129, 1122, 196),
(129, 1122, 235),
(129, 1122, 250),
(129, 1122, 274),
(129, 1122, 291),
(128, 1123, 4),
(128, 1123, 17),
(129, 1123, 47),
(128, 1124, 7),
(128, 1124, 20),
(129, 1124, 14),
(129, 1124, 60),
(129, 1124, 192),
(129, 1124, 260),
(129, 1124, 279),
(129, 1124, 292),
(128, 1125, 8),
(128, 1125, 21),
(129, 1125, 3),
(129, 1125, 38),
(129, 1125, 303),
(128, 1126, 9),
(128, 1126, 22),
(129, 1126, 5),
(128, 1127, 10),
(128, 1127, 23),
(129, 1127, 6),
(129, 1128, 10),
(129, 1128, 29),
(129, 1129, 11),
(129, 1130, 12),
(206, 1130, 144),
(129, 1131, 15),
(213, 1131, 178),
(129, 1132, 17),
(129, 1133, 20),
(129, 1134, 22),
(129, 1135, 23),
(129, 1136, 25),
(129, 1137, 27),
(129, 1138, 30),
(129, 1139, 31),
(129, 1140, 32),
(129, 1141, 34),
(129, 1142, 35),
(129, 1142, 305),
(129, 1143, 36),
(129, 1144, 37),
(129, 1145, 42),
(129, 1145, 301),
(129, 1146, 43),
(129, 1147, 46),
(129, 1148, 54),
(129, 1149, 58),
(129, 1150, 61),
(129, 1151, 63),
(129, 1152, 64),
(129, 1152, 83),
(129, 1153, 65),
(129, 1153, 84),
(129, 1154, 69),
(129, 1155, 73),
(129, 1156, 74),
(129, 1156, 94),
(129, 1156, 101),
(129, 1156, 122),
(129, 1156, 152),
(129, 1156, 238),
(129, 1156, 258),
(129, 1156, 264),
(129, 1156, 284),
(129, 1156, 298),
(129, 1157, 75),
(129, 1158, 76),
(129, 1158, 180),
(129, 1158, 218),
(150, 1158, 32),
(129, 1159, 77),
(129, 1159, 119),
(129, 1159, 129),
(129, 1159, 136),
(129, 1159, 140),
(164, 1159, 49),
(185, 1159, 19),
(129, 1160, 78),
(129, 1161, 81),
(129, 1161, 155),
(129, 1161, 225),
(129, 1161, 231),
(129, 1162, 85),
(129, 1163, 87),
(129, 1164, 90),
(129, 1165, 91),
(129, 1165, 93),
(129, 1165, 97),
(129, 1165, 112),
(129, 1165, 121),
(129, 1165, 151),
(129, 1166, 92),
(129, 1167, 96),
(129, 1168, 99),
(129, 1169, 102),
(129, 1170, 104),
(129, 1171, 105),
(129, 1171, 149),
(129, 1172, 107),
(129, 1173, 109),
(129, 1174, 111),
(129, 1175, 115),
(129, 1176, 124),
(129, 1177, 125),
(129, 1178, 130),
(129, 1179, 135),
(129, 1180, 137),
(129, 1181, 138),
(129, 1182, 139),
(129, 1183, 143),
(129, 1183, 157),
(129, 1184, 145),
(129, 1185, 147),
(129, 1186, 156),
(129, 1187, 158),
(129, 1188, 164),
(129, 1189, 167),
(129, 1190, 168),
(129, 1191, 169),
(129, 1192, 170),
(129, 1192, 182),
(129, 1193, 172),
(129, 1193, 184),
(129, 1193, 256),
(129, 1193, 263),
(129, 1194, 174),
(199, 1194, 10),
(129, 1195, 176),
(129, 1196, 179),
(129, 1196, 254),
(129, 1197, 181),
(129, 1198, 187),
(129, 1198, 200),
(129, 1199, 189),
(129, 1200, 203),
(129, 1200, 208),
(129, 1200, 216),
(129, 1201, 205),
(129, 1202, 207),
(129, 1203, 210),
(129, 1204, 211),
(129, 1204, 228),
(185, 1204, 148),
(129, 1205, 212),
(129, 1206, 213),
(129, 1207, 217),
(129, 1207, 230),
(129, 1208, 222),
(129, 1209, 224),
(129, 1209, 237),
(129, 1210, 226),
(129, 1211, 241),
(129, 1212, 244),
(129, 1213, 246),
(129, 1214, 248),
(129, 1214, 290),
(129, 1215, 249),
(129, 1216, 251),
(129, 1216, 287),
(129, 1217, 252),
(129, 1217, 288),
(129, 1218, 253),
(129, 1218, 289),
(129, 1219, 255),
(129, 1219, 262),
(129, 1219, 278),
(129, 1220, 259),
(129, 1221, 261),
(129, 1222, 265),
(129, 1222, 285),
(129, 1222, 299),
(129, 1223, 268),
(129, 1224, 270),
(178, 1224, 25),
(129, 1225, 272),
(129, 1226, 273),
(129, 1227, 277),
(129, 1228, 296),
(129, 1229, 304),
(206, 1229, 36),
(129, 1230, 306),
(134, 1231, 0),
(134, 1231, 1),
(134, 1232, 9),
(134, 1232, 29),
(134, 1232, 39),
(134, 1233, 10),
(134, 1233, 11),
(134, 1234, 19),
(134, 1234, 21),
(134, 1235, 30),
(135, 1236, 1),
(135, 1236, 12),
(135, 1237, 2),
(135, 1237, 13),
(135, 1238, 3),
(135, 1238, 14),
(135, 1239, 6),
(135, 1239, 17),
(136, 1239, 53),
(135, 1240, 8),
(135, 1240, 19),
(136, 1240, 55),
(205, 1240, 17),
(205, 1240, 37),
(206, 1240, 135),
(206, 1240, 184),
(206, 1240, 250),
(136, 1241, 0),
(136, 1241, 10),
(136, 1241, 63),
(136, 1241, 66),
(136, 1241, 75),
(136, 1241, 90),
(136, 1242, 1),
(136, 1243, 2),
(136, 1244, 3),
(136, 1245, 4),
(136, 1246, 5),
(136, 1247, 6),
(136, 1248, 7),
(136, 1249, 8),
(136, 1250, 9),
(136, 1251, 11),
(136, 1252, 13),
(136, 1253, 14),
(136, 1254, 15),
(136, 1254, 24),
(136, 1254, 25),
(136, 1254, 35),
(136, 1254, 69),
(136, 1254, 97),
(136, 1255, 16),
(136, 1256, 17),
(136, 1257, 18),
(136, 1257, 36),
(136, 1257, 61),
(136, 1258, 20),
(136, 1258, 32),
(136, 1259, 21),
(136, 1259, 23),
(136, 1259, 33),
(136, 1259, 34),
(136, 1260, 22),
(136, 1260, 29),
(136, 1261, 26),
(136, 1262, 27),
(136, 1263, 28),
(136, 1264, 30),
(136, 1265, 31),
(136, 1266, 37),
(136, 1267, 39),
(136, 1268, 40),
(136, 1269, 41),
(164, 1269, 42),
(136, 1270, 42),
(136, 1271, 43),
(136, 1271, 68),
(136, 1271, 74),
(136, 1271, 96),
(136, 1272, 44),
(136, 1273, 45),
(136, 1274, 48),
(136, 1275, 49),
(136, 1276, 50),
(143, 1276, 17),
(164, 1276, 92),
(164, 1276, 130),
(136, 1277, 52),
(136, 1278, 54),
(143, 1278, 13),
(136, 1279, 59),
(136, 1279, 102),
(164, 1279, 86),
(136, 1280, 60),
(136, 1280, 103),
(136, 1281, 62),
(136, 1282, 64),
(136, 1283, 70),
(136, 1284, 80),
(136, 1285, 81),
(136, 1286, 82),
(136, 1287, 83),
(136, 1288, 85),
(136, 1289, 86),
(136, 1290, 87),
(136, 1291, 88),
(136, 1292, 91),
(136, 1293, 92),
(136, 1294, 93),
(136, 1295, 94),
(136, 1296, 95),
(136, 1297, 101),
(164, 1297, 85),
(141, 1298, 0),
(141, 1298, 2),
(141, 1299, 1),
(141, 1299, 3),
(141, 1300, 12),
(141, 1300, 13),
(141, 1301, 22),
(141, 1302, 40),
(141, 1302, 41),
(142, 1303, 2),
(142, 1303, 20),
(142, 1304, 4),
(142, 1304, 22),
(142, 1305, 12),
(142, 1305, 30),
(142, 1306, 13),
(142, 1306, 31),
(143, 1306, 11),
(143, 1307, 0),
(143, 1307, 25),
(143, 1308, 1),
(143, 1308, 26),
(143, 1309, 2),
(143, 1309, 27),
(143, 1309, 30),
(164, 1309, 16),
(143, 1310, 3),
(143, 1310, 28),
(143, 1310, 31),
(143, 1311, 5),
(143, 1311, 19),
(143, 1312, 6),
(143, 1313, 7),
(143, 1313, 22),
(143, 1313, 35),
(164, 1313, 84),
(143, 1314, 8),
(143, 1315, 9),
(143, 1316, 10),
(143, 1317, 16),
(143, 1317, 32),
(143, 1318, 18),
(164, 1318, 26),
(143, 1319, 20),
(143, 1320, 24),
(143, 1321, 34),
(143, 1322, 36),
(143, 1323, 37),
(143, 1324, 41),
(148, 1325, 0),
(148, 1325, 3),
(148, 1326, 2),
(148, 1326, 5),
(192, 1326, 83),
(149, 1327, 3),
(149, 1327, 14),
(149, 1328, 8),
(149, 1328, 19),
(149, 1329, 10),
(149, 1329, 21),
(150, 1329, 29),
(150, 1329, 50),
(150, 1330, 2),
(150, 1331, 3),
(150, 1332, 5),
(150, 1332, 17),
(150, 1333, 7),
(150, 1334, 10),
(150, 1335, 11),
(192, 1335, 96),
(213, 1335, 28),
(213, 1335, 120),
(150, 1336, 13),
(150, 1336, 43),
(150, 1337, 14),
(150, 1337, 91),
(150, 1338, 16),
(150, 1339, 19),
(206, 1339, 105),
(150, 1340, 21),
(150, 1341, 23),
(150, 1342, 28),
(150, 1343, 31),
(150, 1344, 34),
(150, 1345, 38),
(150, 1346, 42),
(150, 1347, 45),
(150, 1348, 46),
(199, 1348, 0),
(150, 1349, 47),
(150, 1350, 48),
(184, 1350, 3),
(184, 1350, 15),
(185, 1350, 2),
(185, 1350, 43),
(185, 1350, 166),
(150, 1351, 55),
(213, 1351, 192),
(150, 1352, 65),
(178, 1352, 93),
(150, 1353, 73),
(213, 1353, 137),
(150, 1354, 76),
(150, 1355, 83),
(150, 1356, 85),
(150, 1357, 93),
(155, 1358, 0),
(155, 1358, 1),
(155, 1359, 5),
(155, 1359, 7),
(155, 1360, 6),
(155, 1360, 8),
(155, 1361, 21),
(155, 1361, 24),
(155, 1361, 30),
(155, 1361, 33),
(155, 1362, 37),
(155, 1362, 39),
(155, 1363, 38),
(155, 1363, 40),
(156, 1364, 4),
(156, 1364, 23),
(192, 1364, 146),
(156, 1365, 5),
(156, 1365, 24),
(192, 1365, 150),
(156, 1366, 6),
(156, 1366, 25),
(157, 1366, 80),
(157, 1366, 118),
(156, 1367, 8),
(156, 1367, 27),
(156, 1368, 13),
(156, 1368, 32),
(156, 1369, 14),
(156, 1369, 33),
(157, 1370, 4),
(178, 1370, 169),
(192, 1370, 130),
(206, 1370, 97),
(157, 1371, 5),
(157, 1372, 6),
(157, 1373, 9),
(157, 1374, 10),
(157, 1375, 11),
(157, 1375, 23),
(157, 1376, 16),
(157, 1377, 17),
(157, 1378, 18),
(157, 1379, 19),
(157, 1380, 20),
(157, 1381, 21),
(157, 1382, 24),
(157, 1382, 130),
(157, 1383, 26),
(157, 1384, 29),
(157, 1384, 91),
(157, 1385, 31),
(157, 1386, 33),
(157, 1386, 47),
(157, 1386, 94),
(157, 1387, 35),
(157, 1388, 36),
(157, 1389, 40),
(157, 1390, 41),
(157, 1391, 42),
(157, 1392, 44),
(157, 1393, 46),
(157, 1394, 51),
(157, 1395, 54),
(157, 1396, 59),
(157, 1397, 64),
(157, 1398, 65),
(177, 1398, 6),
(177, 1398, 28),
(157, 1399, 66),
(157, 1400, 69),
(185, 1400, 61),
(157, 1401, 76),
(157, 1402, 77),
(157, 1403, 82),
(157, 1404, 84),
(171, 1404, 49),
(157, 1405, 85),
(157, 1406, 88),
(157, 1406, 112),
(157, 1407, 90),
(157, 1408, 92),
(157, 1409, 93),
(157, 1409, 139),
(171, 1409, 139),
(157, 1410, 105),
(157, 1410, 129),
(171, 1410, 140),
(206, 1410, 67),
(213, 1410, 110),
(157, 1411, 106),
(157, 1412, 114),
(157, 1413, 115),
(157, 1414, 121),
(157, 1415, 122),
(157, 1416, 123),
(157, 1417, 127),
(157, 1418, 128),
(157, 1419, 132),
(206, 1419, 217),
(157, 1420, 134),
(157, 1421, 135),
(157, 1422, 136),
(162, 1423, 1),
(162, 1423, 3),
(162, 1424, 28),
(162, 1424, 30),
(163, 1425, 2),
(163, 1425, 23),
(163, 1426, 11),
(163, 1426, 32),
(163, 1427, 15),
(163, 1427, 36),
(164, 1427, 68),
(164, 1428, 5),
(164, 1429, 6),
(164, 1430, 7),
(164, 1431, 8),
(164, 1432, 11),
(164, 1433, 12),
(164, 1434, 14),
(164, 1434, 15),
(164, 1434, 20),
(164, 1434, 22),
(164, 1435, 17),
(164, 1436, 18),
(164, 1437, 19),
(164, 1438, 21),
(192, 1438, 22),
(164, 1439, 23),
(164, 1440, 24),
(164, 1440, 25),
(164, 1441, 27),
(164, 1442, 28),
(164, 1443, 29),
(164, 1444, 30),
(164, 1445, 31),
(164, 1446, 37),
(164, 1446, 48),
(164, 1447, 43),
(164, 1448, 44),
(164, 1449, 47),
(164, 1450, 50),
(164, 1451, 53),
(164, 1452, 54),
(206, 1452, 7),
(164, 1453, 56),
(164, 1454, 75),
(164, 1455, 76),
(164, 1456, 77),
(164, 1457, 83),
(164, 1458, 88),
(164, 1459, 90),
(164, 1459, 128),
(164, 1460, 97),
(164, 1461, 102),
(164, 1462, 113),
(164, 1463, 117),
(169, 1464, 0),
(169, 1464, 2),
(169, 1465, 1),
(169, 1465, 3),
(170, 1466, 3),
(170, 1466, 13),
(171, 1466, 3),
(171, 1466, 50),
(171, 1466, 157),
(170, 1467, 4),
(170, 1467, 14),
(171, 1467, 52),
(171, 1467, 158),
(170, 1468, 5),
(170, 1468, 15),
(171, 1468, 43),
(171, 1468, 53),
(171, 1468, 129),
(171, 1468, 159),
(170, 1469, 7),
(170, 1469, 17),
(171, 1470, 12),
(213, 1470, 230),
(171, 1471, 18),
(185, 1471, 120),
(192, 1471, 15),
(171, 1472, 33),
(171, 1473, 35),
(171, 1474, 42),
(171, 1475, 44),
(171, 1476, 54),
(171, 1477, 55),
(171, 1478, 59),
(171, 1479, 60),
(171, 1480, 63),
(171, 1481, 65),
(171, 1481, 108),
(171, 1482, 70),
(171, 1483, 71),
(171, 1484, 75),
(171, 1485, 77),
(171, 1486, 83),
(178, 1486, 55),
(171, 1487, 86),
(171, 1488, 89),
(171, 1489, 91),
(171, 1490, 93),
(171, 1491, 102),
(171, 1492, 105),
(171, 1493, 112),
(171, 1494, 125),
(171, 1495, 126),
(171, 1495, 137),
(171, 1496, 128),
(171, 1497, 130),
(171, 1498, 132),
(171, 1499, 145),
(176, 1500, 1),
(176, 1500, 3),
(176, 1501, 7),
(176, 1501, 9),
(176, 1502, 8),
(176, 1502, 10),
(176, 1503, 14),
(176, 1503, 16),
(176, 1504, 15),
(176, 1504, 17),
(176, 1505, 26),
(176, 1505, 28),
(176, 1506, 27),
(176, 1506, 29),
(177, 1507, 4),
(177, 1507, 26),
(177, 1508, 9),
(177, 1508, 31),
(177, 1509, 10),
(177, 1509, 32),
(177, 1510, 11),
(177, 1510, 33),
(178, 1510, 14),
(178, 1510, 40),
(178, 1510, 85),
(178, 1510, 103),
(178, 1510, 125),
(177, 1511, 14),
(177, 1511, 36),
(177, 1512, 16),
(177, 1512, 38),
(177, 1513, 19),
(177, 1513, 41),
(178, 1514, 13),
(178, 1515, 15),
(178, 1516, 16),
(178, 1517, 17),
(178, 1518, 19),
(178, 1519, 20),
(178, 1519, 21),
(178, 1520, 22),
(178, 1521, 24),
(178, 1522, 28),
(178, 1523, 43),
(178, 1524, 45),
(178, 1525, 46),
(178, 1526, 47),
(178, 1527, 50),
(178, 1528, 53),
(178, 1529, 61),
(178, 1530, 62),
(178, 1531, 63),
(178, 1532, 64),
(178, 1533, 65),
(178, 1534, 66),
(178, 1535, 67),
(178, 1536, 70),
(178, 1537, 71),
(178, 1538, 73),
(178, 1539, 74),
(178, 1540, 76),
(178, 1541, 77),
(185, 1541, 131),
(178, 1542, 78),
(178, 1543, 84),
(178, 1544, 87),
(178, 1544, 105),
(185, 1544, 66),
(178, 1545, 108),
(178, 1545, 115),
(178, 1546, 113),
(178, 1547, 118),
(178, 1548, 120),
(178, 1549, 121),
(178, 1550, 123),
(185, 1550, 40),
(178, 1551, 127),
(178, 1552, 128),
(178, 1553, 136),
(185, 1553, 153),
(178, 1554, 142),
(178, 1555, 148),
(178, 1556, 150),
(178, 1557, 151),
(178, 1558, 152),
(178, 1559, 154),
(178, 1560, 161),
(178, 1561, 172),
(199, 1561, 77),
(178, 1562, 175),
(178, 1562, 200),
(178, 1563, 177),
(178, 1564, 179),
(178, 1565, 188),
(213, 1565, 269),
(178, 1566, 192),
(178, 1567, 201),
(213, 1567, 92),
(178, 1568, 209),
(183, 1569, 0),
(183, 1569, 2),
(183, 1570, 1),
(183, 1570, 3),
(183, 1571, 7),
(183, 1571, 15),
(183, 1571, 21),
(183, 1571, 27),
(183, 1571, 35),
(184, 1571, 2),
(184, 1571, 9),
(184, 1571, 14),
(184, 1571, 21),
(185, 1571, 1),
(185, 1571, 17),
(185, 1571, 42),
(185, 1571, 47),
(185, 1571, 65),
(185, 1571, 69),
(185, 1571, 71),
(185, 1571, 74),
(185, 1571, 77),
(185, 1571, 110),
(185, 1571, 123),
(185, 1571, 139),
(185, 1571, 165),
(183, 1572, 9),
(183, 1572, 11),
(183, 1573, 22),
(183, 1573, 23),
(183, 1574, 28),
(183, 1574, 30),
(183, 1575, 29),
(183, 1575, 31),
(184, 1576, 4),
(184, 1576, 16),
(185, 1576, 3),
(185, 1576, 167),
(184, 1577, 7),
(184, 1577, 19),
(185, 1577, 20),
(185, 1577, 35),
(185, 1577, 49),
(185, 1577, 97),
(185, 1577, 118),
(185, 1577, 124),
(184, 1578, 8),
(184, 1578, 20),
(185, 1578, 16),
(185, 1578, 109),
(184, 1579, 11),
(184, 1579, 23),
(185, 1579, 126),
(185, 1579, 152),
(185, 1580, 4),
(185, 1580, 28),
(185, 1580, 38),
(185, 1580, 54),
(185, 1580, 58),
(185, 1580, 94),
(185, 1580, 104),
(185, 1580, 175),
(185, 1580, 182),
(185, 1581, 6),
(185, 1582, 9),
(185, 1582, 102),
(185, 1582, 173),
(185, 1582, 180),
(185, 1583, 10),
(185, 1583, 53),
(185, 1583, 103),
(185, 1583, 174),
(185, 1583, 181),
(206, 1583, 27),
(185, 1584, 11),
(185, 1585, 13),
(185, 1586, 14),
(185, 1586, 101),
(185, 1586, 172),
(185, 1586, 179),
(185, 1587, 15),
(213, 1587, 15),
(185, 1588, 22),
(185, 1589, 25),
(185, 1590, 33),
(185, 1591, 34),
(185, 1592, 37),
(185, 1593, 44),
(185, 1594, 51),
(206, 1594, 190),
(185, 1595, 55),
(192, 1595, 28),
(199, 1595, 71),
(206, 1595, 49),
(185, 1596, 57),
(213, 1596, 97),
(185, 1597, 67),
(185, 1598, 70),
(185, 1599, 78),
(185, 1600, 79),
(185, 1601, 81),
(185, 1602, 89),
(185, 1603, 92),
(185, 1604, 93),
(185, 1605, 105),
(199, 1605, 81),
(185, 1606, 106),
(185, 1607, 108),
(185, 1608, 115),
(185, 1609, 122),
(185, 1610, 145),
(185, 1611, 146),
(185, 1612, 147),
(185, 1613, 149),
(185, 1614, 150),
(185, 1615, 164),
(185, 1616, 178),
(190, 1617, 0),
(190, 1617, 1),
(190, 1618, 9),
(190, 1618, 10),
(190, 1619, 14),
(190, 1619, 15),
(190, 1620, 19),
(190, 1620, 20),
(191, 1621, 2),
(191, 1621, 15),
(191, 1622, 3),
(191, 1622, 16),
(192, 1622, 92),
(192, 1622, 138),
(191, 1623, 5),
(191, 1623, 18),
(192, 1623, 17),
(191, 1624, 6),
(191, 1624, 19),
(192, 1624, 51),
(191, 1625, 8),
(191, 1625, 21),
(192, 1625, 53),
(191, 1626, 10),
(191, 1626, 23),
(192, 1627, 5),
(192, 1628, 21),
(192, 1629, 26),
(199, 1629, 2),
(192, 1630, 34),
(192, 1631, 36),
(192, 1632, 38),
(192, 1633, 40),
(192, 1634, 49),
(192, 1635, 54),
(192, 1636, 61),
(192, 1637, 63),
(192, 1638, 64),
(192, 1639, 66),
(192, 1640, 67),
(192, 1641, 71),
(192, 1642, 73),
(192, 1643, 74),
(192, 1644, 77),
(192, 1645, 79),
(192, 1646, 80),
(213, 1646, 202),
(192, 1647, 87),
(192, 1648, 89),
(192, 1649, 90),
(192, 1650, 91),
(206, 1650, 93),
(192, 1651, 94),
(192, 1651, 108),
(192, 1652, 97),
(192, 1653, 98),
(192, 1654, 100),
(192, 1655, 104),
(192, 1656, 106),
(192, 1657, 107),
(192, 1658, 112),
(192, 1659, 114),
(192, 1660, 116),
(192, 1661, 118),
(192, 1662, 121),
(192, 1663, 122),
(192, 1664, 126),
(192, 1665, 128),
(192, 1666, 129),
(192, 1667, 131),
(192, 1668, 133),
(192, 1669, 134),
(192, 1670, 135),
(192, 1671, 144),
(192, 1672, 151),
(192, 1673, 158),
(192, 1674, 161),
(192, 1675, 166),
(192, 1676, 167),
(197, 1677, 0),
(197, 1677, 2),
(197, 1678, 1),
(197, 1678, 3),
(197, 1679, 8),
(197, 1679, 10),
(197, 1680, 14),
(197, 1680, 16),
(197, 1681, 15),
(197, 1681, 17),
(197, 1682, 28),
(197, 1682, 30),
(197, 1683, 29),
(197, 1683, 31),
(198, 1684, 1),
(198, 1684, 15),
(199, 1684, 38),
(199, 1684, 43),
(199, 1684, 60),
(199, 1684, 68),
(199, 1684, 119),
(198, 1685, 5),
(198, 1685, 19),
(198, 1686, 11),
(198, 1686, 25),
(199, 1686, 8),
(198, 1687, 13),
(198, 1687, 27),
(199, 1688, 15),
(199, 1689, 16),
(199, 1690, 22),
(199, 1691, 24),
(199, 1692, 28),
(199, 1693, 30),
(199, 1694, 46),
(213, 1694, 150),
(199, 1695, 47),
(199, 1696, 50),
(199, 1697, 57),
(199, 1698, 63),
(199, 1699, 74),
(199, 1700, 95),
(199, 1701, 103),
(199, 1702, 108),
(199, 1703, 111),
(199, 1704, 123),
(199, 1705, 128),
(204, 1706, 1),
(204, 1706, 3),
(204, 1707, 7),
(204, 1707, 9),
(204, 1708, 8),
(204, 1708, 10),
(204, 1709, 15),
(204, 1709, 17),
(204, 1710, 21),
(204, 1710, 23),
(204, 1711, 22),
(204, 1711, 24),
(204, 1712, 28),
(204, 1712, 30),
(204, 1713, 29),
(204, 1713, 31),
(205, 1714, 3),
(205, 1714, 23),
(206, 1714, 4),
(206, 1714, 75),
(206, 1714, 83),
(206, 1714, 123),
(206, 1714, 147),
(206, 1714, 156),
(206, 1714, 170),
(206, 1714, 208),
(206, 1714, 238),
(206, 1714, 242),
(206, 1714, 257),
(206, 1714, 275),
(206, 1714, 281),
(206, 1714, 288),
(205, 1715, 4),
(205, 1715, 24),
(206, 1715, 5),
(206, 1715, 66),
(206, 1715, 76),
(206, 1715, 84),
(206, 1715, 124),
(206, 1715, 148),
(206, 1715, 157),
(206, 1715, 171),
(206, 1715, 209),
(206, 1715, 239),
(206, 1715, 243),
(206, 1715, 258),
(206, 1715, 276),
(206, 1715, 282),
(206, 1715, 289),
(205, 1716, 8),
(205, 1716, 28),
(206, 1716, 175),
(205, 1717, 9),
(205, 1717, 29),
(206, 1717, 176),
(205, 1718, 12),
(205, 1718, 32),
(206, 1718, 40),
(206, 1718, 107),
(206, 1718, 179),
(206, 1718, 244),
(205, 1719, 13),
(205, 1719, 33),
(206, 1719, 45),
(206, 1719, 58),
(206, 1719, 108),
(206, 1719, 131),
(206, 1719, 180),
(206, 1719, 246),
(205, 1720, 14),
(205, 1720, 34),
(206, 1720, 46),
(206, 1720, 109),
(206, 1720, 132),
(206, 1720, 181),
(206, 1720, 247),
(205, 1721, 15),
(205, 1721, 35),
(206, 1721, 47),
(206, 1721, 133),
(206, 1721, 182),
(206, 1721, 248),
(205, 1722, 16),
(205, 1722, 36),
(206, 1722, 134),
(206, 1722, 183),
(206, 1722, 249),
(206, 1723, 3),
(206, 1723, 82),
(206, 1724, 19),
(206, 1725, 26),
(206, 1726, 31),
(206, 1727, 56),
(206, 1728, 59),
(206, 1729, 65),
(206, 1730, 69),
(206, 1730, 188),
(206, 1730, 241),
(206, 1731, 71),
(206, 1732, 74),
(206, 1732, 278),
(206, 1733, 78),
(206, 1734, 79),
(206, 1735, 90),
(206, 1736, 92),
(206, 1737, 94),
(206, 1738, 95),
(206, 1739, 98),
(206, 1740, 101),
(206, 1741, 112),
(206, 1742, 114),
(206, 1743, 139),
(206, 1744, 155),
(206, 1744, 274),
(206, 1745, 192),
(206, 1746, 204),
(206, 1747, 211),
(206, 1748, 219),
(206, 1749, 224),
(206, 1750, 226),
(206, 1751, 227),
(206, 1752, 228),
(206, 1753, 230),
(206, 1754, 233),
(206, 1755, 254),
(206, 1755, 265),
(211, 1756, 0),
(211, 1756, 3),
(211, 1757, 2),
(211, 1757, 5),
(211, 1758, 9),
(211, 1758, 11),
(211, 1759, 10),
(211, 1759, 12),
(211, 1760, 16),
(211, 1760, 18),
(211, 1761, 17),
(211, 1761, 19),
(211, 1762, 28),
(211, 1762, 30),
(211, 1763, 29),
(211, 1763, 31),
(212, 1764, 2),
(212, 1764, 15),
(213, 1764, 86),
(213, 1764, 114),
(213, 1764, 153),
(213, 1764, 214),
(213, 1764, 233),
(212, 1765, 4),
(212, 1765, 17),
(213, 1765, 62),
(213, 1765, 73),
(213, 1765, 96),
(213, 1765, 140),
(213, 1765, 144),
(213, 1765, 155),
(213, 1765, 161),
(213, 1765, 177),
(213, 1765, 188),
(213, 1765, 235),
(213, 1765, 253),
(213, 1765, 266),
(212, 1766, 6),
(212, 1766, 19),
(213, 1766, 237),
(213, 1766, 243),
(212, 1767, 10),
(212, 1767, 23),
(213, 1767, 64),
(212, 1768, 11),
(212, 1768, 24),
(212, 1769, 12),
(212, 1769, 25),
(213, 1770, 3),
(213, 1771, 4),
(213, 1771, 35),
(213, 1771, 56),
(213, 1771, 61),
(213, 1771, 75),
(213, 1771, 127),
(213, 1771, 130),
(213, 1772, 7),
(213, 1773, 14),
(213, 1773, 20),
(213, 1774, 17),
(213, 1775, 19),
(213, 1776, 21),
(213, 1777, 22),
(213, 1778, 26),
(213, 1779, 27),
(213, 1780, 30),
(213, 1781, 31),
(213, 1782, 34),
(213, 1783, 42),
(213, 1784, 44),
(213, 1785, 46),
(213, 1786, 47),
(213, 1787, 52),
(213, 1788, 58),
(213, 1789, 59),
(213, 1790, 66),
(213, 1791, 100),
(213, 1792, 104),
(213, 1793, 105),
(213, 1793, 106),
(213, 1794, 109),
(213, 1795, 116),
(213, 1795, 119),
(213, 1796, 117),
(213, 1797, 125),
(213, 1798, 129),
(213, 1799, 134),
(213, 1800, 136),
(213, 1801, 143),
(213, 1802, 146),
(213, 1803, 171),
(213, 1804, 176),
(213, 1805, 180),
(213, 1805, 244),
(213, 1806, 181),
(213, 1806, 183),
(213, 1806, 245),
(213, 1806, 251),
(213, 1807, 182),
(213, 1807, 250),
(213, 1808, 184),
(213, 1808, 246),
(213, 1809, 186),
(213, 1809, 247),
(213, 1810, 187),
(213, 1810, 248),
(213, 1811, 189),
(213, 1812, 190),
(213, 1813, 194),
(213, 1814, 196),
(213, 1815, 201),
(213, 1816, 206),
(213, 1816, 216),
(213, 1817, 209),
(213, 1818, 212),
(213, 1819, 220),
(213, 1820, 222),
(213, 1821, 227),
(213, 1822, 239),
(213, 1823, 240),
(213, 1824, 241),
(213, 1825, 255),
(213, 1826, 258),
(213, 1827, 270),
(213, 1828, 271);

-- --------------------------------------------------------

--
-- Struktur dari tabel `submission_settings`
--

CREATE TABLE `submission_settings` (
  `submission_id` bigint(20) NOT NULL,
  `locale` varchar(14) NOT NULL DEFAULT '',
  `setting_name` varchar(255) NOT NULL,
  `setting_value` text,
  `setting_type` varchar(6) NOT NULL
) ENGINE=InnoDB DEFAULT CHARSET=utf8;

--
-- Dumping data untuk tabel `submission_settings`
--

INSERT INTO `submission_settings` (`submission_id`, `locale`, `setting_name`, `setting_value`, `setting_type`) VALUES
(6, '', 'copyrightYear', '', 'string'),
(6, '', 'licenseURL', '', 'string'),
(6, 'en_US', 'abstract', '', 'string'),
(6, 'en_US', 'cleanTitle', 'PELATIHAN DESAIN LABEL MENGGUNAKAN CORELDRAW PADA PANTI ASUHAN PUTRI AISYIYAH MALANG', 'string'),
(6, 'en_US', 'copyrightHolder', '', 'string'),
(6, 'en_US', 'prefix', '', 'string'),
(6, 'en_US', 'subtitle', '', 'string'),
(6, 'en_US', 'title', 'PELATIHAN DESAIN LABEL MENGGUNAKAN CORELDRAW PADA PANTI ASUHAN PUTRI AISYIYAH MALANG', 'string'),
(6, 'id_ID', 'abstract', '<p>Tujuan dari kegiatan pengabdian pada masyarakat ini adalah memberikan pelatihan dan keterampilan bidang iptek, khususnya aplikasi software coreldraw kepada anak-anak Panti Asuhan Putri AISYIYAH Malang agar dapat membuat desain label kemasan produk unit usaha Panti Asuhan Putri AISYIYAH Malang, Manfaat yang diharapkan dari kegiatan pengabdian pada masyarakat ini adalah terjalinnya kerja sama dengan pihak Panti Asuhan Putri AISYIYAH Malang yang juga memiliki unit usaha produktif.</p>\r\n<p>Pihak Panti Asuhan Putri AISYIYAH Malang, mendapatkan pengayaan ilmu pengetahuan dan teknonogi, khususnya tentang aplikasi software corelldraw untuk mendesain label. Label ini selanjutnya akan ditempelkan pada kemasan/bungkus produk yang dihasilkan oleh unit catering Panti Asuhan Putri AISYIYAH Malang, sehingga kemasan/bungkus/kardus produk akan semakin menarik minat konsumen. Calon konsumen juga akan lebih mudah mengetahui/menghubungi pihak Panti Asuhan Putri AISYIYAH Malang jika akan memesan produk katering</p>', 'string'),
(6, 'id_ID', 'cleanTitle', 'PELATIHAN DESAIN LABEL MENGGUNAKAN CORELDRAW PADA PANTI ASUHAN PUTRI AISYIYAH MALANG', 'string'),
(6, 'id_ID', 'copyrightHolder', '', 'string'),
(6, 'id_ID', 'prefix', '', 'string'),
(6, 'id_ID', 'subtitle', '', 'string'),
(6, 'id_ID', 'title', 'PELATIHAN DESAIN LABEL MENGGUNAKAN CORELDRAW PADA PANTI ASUHAN PUTRI AISYIYAH MALANG', 'string'),
(7, '', 'copyrightYear', '', 'string'),
(7, '', 'licenseURL', '', 'string'),
(7, 'en_US', 'abstract', '', 'string'),
(7, 'en_US', 'cleanTitle', 'BIMBINGAN DAN PENGARAHAN TENTANG KIAT SUKSES MEMULAI USAHA DI BIDANG MAKANAN PKK RT 13 RW 08 KELURAHAN BARENG KECAMATAN KLOJEN KOTA MALANG', 'string'),
(7, 'en_US', 'copyrightHolder', '', 'string'),
(7, 'en_US', 'prefix', '', 'string'),
(7, 'en_US', 'subtitle', '', 'string'),
(7, 'en_US', 'title', 'BIMBINGAN DAN PENGARAHAN TENTANG KIAT SUKSES MEMULAI USAHA DI BIDANG MAKANAN PKK RT 13 RW 08 KELURAHAN BARENG KECAMATAN KLOJEN KOTA MALANG', 'string'),
(7, 'id_ID', 'abstract', '<p>This Community Service activity was held on Sunday 3 May 2019 in PKK RT 13 RW 8 Bareng, Klojen District Malang City. This activity is divided into several stages, namely the preparation stage, including the preparation of places and events, the stage of material delivery, the discussion stage, and the closing stage. The goals achieved are to To open trainees\' insights that opportunities around are potential to be utilized so that they can produce economic value. The success in community service can be seen from the enthusiasm of the trainees who are actively discussing and asking questions. The activity was attended by almost all PKK management and members. Participants want on going activities.</p>', 'string'),
(7, 'id_ID', 'cleanTitle', 'BIMBINGAN DAN PENGARAHAN TENTANG KIAT SUKSES MEMULAI USAHA DI BIDANG MAKANAN PKK RT 13 RW 08 KELURAHAN BARENG KECAMATAN KLOJEN KOTA MALANG', 'string'),
(7, 'id_ID', 'copyrightHolder', '', 'string'),
(7, 'id_ID', 'prefix', '', 'string'),
(7, 'id_ID', 'subtitle', '', 'string'),
(7, 'id_ID', 'title', 'BIMBINGAN DAN PENGARAHAN TENTANG KIAT SUKSES MEMULAI USAHA DI BIDANG MAKANAN PKK RT 13 RW 08 KELURAHAN BARENG KECAMATAN KLOJEN KOTA MALANG', 'string'),
(8, '', 'copyrightYear', '', 'string'),
(8, '', 'licenseURL', '', 'string'),
(8, 'en_US', 'abstract', '', 'string'),
(8, 'en_US', 'cleanTitle', 'PEMBERDAYAAN MASYARAKAT UNTUK MEMBERIKAN PILIHAN PELUANG USAHA MANDIRI BAGI KELOMPOK KOMISI KAUM WANITA GSJA MARANATHA  MALANG', 'string'),
(8, 'en_US', 'copyrightHolder', '', 'string'),
(8, 'en_US', 'prefix', '', 'string'),
(8, 'en_US', 'subtitle', '', 'string'),
(8, 'en_US', 'title', 'PEMBERDAYAAN MASYARAKAT UNTUK MEMBERIKAN PILIHAN PELUANG USAHA MANDIRI BAGI KELOMPOK KOMISI KAUM WANITA GSJA MARANATHA - MALANG', 'string'),
(8, 'id_ID', 'abstract', '<p>Tujuan kegiatan PKM ini adalah memberikan pengayaan materi ketrampilan kewirausahaan dalam konsep memberdayakan potensi dan kreativitas pada anggota inti sebuah rumah tangga, khususnya bagi kelompok komisi Kaum Wanita yang ada di GSJA Maranatha Malang. Halayak sasaran adalah kelompok Kaum Wanita dengan pertimbangan mereka sebagai tulang punggung kedua dalam keluarga (setelah suami) mempunyai naluri untuk bertanggung jawab terhadap kesejahteraan keluarga.</p>\r\n<p>Melalui kegiatan PKM diharapkan dapat memicu motivasi dan kreatifitas para wanita agar bisa memiliki ketrampilan yang dapat dimanfaatkan secara mandiri untuk membantu perekonomian dan kesejahteraan keluarga. Kegiatan ini dibagi dalam 2 modul, yang pertama memberikan pembekalan secara teoretis tentang tujuan, manfaat dan tips menjalankan kegiatan kewirausahaan, serta pentingnya menjalankan usaha mandiri bagi seorang wanita untuk meningkatkan kesejahteraan keluarga.</p>\r\n<p>Sedangkan yang kedua memberikan pengayaan ketrampilan dasar merajut Teknik Single and Double Crochet dengan teknik Granny Square Pattern, yaitu mengolah benang dengan membentuk sengkelit-sengkelit dengan pertolongan satu batang hakpen sehingga membentuk sebuah benda dengan nilai guna yang baru. Pelatihan dilakukan dengan cara langsung didampingi fasilitator dan menghasilkan sebuah produk yang mempunyai nilai jual, serta masih memiliki pasar yang potensial di masyarakat yaitu produk berupa sarung bantal, sprei, bed-cover dan taplak meja. Berdasar hasil evaluasi pelatihan, dapat disimpulkan bahwa pelatihan berjalan dengan lancar dan efektif karena khalayak sasaran dapat menyerap ilmu yang disampaikan dan mampu menghasilkan produk jadi sesuai dengan yang ditargetkan dari awal.</p>', 'string'),
(8, 'id_ID', 'cleanTitle', 'PEMBERDAYAAN MASYARAKAT UNTUK MEMBERIKAN PILIHAN PELUANG USAHA MANDIRI BAGI KELOMPOK KOMISI KAUM WANITA GSJA MARANATHA  MALANG', 'string'),
(8, 'id_ID', 'copyrightHolder', '', 'string'),
(8, 'id_ID', 'prefix', '', 'string'),
(8, 'id_ID', 'subtitle', '', 'string'),
(8, 'id_ID', 'title', 'PEMBERDAYAAN MASYARAKAT UNTUK MEMBERIKAN PILIHAN PELUANG USAHA MANDIRI BAGI KELOMPOK KOMISI KAUM WANITA GSJA MARANATHA - MALANG', 'string'),
(10, '', 'copyrightYear', '', 'string'),
(10, '', 'licenseURL', '', 'string'),
(10, 'en_US', 'abstract', '', 'string'),
(10, 'en_US', 'cleanTitle', 'PELATIHAN MANAJEMEN PEMASARAN INDUSTRI RUMAH TANGGA RAKET TENIS MEJA', 'string'),
(10, 'en_US', 'copyrightHolder', '', 'string'),
(10, 'en_US', 'prefix', '', 'string'),
(10, 'en_US', 'subtitle', '', 'string'),
(10, 'en_US', 'title', 'PELATIHAN MANAJEMEN PEMASARAN INDUSTRI RUMAH TANGGA RAKET TENIS MEJA', 'string'),
(10, 'id_ID', 'abstract', '<p>Industri Rumah Tangga Raket Tenis Meja Kota Malang merupakan kumpulan anggota rumah tangga, yang tugas utamanya sebagai istri adalah mengelola semua pendapatan/penerimaan baik penerimaan rutin maupun tidak rutin dan pengeluaran rutin maupun pengeluaran tidak rutin sehari-hari untuk keperluan keluarganya. Masalah anggota Industri Rumah Tangga Raket Tenis Meja adanya pos-pos yang over budget sehingga terjadi defisit keuangan pada akhir bulan atau adanya kebutuhan yang tidak terpenuhi.</p>\r\n<p>Kondisi diatas seharusnya dapat dihindari apabila dalam pengelolaan dana keluarga dilakukan dengan perencanaan yang tepat. Salah satu yang diusulkan kepada anggota adalah Pelatihan Manajemen Pemasaran . Permasalahan yang ditemukan a) Kurangnya pemahaman pentingnya Manajemen Pemasaran , b) Kurangnya pengetahuan dan keterampilan dalam Manajemen Pemasaran dalam merencanakan dan mencapai sasaran keuangan. Solusi yang ditawarkan adalah a) Peningkatan pengetahuan dan keterampilan Manajemen Pemasaran , b) Pelatihan Manajemen Pemasaran .Kontribusi mendasar pada mitra adalah a) Penyuluhan pentingnya Manajemen Pemasaran , b) Sharing dan diskusi pengalaman dalam Manajemen Pemasaran , c) Pelatihan Manajemen Pemasaran Berbasis Online,</p>', 'string'),
(10, 'id_ID', 'cleanTitle', 'PELATIHAN MANAJEMEN PEMASARAN INDUSTRI RUMAH TANGGA RAKET TENIS MEJA', 'string'),
(10, 'id_ID', 'copyrightHolder', '', 'string'),
(10, 'id_ID', 'prefix', '', 'string'),
(10, 'id_ID', 'subtitle', '', 'string'),
(10, 'id_ID', 'title', 'PELATIHAN MANAJEMEN PEMASARAN INDUSTRI RUMAH TANGGA RAKET TENIS MEJA', 'string'),
(11, '', 'copyrightYear', '', 'string'),
(11, '', 'licenseURL', '', 'string'),
(11, 'en_US', 'abstract', '', 'string'),
(11, 'en_US', 'cleanTitle', 'PELATIHAN PEMBELAJARAN BERBASIS INTERNET BAGI GURU DI YAYASAN MUJAHIDIN KABUPATEN MALANG', 'string'),
(11, 'en_US', 'copyrightHolder', '', 'string'),
(11, 'en_US', 'prefix', '', 'string'),
(11, 'en_US', 'subtitle', '', 'string'),
(11, 'en_US', 'title', 'PELATIHAN PEMBELAJARAN BERBASIS INTERNET BAGI GURU DI YAYASAN MUJAHIDIN KABUPATEN MALANG', 'string'),
(11, 'id_ID', 'abstract', '<p>Pembelajaran adalah proses transfer ilmu dari seorang guru kepada peserta didik. Untuk itu, maka metode pembelajaran yang digunakan harus sesuai perkembangan jaman sehingga menghasilkan lulusan yang memiliki keahlian sesuai dengan tuntutan jamannya. Terkait dengan hal tersebut, maka kegiatan Pengabdian kepada Masyarakat ini bertujuanuntuk memberikan pengetahuan kepada para guru tentang pembelajaran berbasis internet. Kegiatan Pengabdian kepada Masyarakat ini dilaksanakan pada Minggu 3 Nopember 2019 di Yayasan Mujahidin Kabupaten Malang.</p>\r\n<p>Kegiatan ini terbagi dalam beberapa tahap yang terdiri atas tahap persiapan, tahap pelatihan dan pembuatan laporan kegiatan.Tujuan diadakan pelatihan ini adalah agar para guru di Yayasan Mujahidin dapat memanfaatkan internet sebagai salah satu media dalam pembelajaran.Materi yang diberikan dalam pelatihan ini meliputi pengertian pembelajaran berbasis internet, ruang lingkup, keuntungan dan kerugian pembelajaran berbasis internet serta mempraktekkan proses pembelajaran berbasis internet. Selama proses pelatihan situasinya terjalin secara edukatif, kondusif dan menyenangkan. Hal ini dapat terlihat dari antusias peserta, proses tanya jawab dan keikutsertaan peserta secara lengkap mulai awal sampai selesainya acara pelatihan sehingga materinya dapat selesai secara keseluruhan..</p>', 'string'),
(11, 'id_ID', 'cleanTitle', 'PELATIHAN PEMBELAJARAN BERBASIS INTERNET BAGI GURU DI YAYASAN MUJAHIDIN KABUPATEN MALANG', 'string'),
(11, 'id_ID', 'copyrightHolder', '', 'string'),
(11, 'id_ID', 'prefix', '', 'string'),
(11, 'id_ID', 'subtitle', '', 'string'),
(11, 'id_ID', 'title', 'PELATIHAN PEMBELAJARAN BERBASIS INTERNET BAGI GURU DI YAYASAN MUJAHIDIN KABUPATEN MALANG', 'string'),
(12, '', 'copyrightYear', '', 'string'),
(12, '', 'licenseURL', '', 'string'),
(12, 'en_US', 'abstract', '', 'string'),
(12, 'en_US', 'cleanTitle', 'SOSIALISASI UNDANGUNDANG NOMOR 11 TAHUN 2008 TENTANG INFORMASI TRANSAKSI ELEKTRONIK IBUIBU PKK RW 20 KELURAHAN BUNULREJO KOTA MALANG', 'string'),
(12, 'en_US', 'copyrightHolder', '', 'string'),
(12, 'en_US', 'prefix', '', 'string'),
(12, 'en_US', 'subtitle', '', 'string'),
(12, 'en_US', 'title', 'SOSIALISASI UNDANG-UNDANG NOMOR 11 TAHUN 2008 TENTANG INFORMASI TRANSAKSI ELEKTRONIK IBU-IBU PKK RW 20 KELURAHAN BUNULREJO KOTA MALANG', 'string'),
(12, 'id_ID', 'abstract', '<p>Perkembangan teknologi dan informasi akhir-akhir ini, membawa banyak perubahan dalam dunia bisnis. Salah satu bentuk perubahan yang terjadi dalam dunia bisnis adalah munculnya sistem transaksi baru yang disebut e-commerce atau transaksi elektronik. E-commerce merupakan model bisnis terbaru yang lebih praktis, melalui media internet, dan tidak menghadirkan pelaku bisnis secara fisik</p>', 'string'),
(12, 'id_ID', 'cleanTitle', 'SOSIALISASI UNDANGUNDANG NOMOR 11 TAHUN 2008 TENTANG INFORMASI TRANSAKSI ELEKTRONIK IBUIBU PKK RW 20 KELURAHAN BUNULREJO KOTA MALANG', 'string'),
(12, 'id_ID', 'copyrightHolder', '', 'string'),
(12, 'id_ID', 'prefix', '', 'string'),
(12, 'id_ID', 'subtitle', '', 'string'),
(12, 'id_ID', 'title', 'SOSIALISASI UNDANG-UNDANG NOMOR 11 TAHUN 2008 TENTANG INFORMASI TRANSAKSI ELEKTRONIK IBU-IBU PKK RW 20 KELURAHAN BUNULREJO KOTA MALANG', 'string'),
(13, '', 'copyrightYear', '', 'string'),
(13, '', 'licenseURL', '', 'string'),
(13, 'en_US', 'abstract', '', 'string'),
(13, 'en_US', 'cleanTitle', 'PELATIHAN PEMBUATAN VIDEO PEMBELAJARAN DI TK ALJABBAR BLIMBING KOTA MALANG', 'string'),
(13, 'en_US', 'copyrightHolder', '', 'string'),
(13, 'en_US', 'prefix', '', 'string'),
(13, 'en_US', 'subtitle', '', 'string'),
(13, 'en_US', 'title', 'PELATIHAN PEMBUATAN VIDEO PEMBELAJARAN DI TK. AL-JABBAR BLIMBING KOTA MALANG', 'string'),
(13, 'id_ID', 'abstract', '<p>The targets of community service activities are the teachers or educators of Malang City\'s AlJabbar Kindergarten (TK), and other private kindergartens around them. The selection of private Al-Jabbar Kindergarten teachers is because the existing facilities of the school are inadequate, so there is a need for learning media assistance and enhancement of the quality of creative teachers in the learning process.</p>\r\n<p>This activity aims to help improve the quality of the learning process by increasing the ability of teachers in this school, so that learning is better and more enjoyable. PKM activities include: Introductory material, Learning media demo, Provision of Materials, practical training in making instructional media, Planning learning media according to topic, making instructional media according to plan, discussion and evaluation of learning media and finally improvement in making instructional media.</p>', 'string'),
(13, 'id_ID', 'cleanTitle', 'PELATIHAN PEMBUATAN VIDEO PEMBELAJARAN DI TK ALJABBAR BLIMBING KOTA MALANG', 'string'),
(13, 'id_ID', 'copyrightHolder', '', 'string'),
(13, 'id_ID', 'prefix', '', 'string'),
(13, 'id_ID', 'subtitle', '', 'string'),
(13, 'id_ID', 'title', 'PELATIHAN PEMBUATAN VIDEO PEMBELAJARAN DI TK. AL-JABBAR BLIMBING KOTA MALANG', 'string'),
(14, '', 'copyrightYear', '', 'string'),
(14, '', 'licenseURL', '', 'string'),
(14, 'en_US', 'abstract', '', 'string'),
(14, 'en_US', 'cleanTitle', 'UPAYA PENINGKATAN KUALITAS PAUD PUTIH MELATI KELURAHAN MERGOSONO KECAMATAN KEDUNGKANDANG MALANG MELALUI PENDIDIKAN ANAK USIA DINI DAN PENINGKATAN KUALITAS PENDIDIK', 'string'),
(14, 'en_US', 'copyrightHolder', '', 'string'),
(14, 'en_US', 'prefix', '', 'string'),
(14, 'en_US', 'subtitle', '', 'string'),
(14, 'en_US', 'title', 'UPAYA PENINGKATAN KUALITAS PAUD PUTIH MELATI KELURAHAN MERGOSONO KECAMATAN KEDUNGKANDANG MALANG MELALUI PENDIDIKAN ANAK USIA DINI DAN PENINGKATAN KUALITAS PENDIDIK', 'string'),
(14, 'id_ID', 'abstract', '<p>In Indonesia, the age between 0-6 years is agreed, which is explained in article 28 of the Law on the National Education System no. 20 of 2003 paragraph 1 explained that \"early childhood is a child who falls in the age range of 0-6 years\". Thus it can be stated that early childhood is a child in the range of 0-6 years who have growth and development according to their characteristics. In Mergosono Sub-District, Kedungkandang District, there are 6 (six) Pos PAUD. Pos PAUD Putih Melati is one of the Pos PAUD located in RW 1, Mergosono Sub-District, Kedungkandang District.</p>\r\n<p>This Pos PAUD was created with the aim of meeting the needs of the surrounding community, especially with regard to early childhood education. So far, Pos PAUD have been managed more based on principles from, by and for the community. The method used in this PkM is the transfer of knowledge and discussion of problems. The implementation of activities in the form of management training and financial administration of Pos PAUD, procurement of Educational Game Equipment (APE), procurement of APE storage lockers, and procurement of Pos PAUD financial administration books. Financial Management and Administration Training for the managers of Pos PAUD Putih Melati was the result of the initial discussion.</p>\r\n<p>Based on the results of the discussion it was found that the Pos PAUD Putih Melati manager experienced obstacles in terms of financial management and administration. Therefore, dedication was carried out in the form of providing material related to the management and financial administration of Pos PAUD Putih Melati. Overall, the service activities carried out at the Pos PAUD Putih Melati can be said to be successful. This success is not only measured by the four components above, it can also be seen from the participants\' satisfaction after participating in the activities and the use of APE by students of the Pos PAUD Putih Melati. Based on the results of the implementation of the dedication that has been carried out, several suggestions can be submitted, namely: 1) The time of the implementation of the service activities needs to be increased so that the objectives of the activity can be fully achieved. 2) The existence of follow-up activities in the form of similar training is always held periodically so as to improve the ability of teachers to carry out the teaching and learning process.</p>', 'string'),
(14, 'id_ID', 'cleanTitle', 'UPAYA PENINGKATAN KUALITAS PAUD PUTIH MELATI KELURAHAN MERGOSONO KECAMATAN KEDUNGKANDANG MALANG MELALUI PENDIDIKAN ANAK USIA DINI DAN PENINGKATAN KUALITAS PENDIDIK', 'string'),
(14, 'id_ID', 'copyrightHolder', '', 'string'),
(14, 'id_ID', 'prefix', '', 'string'),
(14, 'id_ID', 'subtitle', '', 'string'),
(14, 'id_ID', 'title', 'UPAYA PENINGKATAN KUALITAS PAUD PUTIH MELATI KELURAHAN MERGOSONO KECAMATAN KEDUNGKANDANG MALANG MELALUI PENDIDIKAN ANAK USIA DINI DAN PENINGKATAN KUALITAS PENDIDIK', 'string'),
(15, '', 'copyrightYear', '', 'string'),
(15, '', 'licenseURL', '', 'string'),
(15, 'en_US', 'abstract', '', 'string'),
(15, 'en_US', 'cleanTitle', 'SOSIALISASI PASAL 54 UNDANGUNDANG NOMOR 13 TAHUN 2003 TENTANG KETENAGAKERJAAN IBUIBU PKK RW 21 KELURAHAN PURWANTORO KOTA MALANG', 'string'),
(15, 'en_US', 'copyrightHolder', '', 'string'),
(15, 'en_US', 'prefix', '', 'string'),
(15, 'en_US', 'subtitle', '', 'string'),
(15, 'en_US', 'title', 'SOSIALISASI PASAL 54 UNDANG-UNDANG NOMOR 13 TAHUN 2003 TENTANG KETENAGAKERJAAN IBU-IBU PKK RW 21 KELURAHAN PURWANTORO KOTA MALANG', 'string'),
(15, 'id_ID', 'abstract', '<p>Indonesia ialah negara yang besar yang memiliki jumlah penduduk yang sangat besar. Banyaknya sumber daya manusia/tenaga kerja yang ada harus diimbangi dengan banyaknya lapangan kerja. Hubungan kerja yang terjadi antara pekerja dan pengusaha didasarkan atas perjanjian kerja seperti yang dijelaskan oleh Pasal 50 Undang-Undang Nomor 13 Tahun 2003 Tentang Ketenagakerjaan (disingkat UU Ketenagakerjaan). Perjanjian kerja berisikan persetujuan untuk saling mengikatkatkan diri dimana pekerja akan bekerja dengan menerima perintah dari pengusaha/majikan dengan mendapatkan upah serta memuat syarat-syarat kerja serta hak dan kewajiban kedua belah pihak baik yang dibuat tertulias maupun lisan</p>', 'string'),
(15, 'id_ID', 'cleanTitle', 'SOSIALISASI PASAL 54 UNDANGUNDANG NOMOR 13 TAHUN 2003 TENTANG KETENAGAKERJAAN IBUIBU PKK RW 21 KELURAHAN PURWANTORO KOTA MALANG', 'string'),
(15, 'id_ID', 'copyrightHolder', '', 'string'),
(15, 'id_ID', 'prefix', '', 'string'),
(15, 'id_ID', 'subtitle', '', 'string'),
(15, 'id_ID', 'title', 'SOSIALISASI PASAL 54 UNDANG-UNDANG NOMOR 13 TAHUN 2003 TENTANG KETENAGAKERJAAN IBU-IBU PKK RW 21 KELURAHAN PURWANTORO KOTA MALANG', 'string'),
(16, '', 'copyrightYear', '', 'string'),
(16, '', 'licenseURL', '', 'string'),
(16, 'en_US', 'abstract', '', 'string'),
(16, 'en_US', 'cleanTitle', 'LAPORAN PENGABDIAN MASYARAKAT TENTANG BIMBINGAN DAN PELATIHAN TENTANG PENGEMBANGAN SOFT SKILL MENEMUKAN POTENSI DIRI BAGI ANAK BERKEBUTUHAN KHUSUS DI YAYASAN PEMBINAAN ANAK CACAT YPAC MALANG', 'string'),
(16, 'en_US', 'copyrightHolder', '', 'string'),
(16, 'en_US', 'prefix', '', 'string'),
(16, 'en_US', 'subtitle', '', 'string'),
(16, 'en_US', 'title', 'LAPORAN PENGABDIAN MASYARAKAT TENTANG BIMBINGAN DAN PELATIHAN TENTANG PENGEMBANGAN SOFT SKILL (MENEMUKAN POTENSI DIRI) BAGI ANAK BERKEBUTUHAN KHUSUS DI YAYASAN PEMBINAAN ANAK CACAT (YPAC) MALANG', 'string'),
(16, 'id_ID', 'abstract', '<p>Tujuan dari kegiatan ini untuk memberikan bimbingan dan pelatihan tentang pengembangan soft skill bagi anak berkebutuhan khusus, Meningkatkan soft skill, dan cara menemukan potensi diri pada anak berkebutuhan khusus, Membantu memberikan pemahaman bahwa pengembangan soft skill. Kegiatan ini merupakan kegiatan pengabdian masyarakat (PKM) dengan bentuk kegiatan dilakukan dengan materi sebagai berikut: Materi edukasi, Perlombaan, dan Pembahasan Masalah.</p>\r\n<p>Hasil dari kegiatan ini adalah meningkatkan wacana peserta pelajar Yayasan Pembinaan Anak Cacat (YPAC) Malang, Meningkatkan ilmu pengetahuan anggota terhadap ketrampilan dasar yang dipilih dengan beberapa pertimbangan khusus yaitu menemukan potensi diri dari soft skill yang dikuasai, dan Meningkatkan hubungan antara Politeknik Negeri Malang dengan masyarakat, khususnya di Yayasan Pembinaan Anak Cacat (YPAC) Malang.</p>', 'string'),
(16, 'id_ID', 'cleanTitle', 'LAPORAN PENGABDIAN MASYARAKAT TENTANG BIMBINGAN DAN PELATIHAN TENTANG PENGEMBANGAN SOFT SKILL MENEMUKAN POTENSI DIRI BAGI ANAK BERKEBUTUHAN KHUSUS DI YAYASAN PEMBINAAN ANAK CACAT YPAC MALANG', 'string'),
(16, 'id_ID', 'copyrightHolder', '', 'string'),
(16, 'id_ID', 'prefix', '', 'string'),
(16, 'id_ID', 'subtitle', '', 'string'),
(16, 'id_ID', 'title', 'LAPORAN PENGABDIAN MASYARAKAT TENTANG BIMBINGAN DAN PELATIHAN TENTANG PENGEMBANGAN SOFT SKILL (MENEMUKAN POTENSI DIRI) BAGI ANAK BERKEBUTUHAN KHUSUS DI YAYASAN PEMBINAAN ANAK CACAT (YPAC) MALANG', 'string'),
(17, '', 'copyrightYear', '', 'string'),
(17, '', 'licenseURL', '', 'string'),
(17, 'en_US', 'abstract', '', 'string'),
(17, 'en_US', 'cleanTitle', 'BIMBINGAN DAN PELATIHAN SENI MERAJUT BAGI IBUIBU ANGGOTA KOMITE SEKOLAH SDN LOWOKWARU 3 MALANG', 'string'),
(17, 'en_US', 'copyrightHolder', '', 'string'),
(17, 'en_US', 'prefix', '', 'string'),
(17, 'en_US', 'subtitle', '', 'string'),
(17, 'en_US', 'title', 'BIMBINGAN DAN PELATIHAN SENI MERAJUT BAGI IBU-IBU ANGGOTA KOMITE SEKOLAH SDN LOWOKWARU 3 MALANG', 'string'),
(17, 'id_ID', 'abstract', '<p>Program Pengabdian ini merupakan kegiatan bimbingan dan pelatihan seni merajut bagi anggota Komite Sekolah SDN Lowokwaru 3 Malang. Kegiatan ini bertujuan agar anggota komite sekolah memiliki bekal ilmu seni kriya yang diharapkan agar dapat penghasilan tambahan melalui seni kriya mandiri. Metode Pengabdian dilaksanakan dengan mendatangkan instruktur rajut Kota Malang dan alih pengetahuan dilaksanakan dengan cara cara diskusi dan tanya jawab beserta praktikum. Hasil dari kegiatan pengabdian ini berupa bros rajut. Diharapkan bagi ibu-ibu anggota komite sekolah SDN Lowokwaru 3 Malang dapat mengaplikasikan seni rajut sebagai sarana untuk memperoleh penghasilan tambahan melalui seni kriya mandiri.</p>', 'string'),
(17, 'id_ID', 'cleanTitle', 'BIMBINGAN DAN PELATIHAN SENI MERAJUT BAGI IBUIBU ANGGOTA KOMITE SEKOLAH SDN LOWOKWARU 3 MALANG', 'string'),
(17, 'id_ID', 'copyrightHolder', '', 'string'),
(17, 'id_ID', 'prefix', '', 'string'),
(17, 'id_ID', 'subtitle', '', 'string'),
(17, 'id_ID', 'title', 'BIMBINGAN DAN PELATIHAN SENI MERAJUT BAGI IBU-IBU ANGGOTA KOMITE SEKOLAH SDN LOWOKWARU 3 MALANG', 'string'),
(18, '', 'copyrightYear', '', 'string'),
(18, '', 'licenseURL', '', 'string'),
(18, 'en_US', 'abstract', '', 'string'),
(18, 'en_US', 'cleanTitle', 'PEMBUATAN HANG LEDDER SEBAGAI SARANA BERLATIH KETINGGIAN DAN PENGUATAN OTOT ANAKANAK DI TK DHARMA WANITA PERSATUAN 3 KALIASRI DUSUN UMBULDAWE RT01 RW 08 DESA KALIASRI  KECAMATAN KALIPARE KAB MALANG', 'string'),
(18, 'en_US', 'copyrightHolder', '', 'string'),
(18, 'en_US', 'prefix', '', 'string'),
(18, 'en_US', 'subtitle', '', 'string'),
(18, 'en_US', 'title', 'PEMBUATAN HANG LEDDER SEBAGAI SARANA BERLATIH KETINGGIAN DAN PENGUATAN OTOT ANAK-ANAK DI TK DHARMA WANITA PERSATUAN 3 KALIASRI DUSUN UMBULDAWE RT01 RW 08 DESA KALIASRI , KECAMATAN KALIPARE KAB. MALANG', 'string'),
(18, 'id_ID', 'abstract', '<p>Salah satu bentuk pendidikan prasekolah bagi anak-anak usia dibawah 7tahun ialah play grup,serta taman kanak kanak. di desa desa dan kecamatan terdapat banyak pendidikan Taman Kanak Kanak serta play grup.. Pendidikan ini pada umumnya dikelola swasembada , karena pemerintah belum banyak menyediakan bantuan pendidikan Taman Kanak Kanak khususnya di tingkat desa . sehingga kebanyakan Taman Kanak Kanak di daerah pedesaan itu swakelola. Kecamatan Kalipare terletak 45 Km kearah selatan kota Malang, dan Di Desa.</p>\r\n<p>Kaliasri masih belum banyak TK karena untuk mendirikan TK maupun playgrup banyak persyaratan yang harus dipenuhi : guru yang kompeten dibidangnya, gedung sekolah, ruang bermain, sarana bermain dan fasilitas lain yang mendukung proses belajar mengajar. itu semua memerlukan dana yang cukup besar. Dengan jumlah fasilitas bermain yang masih minim TK Dharma Wanita Persatuan 3 Kaliasri.terus meningkatkan pelayanan pendidikan prasekolah kepada masyarakat sekitarnya.</p>\r\n<p>Dalam operasional sehari-harinya dana yang diperoleh dari masyarakat sangat kurang, sehingga untuk pelaksanaan harian dan pengembangan sarana penunjang untuk bermain bagi anak-anak peserta didik tentu saja tidak mungkin. Oleh karena itu dengan adanaya pengapdian masyarakat ini maka sekolah merasa sangat terbantu dengan ditambahnya sarana bermain Hang ledder</p>', 'string'),
(18, 'id_ID', 'cleanTitle', 'PEMBUATAN HANG LEDDER SEBAGAI SARANA BERLATIH KETINGGIAN DAN PENGUATAN OTOT ANAKANAK DI TK DHARMA WANITA PERSATUAN 3 KALIASRI DUSUN UMBULDAWE RT01 RW 08 DESA KALIASRI  KECAMATAN KALIPARE KAB MALANG', 'string'),
(18, 'id_ID', 'copyrightHolder', '', 'string'),
(18, 'id_ID', 'prefix', '', 'string'),
(18, 'id_ID', 'subtitle', '', 'string'),
(18, 'id_ID', 'title', 'PEMBUATAN HANG LEDDER SEBAGAI SARANA BERLATIH KETINGGIAN DAN PENGUATAN OTOT ANAK-ANAK DI TK DHARMA WANITA PERSATUAN 3 KALIASRI DUSUN UMBULDAWE RT01 RW 08 DESA KALIASRI , KECAMATAN KALIPARE KAB. MALANG', 'string'),
(19, '', 'copyrightYear', '', 'string'),
(19, '', 'licenseURL', '', 'string'),
(19, 'en_US', 'abstract', '<p>Tujuan yang ingin dicapai dalam Kegiatan Pengabdian Kepada Masyarakat (PKM) ini adalah memberikan pengetahuan dan ketrampilan mengenai pengelasan baja dengan las busur listrik , khususnya untuk perawatan terop dengan cara meberikan pelatihan baik teori maupun praktek kepada SDM Remaja Masjid Alfurqon Kel. Merjosari, Kec. Lowokwaru-Malang Hasil yang dicapai adalah terlatihnya SDM bagi Remaja Masjid Alfurqon Kel. Merjosari, Kec. Lowokwaru-Malang , dibidang pengelasan baja dan perawatan / perbaikan terop. .</p>', 'string'),
(19, 'en_US', 'cleanTitle', 'PELATIHAN PENGELASAN DAN PERAWATAN TEROP DENGAN LISTRIK BAGI REMAJA MASJID ALFURQON KELMERJOSARI KECLOWOKWARU  MALANG', 'string'),
(19, 'en_US', 'copyrightHolder', '', 'string'),
(19, 'en_US', 'prefix', '', 'string'),
(19, 'en_US', 'subtitle', '', 'string'),
(19, 'en_US', 'title', 'PELATIHAN PENGELASAN DAN PERAWATAN TEROP DENGAN LISTRIK BAGI REMAJA MASJID ALFURQON KEL.MERJOSARI. KEC.LOWOKWARU - MALANG', 'string'),
(19, 'id_ID', 'abstract', '', 'string'),
(19, 'id_ID', 'cleanTitle', 'PELATIHAN PENGELASAN DAN PERAWATAN TEROP DENGAN LISTRIK BAGI REMAJA MASJID ALFURQON KELMERJOSARI KECLOWOKWARU  MALANG', 'string'),
(19, 'id_ID', 'copyrightHolder', '', 'string'),
(19, 'id_ID', 'prefix', '', 'string'),
(19, 'id_ID', 'subtitle', '', 'string'),
(19, 'id_ID', 'title', 'PELATIHAN PENGELASAN DAN PERAWATAN TEROP DENGAN LISTRIK BAGI REMAJA MASJID ALFURQON KEL.MERJOSARI. KEC.LOWOKWARU - MALANG', 'string'),
(20, '', 'copyrightYear', '', 'string'),
(20, '', 'licenseURL', '', 'string'),
(20, 'en_US', 'abstract', '', 'string'),
(20, 'en_US', 'cleanTitle', 'PENGADAAN FASILITAS OLAHRAGA BADMINTON BAGI TAMAN PENDIDIKAN ALQURAN AHLUSSUNNAH WALJAMAAH RT 05 RW 03 KEL TLOGOMAS LOWOKWARU MALANG', 'string'),
(20, 'en_US', 'copyrightHolder', '', 'string'),
(20, 'en_US', 'prefix', '', 'string'),
(20, 'en_US', 'subtitle', '', 'string'),
(20, 'en_US', 'title', 'PENGADAAN FASILITAS OLAHRAGA BADMINTON BAGI TAMAN PENDIDIKAN AL-QURAN AHLUSSUNNAH WALJAMAAH RT 05 RW 03 KEL. TLOGOMAS, LOWOKWARU, MALANG', 'string'),
(20, 'id_ID', 'abstract', '<p>Santri dan santriwati TPQ (Taman Pendidikan Al-Quran) adalah aset bangsa, negara dan agama, mereka adalah generasi penerus dan sekaligus pejuang agama. Ketrampilan dan kemampuannya harus dipupuk terus menerus, tidak hanya keilmuan agama tetapi juga bidang lain misalnya olahraga dan pendidikan fisik. TPQ (Taman Pendidikan Al-quran) Ahlussunnah Waljamaah merupakan salah satu bidang kerja dari Yayasan Ahlussunnah Wal Jamaah Malang, terletak di jalan Kanjuruhan Asri RT.05/RW.03 Tlogomas, Malang. Dalam menjalankan operasional pendidikan, TPQ diasuh oleh ustadz dan ustadzah berjumlah 3 orang dengan jumlah santri mencapai 30 santri.</p>\r\n<p>Program utama TPQ Aswaja adalah membaca dan menulis Al Quran dengan metode Tilawati. Kegiatan tambahan atau ekstra kurikuler meliputi dibaan, outdoor learning dan kegiatan sosial kemasyarakatan lain. Untuk menambah pengetahuan dan ketrampilan dibidang jasmani dan olah raga, maka perlu diberikan fasilitas olahraga dan kesehatan.</p>\r\n<p>Dan yang memungkinkan adalah perlu dibuatkan lapangan badminton dan fasilitas pendukung lainnya. Lapangan badminton yang dibuat memanfaatkan halaman depan masjid dan menggunakan sistem bongkar pasang tiang netnya (portable). Tujuan pengadaan lapangan bagi TPQ Aswaja adalah untuk menambah variasi kegiatan ekstra kurikuler, menambah kualitas kesehatan santri dan untuk memakmurkan masjid Aswaja. Hasil dari PKM ini adalah berupa lapangan badminton lengkap dengan 2 tiang net portable, 1 tiang lampu untuk bermain malam hari, perlengkapan badminton berupa 4 raket dan shuttlecock serta bangunan fisik pendukung kegiatan masjid Aswaja RT.05 RW.03 Tlogomas Malang</p>', 'string'),
(20, 'id_ID', 'cleanTitle', 'PENGADAAN FASILITAS OLAHRAGA BADMINTON BAGI TAMAN PENDIDIKAN ALQURAN AHLUSSUNNAH WALJAMAAH RT 05 RW 03 KEL TLOGOMAS LOWOKWARU MALANG', 'string'),
(20, 'id_ID', 'copyrightHolder', '', 'string'),
(20, 'id_ID', 'prefix', '', 'string'),
(20, 'id_ID', 'subtitle', '', 'string'),
(20, 'id_ID', 'title', 'PENGADAAN FASILITAS OLAHRAGA BADMINTON BAGI TAMAN PENDIDIKAN AL-QURAN AHLUSSUNNAH WALJAMAAH RT 05 RW 03 KEL. TLOGOMAS, LOWOKWARU, MALANG', 'string'),
(21, '', 'copyrightYear', '', 'string'),
(21, '', 'licenseURL', '', 'string'),
(21, 'en_US', 'abstract', '', 'string'),
(21, 'en_US', 'cleanTitle', 'BUDIDAYA MELON GOLDEN SISTEM PENYIRAMAN OTOMATIS BERBASIS POLYBAG DI DESA BANJARAGUNG KEC RENGEL KAB TUBAN', 'string'),
(21, 'en_US', 'copyrightHolder', '', 'string'),
(21, 'en_US', 'prefix', '', 'string'),
(21, 'en_US', 'subtitle', '', 'string'),
(21, 'en_US', 'title', 'BUDIDAYA MELON GOLDEN SISTEM PENYIRAMAN OTOMATIS BERBASIS POLYBAG DI DESA BANJARAGUNG KEC. RENGEL KAB. TUBAN', 'string'),
(21, 'id_ID', 'abstract', '<p>Permasalahan dalam pengabdian kepada masyarakat yang akan dilakuakan adalah bagaimana cara usaha budidaya melon golden dengan system penyiraman otomatis. Dengan subyek pengabdian ini adalah kelompok tani wanita di desa Banjaragung, Rengel Kabupaten Tuban yang banyak waktu luangnya. Sehingga dapat digunakan untuk meningkatkan perekonomian masyarakat.</p>\r\n<p>Tujuan dari ide atau gagasan ini sebagai berikut: 1. Meningkatkan pengetahuan dan kesadaran masyarakat tentang manfaat dan guna budidaya melon golden bagi peningkatan ekonomi dan kesehatan masyarakat. 2. Menciptakan peluang komersial dari usaha budidaya melon golden, sehingga dapat meningkatkan nilai ekonomi bagi masyarakat. 3. Pengenalan cara efektif dan efesien budidaya melon golden kepada masyarakat. Dalam kegiatan PKM ini menggunakan metode sebagai berikut: 1. Mengadakan koordinasi dengan calon peserta pelatihan untuk menggali informasi tentang kebutuhan. 2. Mempersiapkan materi pelatihan dan merancang kegiatannya. 3. Melaksanakan pelatihan budidaya Melon Golden. 4. Mengevaluasi pelatihan. 5. Mengobservasi pelatihan budidaya melon golden</p>', 'string'),
(21, 'id_ID', 'cleanTitle', 'BUDIDAYA MELON GOLDEN SISTEM PENYIRAMAN OTOMATIS BERBASIS POLYBAG DI DESA BANJARAGUNG KEC RENGEL KAB TUBAN', 'string'),
(21, 'id_ID', 'copyrightHolder', '', 'string'),
(21, 'id_ID', 'prefix', '', 'string'),
(21, 'id_ID', 'subtitle', '', 'string'),
(21, 'id_ID', 'title', 'BUDIDAYA MELON GOLDEN SISTEM PENYIRAMAN OTOMATIS BERBASIS POLYBAG DI DESA BANJARAGUNG KEC. RENGEL KAB. TUBAN', 'string'),
(22, '', 'copyrightYear', '', 'string'),
(22, '', 'licenseURL', '', 'string'),
(22, 'en_US', 'abstract', '', 'string'),
(22, 'en_US', 'cleanTitle', 'PELATIHAN LAS PERINTIS PEMBUATAN PORTAL JALAN LINGKUNGAN RT09/RW07 KEL MOOLANGU KECLOWOKWARU KOTA MALANG', 'string'),
(22, 'en_US', 'copyrightHolder', '', 'string'),
(22, 'en_US', 'prefix', '', 'string'),
(22, 'en_US', 'subtitle', '', 'string'),
(22, 'en_US', 'title', 'PELATIHAN LAS PERINTIS PEMBUATAN PORTAL JALAN LINGKUNGAN RT.09/RW.07 KEL. MOOLANGU KEC..LOWOKWARU KOTA MALANG', 'string'),
(22, 'id_ID', 'abstract', '<p>Perkembangan daerah pemukiman di wilayah kodya Malang menambah jalur-jalur baru dan menimbulkan kerawanan, sehingga perlu pengawasan khusus untuk mengurangi tingkat kejahatan atau pencurian. Hal ini membutuhkan penjagaan ekstra atau membatasi jalur masuk dan keluar pada waktu-waktu tertentu, sehingga pengawasan lebih mudah dilakukan.</p>\r\n<p>Pembuatan portal untuk setiap block (gang) pada komplek perumahan merupakan hal penting dalam rangka mengurangi tingkat kejahatan/pencurian pada waktuwaktu tertentu, sehingga warga RT09/RW.07 Kelurahan Mojolangu sepakat untuk membuat portal mulai block 1 s/d block 5. Kegiatan Pengabdian Kepada Masyarakat ini dapat dikategorikan pada program pemberdayaan masyarakat terhadap lingkungan dan hal ini perlu mendapat perhatian, karena beberapa hal antara lain, perlunya meningkatkan kepedulian masyarakat dalam ikut serta membangun lingkungannya, perlunya dana pendamping untuk menggali kemampuan masyarakat untuk membangun lingkungannya, dan perlunya meningkatkan kesadaran untuk menjaga fasilitas umum, sehingga tetap terpelihara, karena dengan terlibatnya dalam kegiatan ini berarti semua warga ikut memilikinya.</p>\r\n<p>Objek kegiatan ini adalah lingkungan yang menjadi jalan alternatif serta sering adanya kegiatan warga yang memanfaatkan jalan tersebut di lingkungan RT.09 / RW.07 Kelurahan Mojolangu. Tujuan yang ingin dicapai dalam kegiatan ini antara lain: meningkatkan kepedulian masyarakat dalam ikut menjaga lingkungan dari kemungkinan adanya kejahatan/pencurian, mengali kemampuan masyarakat untuk ikut serta membangun lingkungan yang konduksif, dan meningkatkan kesadaran masyarakat dalam hal pembuatan fasilitas umum khususnya portal jalan.</p>\r\n<p>Manfaat yang dapat diperoleh dalam kegiatan ini bagi warga dan masyarakat adalah terjadinya kerja sama sesama warga, dapat ikut serta dalam merencanakan kegiatan pembuatan portal jalan yang benar, dan dapat memperoleh portal jalan yang dapat digunakan atau dimanfaatkan di lingkungannya. Dalam pelaksanaan kegiatan Pengabdian Kepada Masyarakat ini metode yang digunakannya adalah melakukan observasi dan konsultasi kepada sebagian besar warga dalam kegiatan pertemuan rutin warga yang dilakukan setiap sebulan sekali, menyiapkan materi, persiapan alat, bahan, dan tempat yang diperlukan dalam membuat atau merakit portal jalan, proses bimbingan prosedur pembuatan portal jalan yang meliputi : (1). Rancangan awal portal jalan, (2). Standar warna (3). Ukuran panjang dan bebannya. Evaluasi akan dilakukan untuk melihat prosedur yang dijalankan dari anggota masyarakat atau peserta untuk setiap hasil kegiatan mulai awal sampai proses asembling dan hasil akhinya. Pada akhir pelaksanaan dilakukan dilakukan pemasangan ditempat yang sudah dimusyawarahkan secara bergotong royong.</p>', 'string'),
(22, 'id_ID', 'cleanTitle', 'PELATIHAN LAS PERINTIS PEMBUATAN PORTAL JALAN LINGKUNGAN RT09/RW07 KEL MOOLANGU KECLOWOKWARU KOTA MALANG', 'string'),
(22, 'id_ID', 'copyrightHolder', '', 'string'),
(22, 'id_ID', 'prefix', '', 'string'),
(22, 'id_ID', 'subtitle', '', 'string'),
(22, 'id_ID', 'title', 'PELATIHAN LAS PERINTIS PEMBUATAN PORTAL JALAN LINGKUNGAN RT.09/RW.07 KEL. MOOLANGU KEC..LOWOKWARU KOTA MALANG', 'string'),
(23, '', 'copyrightYear', '', 'string'),
(23, '', 'licenseURL', '', 'string'),
(23, 'en_US', 'abstract', '', 'string'),
(23, 'en_US', 'cleanTitle', 'DESAIN PENGEMBANGAN KOMPETENSI BIDANG ABSORBSI SISWA KIMIA INDUSTRI SMKN 01 MOJOANYAR  KAB MOJOKERTO', 'string'),
(23, 'en_US', 'copyrightHolder', '', 'string'),
(23, 'en_US', 'prefix', '', 'string'),
(23, 'en_US', 'subtitle', '', 'string'),
(23, 'en_US', 'title', 'DESAIN PENGEMBANGAN KOMPETENSI BIDANG ABSORBSI SISWA KIMIA INDUSTRI SMKN 01 MOJOANYAR  KAB. MOJOKERTO', 'string'),
(23, 'id_ID', 'abstract', '<p>Pengabdian masyarakat dilakukan untuk mengenalkan keilmuan bidang Teknik Kimia, di samping juga untuk menerapkan dan menularkan ilmu teknik kimia kepada masyarakat umum Pengabdian masyarakat ini dilaksanakan dengan Dana DIPA, Nomer SP DIPA : 042.01.2.401004/2019 Politeknik Negeri Malang, dengan Nomor Perjanjian : 9731/PL2.1/HK/2019, tempat pengabdian SMKN 01 MOJOANYAR dengan peserta Siswa kelas 2 (dua) Kimia Industri. Judul pengabdian masyarakat adalah Bimbingan Teknis Desain Pengembangan Kompetensi Bidang Absorpsi Untuk Siswa SMKN 01 MOJOANYAR</p>', 'string'),
(23, 'id_ID', 'cleanTitle', 'DESAIN PENGEMBANGAN KOMPETENSI BIDANG ABSORBSI SISWA KIMIA INDUSTRI SMKN 01 MOJOANYAR  KAB MOJOKERTO', 'string'),
(23, 'id_ID', 'copyrightHolder', '', 'string'),
(23, 'id_ID', 'prefix', '', 'string'),
(23, 'id_ID', 'subtitle', '', 'string'),
(23, 'id_ID', 'title', 'DESAIN PENGEMBANGAN KOMPETENSI BIDANG ABSORBSI SISWA KIMIA INDUSTRI SMKN 01 MOJOANYAR  KAB. MOJOKERTO', 'string'),
(24, '', 'copyrightYear', '', 'string'),
(24, '', 'licenseURL', '', 'string'),
(24, 'en_US', 'abstract', '<p>Masjid Al-Furqon sebagai pusat ibadah bagi kaum muslim di wilayah RW 06 kelurahan Merjosari Kecamatan Lowokwaru Kota Malang. Seiring dengan berkembangnya wilayah yang disertai berkembangnya jumlah penduduk diwilayah tersebut, jumlah jamaah khusus saat kegiatan ibadah sholat jumat di masjid Al-Furqon semakin meningkat jumlahnya.</p>\r\n<p>Oleh karena itu pengurus atau Tamir Masjid harus memfasilitasi baik sarana maupun prasarana dalam menyambut jamaah tamu Allah. Remaja Masjid adalah bagian dari pengurus Masjid yang mempunyai tugas multifungsi yang anggotanya dari berbagai kalangan, mulai dari penduduk setempat sampai dengan mahasiswa pendatang dari berbagai perguruan tinggi sekitar. Kegiatan pengabdian PkM Polinema bekerjasama dengan yayasan lembaga Masjid Al-Furqon mengadakan berbagi ilmu rekayasa keteknikan yakni memasang alat penstabil tegangan pengapian busi motor yang fungsinya untuk menghemat bahan bakar dan efisiensi pemakaian accu..</p>', 'string'),
(24, 'en_US', 'cleanTitle', 'PELATIHAN REKAYASA PENSTABIL TEGANGAN PENGAPIAN BUSI MOTOR BAGI REMAJA MASJID ALFURQON KELURAHAN MERJOSARI LOWOKWARU KOTA MALANG', 'string'),
(24, 'en_US', 'copyrightHolder', '', 'string'),
(24, 'en_US', 'prefix', '', 'string'),
(24, 'en_US', 'subtitle', '', 'string'),
(24, 'en_US', 'title', 'PELATIHAN REKAYASA PENSTABIL TEGANGAN PENGAPIAN BUSI MOTOR BAGI REMAJA MASJID AL-FURQON KELURAHAN MERJOSARI- LOWOKWARU KOTA MALANG', 'string'),
(24, 'id_ID', 'abstract', '<p>Masjid Al-Furqon sebagai pusat ibadah bagi kaum muslim di wilayah RW 06 kelurahan Merjosari Kecamatan Lowokwaru Kota Malang. Seiring dengan berkembangnya wilayah yang disertai berkembangnya jumlah penduduk diwilayah tersebut, jumlah jamaah khusus saat kegiatan ibadah sholat jumat di masjid Al-Furqon semakin meningkat jumlahnya. Oleh karena itu pengurus atau Tamir Masjid harus memfasilitasi baik sarana maupun prasarana dalam menyambut jamaah tamu Allah. Remaja Masjid adalah bagian dari pengurus Masjid yang mempunyai tugas multifungsi yang anggotanya dari berbagai kalangan, mulai dari penduduk setempat sampai dengan mahasiswa pendatang dari berbagai perguruan tinggi sekitar. Kegiatan pengabdian PkM Polinema bekerjasama dengan yayasan lembaga Masjid Al-Furqon mengadakan berbagi ilmu rekayasa keteknikan yakni memasang alat penstabil tegangan pengapian busi motor yang fungsinya untuk menghemat bahan bakar dan efisiensi pemakaian accu..</p>', 'string'),
(24, 'id_ID', 'cleanTitle', 'PELATIHAN REKAYASA PENSTABIL TEGANGAN PENGAPIAN BUSI MOTOR BAGI REMAJA MASJID ALFURQON KELURAHAN MERJOSARI LOWOKWARU KOTA MALANG', 'string'),
(24, 'id_ID', 'copyrightHolder', '', 'string'),
(24, 'id_ID', 'prefix', '', 'string'),
(24, 'id_ID', 'subtitle', '', 'string'),
(24, 'id_ID', 'title', 'PELATIHAN REKAYASA PENSTABIL TEGANGAN PENGAPIAN BUSI MOTOR BAGI REMAJA MASJID AL-FURQON KELURAHAN MERJOSARI- LOWOKWARU KOTA MALANG', 'string'),
(25, '', 'copyrightYear', '', 'string'),
(25, '', 'licenseURL', '', 'string'),
(25, 'en_US', 'abstract', '', 'string'),
(25, 'en_US', 'cleanTitle', 'PENERAPAN POMPA AIR TENAGA MATAHARI UNTUK AIR WUDHU MUSHOLLA PANTAI UNGAPAN KABUPATEN MALANG', 'string'),
(25, 'en_US', 'copyrightHolder', '', 'string'),
(25, 'en_US', 'prefix', '', 'string'),
(25, 'en_US', 'subtitle', '', 'string'),
(25, 'en_US', 'title', 'PENERAPAN POMPA AIR TENAGA MATAHARI UNTUK AIR WUDHU MUSHOLLA PANTAI UNGAPAN KABUPATEN MALANG', 'string'),
(25, 'id_ID', 'abstract', '<p>Permasalahan yang ada di musholla umum pantai Ungapan Kabupaten Malang adalah ketidak tetapan tersedianya air wudhu, terutama pada harihari kerja atau bukan hari libur ataupun hari raya. Hal ni disebabkan oleh ketidak beradaan pemilik warung yang lokasinya berada di sebelah utara musholla yang juga menjadi penanggung jawabnya.</p>\r\n<p>Dengan memanfaatkan sinar matahari sebagai sumber daya dapat digunakan untuk menghidupkan pompa air dc. Agar ketersediaan air wudhu terjaga, perlu ditambahkan rangkaian kendali otomatis yang akan menhidupkan pompa air saat isi tandon berkurang hingga level terendah sedangkan tegangan baterai cukup. Rangkaian kendali dibangun dari pembanding tegangan dan susunan saklar seri, saklar tandon dan rele. Saklar yang dipasang pada tandon dilengkapi dengan 2 buah pelampung yang terhubung dengan tali pada mekanis saklar sehingga mempunyai karakteristik on/off yang berdasar pada level air. Saklar tandon akan on jka permukaan air kurang dari level minimalnya dan baru akan off jika melewati level maksimalnya. Penetapan posisi level atas dan bawah dapat dilakuan dengan mengatur panjang pelampung.</p>\r\n<p>Jika saklar tandon on sedangkan tegangan baterai bernilai di bawah 11 volt maka, pompa air tidak dapat menyala. Pompa air dc jenis celup mampunyai debit air keluaran yang tergantung ketinggian dorongnya. Pada ketinggian pipa hingga 4 meter, debit air keluaran hanya sekitar 25 lt per menit. Dengan perkiraan pemakaian air wudhu 500 lt per hari maka pompa air akan bekerja selama 20 menit dan jika arus dc pompa sebesar 5A maka konsumsi arus adalah 1,5 Amper jam.</p>\r\n<p>Panel surya 50 WP dapat menghasilkan arus pengisian hingga 1,8A dan pada hari terang dapat mengisi baterai rata-rata selama 4 jam. Dari pengisian baterai tersebut maka pompa air dapat mengisi tandon dengan benar kecuali jika hari mendung. Untuk mengatasi masalah kekurangan pasokan air di hari-hari ramai pengunjung, pipa saluran keluaran dari tandon ke kran wudhu disambungan ke saluran keluaran tandon lama dengan tambahan katup satu arah atau tosen klep. Air hanya dapat mengalir ke saluran wudhu dan tidak dapat masuk ke tandon lama. Pada hari-hari ramai pengunjung, kekurangan air wudhu dapat dipenuhi oleh aliran dari tandon lama karena penanggung jawab musholla sedang berada di lokasi.</p>', 'string'),
(25, 'id_ID', 'cleanTitle', 'PENERAPAN POMPA AIR TENAGA MATAHARI UNTUK AIR WUDHU MUSHOLLA PANTAI UNGAPAN KABUPATEN MALANG', 'string'),
(25, 'id_ID', 'copyrightHolder', '', 'string'),
(25, 'id_ID', 'prefix', '', 'string'),
(25, 'id_ID', 'subtitle', '', 'string'),
(25, 'id_ID', 'title', 'PENERAPAN POMPA AIR TENAGA MATAHARI UNTUK AIR WUDHU MUSHOLLA PANTAI UNGAPAN KABUPATEN MALANG', 'string'),
(26, '', 'copyrightYear', '', 'string'),
(26, '', 'licenseURL', '', 'string'),
(26, 'en_US', 'abstract', '', 'string'),
(26, 'en_US', 'cleanTitle', 'PELATIHAN PRODUKSI JAHE INSTAN IBUIBU DI RT 12  RW 03 KELURAHAN MULYOREJO KECAMATAN SUKUN KOTA MALANG', 'string'),
(26, 'en_US', 'copyrightHolder', '', 'string'),
(26, 'en_US', 'prefix', '', 'string'),
(26, 'en_US', 'subtitle', '', 'string'),
(26, 'en_US', 'title', 'PELATIHAN PRODUKSI JAHE INSTAN IBU-IBU DI RT. 12 - RW. 03 KELURAHAN MULYOREJO KECAMATAN SUKUN KOTA MALANG', 'string'),
(26, 'id_ID', 'abstract', '<p>Ginger is a type of spice that is widely used traditionally as a medicine. The content of essential oils and oleoresin in ginger has antibacterial activity. Today many foods and drinks are offered as supplement products that can improve body health if consumed. Health drinks are drinks that contain elements of nutrients or non-nutrients and if consumed can have a positive influence on body health. Health drinks as one of the products that are well known to the public, are often found on the market with various brands and forms, such as liquid, instant powder or tablets.</p>\r\n<p>This activity aims to provide alternative skills for PKK RT mothers. 12 - RW. 03 Mulyorejo Village, Sukun District, Malang City, can develop entrepreneurship in products made from ginger. Each participant of this activity knows how to use ginger for making instant drinks and brings the results of training in the form of instant ginger. The community service activities that have been carried out have provided many benefits, especially adding broader insights in understanding the concept of food business development, especially in the use of ginger and applying the theory of extraction and crystallization in the manufacture of instant drinks. This community service activity can be used as a new opportunity to develop entrepreneurship..</p>', 'string'),
(26, 'id_ID', 'cleanTitle', 'PELATIHAN PRODUKSI JAHE INSTAN IBUIBU DI RT 12  RW 03 KELURAHAN MULYOREJO KECAMATAN SUKUN KOTA MALANG', 'string'),
(26, 'id_ID', 'copyrightHolder', '', 'string'),
(26, 'id_ID', 'prefix', '', 'string'),
(26, 'id_ID', 'subtitle', '', 'string'),
(26, 'id_ID', 'title', 'PELATIHAN PRODUKSI JAHE INSTAN IBU-IBU DI RT. 12 - RW. 03 KELURAHAN MULYOREJO KECAMATAN SUKUN KOTA MALANG', 'string'),
(27, '', 'copyrightYear', '', 'string'),
(27, '', 'licenseURL', '', 'string'),
(27, 'en_US', 'abstract', '', 'string'),
(27, 'en_US', 'cleanTitle', 'PELATIHAN TEKNIK PRESENTASI MENGGUNAKAN POWERPOINT PADA ANAK USIA PENDIDIKAN DASAR DI LINGKUNGAN MASJID AL MUMINUN RW12 KELURAHAN LOWOKWARU KOTA MALANG', 'string'),
(27, 'en_US', 'copyrightHolder', '', 'string'),
(27, 'en_US', 'prefix', '', 'string'),
(27, 'en_US', 'subtitle', '', 'string'),
(27, 'en_US', 'title', 'PELATIHAN TEKNIK PRESENTASI MENGGUNAKAN POWERPOINT PADA ANAK USIA PENDIDIKAN DASAR DI LINGKUNGAN MASJID AL MUMINUN RW-12 KELURAHAN LOWOKWARU KOTA MALANG', 'string'),
(27, 'id_ID', 'abstract', '<p>Microsoft Office Power Point Training for Elementary School-aged Children in the Neighborhood of the Al Mu\'minun Mosque RW-12 in Lowokwaru Village, Malang City, provides additional skills and motivation for elementary and middle school children to have the ability to operate and to use Microsoft Office Power Point software (MS Power Point). With the additional knowledge and expertise, these children are expected to be able to overcome problems related to their school assignments.</p>', 'string'),
(27, 'id_ID', 'cleanTitle', 'PELATIHAN TEKNIK PRESENTASI MENGGUNAKAN POWERPOINT PADA ANAK USIA PENDIDIKAN DASAR DI LINGKUNGAN MASJID AL MUMINUN RW12 KELURAHAN LOWOKWARU KOTA MALANG', 'string'),
(27, 'id_ID', 'copyrightHolder', '', 'string'),
(27, 'id_ID', 'prefix', '', 'string'),
(27, 'id_ID', 'subtitle', '', 'string'),
(27, 'id_ID', 'title', 'PELATIHAN TEKNIK PRESENTASI MENGGUNAKAN POWERPOINT PADA ANAK USIA PENDIDIKAN DASAR DI LINGKUNGAN MASJID AL MUMINUN RW-12 KELURAHAN LOWOKWARU KOTA MALANG', 'string'),
(28, '', 'copyrightYear', '', 'string'),
(28, '', 'licenseURL', '', 'string'),
(28, 'en_US', 'abstract', '', 'string'),
(28, 'en_US', 'cleanTitle', 'BIMBINGAN DAN PENGARAHAN DIVERSIFIKASI PRODUK SEBAGAI UPAYA MENINGKATKAN OMZET USAHA KECIL', 'string'),
(28, 'en_US', 'copyrightHolder', '', 'string'),
(28, 'en_US', 'prefix', '', 'string'),
(28, 'en_US', 'subtitle', '', 'string'),
(28, 'en_US', 'title', 'BIMBINGAN DAN PENGARAHAN DIVERSIFIKASI PRODUK SEBAGAI UPAYA MENINGKATKAN OMZET USAHA KECIL', 'string'),
(28, 'id_ID', 'abstract', '<p>Kegiatan usaha selalu menghadapi berbagai tantangan dalam persaingan untuk terus bertahan hidup. Beberapa strategi dikembangkan untuk menjawab tantangan yang dihadapi tersebut. Wirausahawan sebagai penggerak usaha baik usaha yang berskala kecil maupun menengah hingga usaha skala besar tidak dapat menghindari untuk terus melakukan terobosan strategi agar tercapai keberhasilan usahanya. Sektor usaha kecil dimana masih terdapat banyak keterbatasan membutuhkan banyak bantuan dan motivasi untuk dapat memanfaatkan setiap kesempatan dan juga sumber daya yang ada. Dari aspek tersebut dapat dipahami bahwa dunia pendidikan dapat memberikan kontribusi nyata untuk membina usaha  usaha yang masih dapat dikembangkan sesuai potensinya.</p>', 'string'),
(28, 'id_ID', 'cleanTitle', 'BIMBINGAN DAN PENGARAHAN DIVERSIFIKASI PRODUK SEBAGAI UPAYA MENINGKATKAN OMZET USAHA KECIL', 'string'),
(28, 'id_ID', 'copyrightHolder', '', 'string'),
(28, 'id_ID', 'prefix', '', 'string'),
(28, 'id_ID', 'subtitle', '', 'string'),
(28, 'id_ID', 'title', 'BIMBINGAN DAN PENGARAHAN DIVERSIFIKASI PRODUK SEBAGAI UPAYA MENINGKATKAN OMZET USAHA KECIL', 'string'),
(29, '', 'copyrightYear', '', 'string'),
(29, '', 'licenseURL', '', 'string'),
(29, 'en_US', 'abstract', '', 'string'),
(29, 'en_US', 'cleanTitle', 'BIMBINGAN DAN PELATIHAN TENTANG IMPLEMENTASI PRINSIP ETIS DALAM BERBISNIS UNTUK PEMBERDAYAAN PKK RW 03 KELURAHAN KETAWANG GEDE KECAMATAN LOWOKWARU KOTA MALANG ', 'string'),
(29, 'en_US', 'copyrightHolder', '', 'string'),
(29, 'en_US', 'prefix', '', 'string');
INSERT INTO `submission_settings` (`submission_id`, `locale`, `setting_name`, `setting_value`, `setting_type`) VALUES
(29, 'en_US', 'subtitle', '', 'string'),
(29, 'en_US', 'title', 'BIMBINGAN DAN PELATIHAN TENTANG IMPLEMENTASI PRINSIP ETIS DALAM BERBISNIS UNTUK PEMBERDAYAAN PKK RW 03 KELURAHAN KETAWANG GEDE KECAMATAN LOWOKWARU KOTA MALANG ', 'string'),
(29, 'id_ID', 'abstract', '<p>Perkembangan bisnis saat ini telah memasukira globalisasi, dimana terjadi pergerakan komuditas ,modal,dan juga manusia yang seolah tanpa batas menembus ke segala penjuru dunia modal paling utama dlam bisnis adalah nama dan kepercayaan. Ukuran etika dan sopan santun dalam dunia bisnis sangatlah keras, kalaulah ada perusahaan yang melangar etika, mereka lebih banyak hukuman dari masyarakat, dibandingkan dari pemerintah karena pada dasarnya juga masyarakat bisnis itu punya jaringan tersendiri, yang sangat luas dan efektif, sehingga setiap pengusaha yang berbuat curang atau tidak etis, maka namanya akan segera tersiar, hal itu tentunya akan merusak nama baiknya sendiri. Etika bisnis itu tidak hanya terlihat dalam hubungan antara pengusaha saja, namun jaga terkait hubungan dengan pemerintah dan tentunya masyarakat. Walaupun sejauh ini ukuran etis atau tidak etisnya praktik perusahan dalam masyarakat masih susah diukur, namun paling tidak kita bisa kembalikan ke hati nurani pengusaha itu sendiri.</p>', 'string'),
(29, 'id_ID', 'cleanTitle', 'BIMBINGAN DAN PELATIHAN TENTANG IMPLEMENTASI PRINSIP ETIS DALAM BERBISNIS UNTUK PEMBERDAYAAN PKK RW 03 KELURAHAN KETAWANG GEDE KECAMATAN LOWOKWARU KOTA MALANG ', 'string'),
(29, 'id_ID', 'copyrightHolder', '', 'string'),
(29, 'id_ID', 'prefix', '', 'string'),
(29, 'id_ID', 'subtitle', '', 'string'),
(29, 'id_ID', 'title', 'BIMBINGAN DAN PELATIHAN TENTANG IMPLEMENTASI PRINSIP ETIS DALAM BERBISNIS UNTUK PEMBERDAYAAN PKK RW 03 KELURAHAN KETAWANG GEDE KECAMATAN LOWOKWARU KOTA MALANG ', 'string'),
(30, '', 'copyrightYear', '', 'string'),
(30, '', 'licenseURL', '', 'string'),
(30, 'en_US', 'abstract', '', 'string'),
(30, 'en_US', 'cleanTitle', 'PENINGKATAN KUALITAS MOTORIK ANAK MELALUI PENDIDIKAN ANAK USIA DINI BERBASIS ALAT PERMAINAN EDUKATIF DI POS PAUD PELANGI KELURAHAN MERGOSONO KECAMATAN KEDUNGKANDANG MALANG', 'string'),
(30, 'en_US', 'copyrightHolder', '', 'string'),
(30, 'en_US', 'prefix', '', 'string'),
(30, 'en_US', 'subtitle', '', 'string'),
(30, 'en_US', 'title', 'PENINGKATAN KUALITAS MOTORIK ANAK MELALUI PENDIDIKAN ANAK USIA DINI BERBASIS ALAT PERMAINAN EDUKATIF DI POS PAUD PELANGI KELURAHAN MERGOSONO KECAMATAN KEDUNGKANDANG MALANG', 'string'),
(30, 'id_ID', 'abstract', '<p>Early childhood education is a form of education that focuses on laying the foundation for physical growth and development (fine and gross motor intelligence), intelligence (power of thought, creativity, motivational intelligence, spiritual intelligence), social emotions (emotions and motivation ) and religion), language and communication in accordance with the uniqueness of PAUD. The existence of Pos PAUD in the Mergosono Subdistrict of Kedungkandang District Malang City is one of the forms and efforts to bridge the need for early education services at the Subdistrict level which is intended for the community, which provides assistance for more intensive formal PAUD. The target in this activity is Pos PAUD Mergosono, Kedungkandang District, Malang. Community dedication activities in PAUD Pelangi in Mergosono Sub-District, Kedungkandang District, Malang City are very beneficial for partners, especially in improving the quality of learning. Thus, teaching and learning activities will be more interesting and children will have the opportunity to develop their potential, which in turn will also improve children\'s motor skills. The activities that have been carried out in community dedication are aimed at increasing APE equipment and lockers to store them. While for managers, training on management and administration of PAUD managers is given. Based on the results of the implementation of the service that has been done can ask for advice: 1) The existence of follow-up activities that contain special training so that it can improve the ability of teachers to carry out teaching and learning. 2) APE procurement needs to be done to improve children\'s motor skills.</p>', 'string'),
(30, 'id_ID', 'cleanTitle', 'PENINGKATAN KUALITAS MOTORIK ANAK MELALUI PENDIDIKAN ANAK USIA DINI BERBASIS ALAT PERMAINAN EDUKATIF DI POS PAUD PELANGI KELURAHAN MERGOSONO KECAMATAN KEDUNGKANDANG MALANG', 'string'),
(30, 'id_ID', 'copyrightHolder', '', 'string'),
(30, 'id_ID', 'prefix', '', 'string'),
(30, 'id_ID', 'subtitle', '', 'string'),
(30, 'id_ID', 'title', 'PENINGKATAN KUALITAS MOTORIK ANAK MELALUI PENDIDIKAN ANAK USIA DINI BERBASIS ALAT PERMAINAN EDUKATIF DI POS PAUD PELANGI KELURAHAN MERGOSONO KECAMATAN KEDUNGKANDANG MALANG', 'string'),
(31, '', 'copyrightYear', '', 'string'),
(31, '', 'licenseURL', '', 'string'),
(31, 'en_US', 'abstract', '', 'string'),
(31, 'en_US', 'cleanTitle', 'PELATIHAN KREATIFITAS DALAM MEWUJUDKAN KAMPUNG HANTARAN DI RW 08 PERUMAHAN JOYOGRAND MERJOSARI MALANG   ', 'string'),
(31, 'en_US', 'copyrightHolder', '', 'string'),
(31, 'en_US', 'prefix', '', 'string'),
(31, 'en_US', 'subtitle', '', 'string'),
(31, 'en_US', 'title', 'PELATIHAN KREATIFITAS DALAM MEWUJUDKAN KAMPUNG HANTARAN DI RW 08 PERUMAHAN JOYOGRAND MERJOSARI MALANG   ', 'string'),
(31, 'id_ID', 'abstract', '<p>Kegiatan menemukan sampai mewujudkan peluang menjadi usaha yang menghasilkan disebut proses kewirausahaan. Demikian juga dengan sebagian Ibu-ibu yang tergabung dalam PKK khususnya di lingkungan Rw 08 yang masih memiliki banyak waktu dan tenaga yang masih bisa dioptimalkan, dengan menambahkan pelatihan, utamanya pelatihan dalam membuat sebuah karya hantaran pernikahan. Hal ini dilakukan untuk segera mewujudkan adanya kampung hantaran di RW08. Sebelum melaksanakan kegiatan dilakukan riset pendahuluan berupa pelatihan apa yang diinginkan, untuk membuat persiapan dan uji coba, agar model yang dirancang bisa diterima. Selama kegiatan dilakukan evaluasi meliputi hambatan baik masalah penyampaian materi maupun hal-hal yang bersifat teknis, kelayakan materi yang diberikan, evaluasi daya penerimaan materi peserta/penyerapan materi. Selanjutnya diketahui pelatihan yang diinginkan dan dilaksanakan atau diwujudkan. Evaluasi akhir kegiatan ini dengan melihat perkembangan setelah dilakukan pelatihan, selanjutnya anggota dipersilahkan membuka usaha merangkai hantaran. Hasilnya cukup menggembirakan, karena ada yang sudah membuka usaha sendiri, namun ada juga yang masih gabungan beberapa orang. Hal ini tidak menjadi masalah, karena sudah memulai usaha mewujudkan kampung hantaran.</p>', 'string'),
(31, 'id_ID', 'cleanTitle', 'PELATIHAN KREATIFITAS DALAM MEWUJUDKAN KAMPUNG HANTARAN DI RW 08 PERUMAHAN JOYOGRAND MERJOSARI MALANG   ', 'string'),
(31, 'id_ID', 'copyrightHolder', '', 'string'),
(31, 'id_ID', 'prefix', '', 'string'),
(31, 'id_ID', 'subtitle', '', 'string'),
(31, 'id_ID', 'title', 'PELATIHAN KREATIFITAS DALAM MEWUJUDKAN KAMPUNG HANTARAN DI RW 08 PERUMAHAN JOYOGRAND MERJOSARI MALANG   ', 'string'),
(32, '', 'copyrightYear', '', 'string'),
(32, '', 'licenseURL', '', 'string'),
(32, 'en_US', 'abstract', '<p>Tujuan Pengabdian Kepada Masyarakat ini, untuk: Meningkatkan pengetahuan (knowledge) kelompok sasaran dalam bidang manajemanen proyek, Menumbuh kembangkan sikap dan perilaku mental (mental attiude dan behaviour) ke arah kerja yang jujur dan efektif, Agar kelompok sasaran memiliki keterampilan dalam dalam melaksanakan manajemen proyek. Metode yang di gunakan adalah: 1.Metode curah pendapat, yaitu untuk menghimpun kebutuhan belajar sumber-sumber dan hambatan terkait dengan pendidikan dan pelatihan, 2.Metode penyusunan pecahan bujur sangkar (broken quare), yaitu untuk menumbuhkan kerjasama antara sesame rekan kerja, 3.Metode ceramah bervariasi, yaitu untuk memberikan informasi tentang manajeman proyek dan organisasi. 4. Metode kerja kelompok, yaitu memberikan kesempatan kepada kelompok sasaran untuk melakukan praktek dalam melakukan manajemen proyek dan organisasi, Pembahasan Masalah Kasus: Metode ini digunakan untuk memecahkan masalah/kasus yang mungkin timbul saat mengerjakan proyek-2 yang berbeda dengan proyek yang bisanya dikerjakan. Hasil Pengabdian Kepada Masyarakat ini Pengabdian ini diikuti dengan praktek yang mempunyai tujuan membekali ketrampilan penerapan penerapan setiap kegiatan, meskipun dengan suasana nonformal tapi sangat relevan bagi peserta dalam rangka meningkatkan ketrampilan teknisnya. Agar pengetahuan dan ketrampilan dan aplikasi yang telah diberikan tidak hilang, maka perlu kiranya bagi Pimpinan untuk memotivasi anggotanya agar dapat berlatih dan dapat lebih meningkatkan lagi. Untuk lebih banyak memperdalam dan memperoleh ketrampilan yang lain maka perlu kiranya ditingkatkan kerja sama dengan lembaga perguruan tinggi khususnya sehubungan dengan kegiatan pengabdian pada masyarakat.</p>', 'string'),
(32, 'en_US', 'cleanTitle', 'PELATIHAN DAN BIMBINGAN MASYARAKAT MELAUI PERENCANAAN JARINGAN KERJA UNTUK MEMPERCEPAT PEKERJAAN PROYEK PADA KELOMPOK MANDOR DAN TUKANG BANGUNAN DI KELURAHAN CEMOROKANDANG KOTA MALANG ', 'string'),
(32, 'en_US', 'copyrightHolder', '', 'string'),
(32, 'en_US', 'prefix', '', 'string'),
(32, 'en_US', 'subtitle', '', 'string'),
(32, 'en_US', 'title', 'PELATIHAN DAN BIMBINGAN MASYARAKAT MELAUI PERENCANAAN JARINGAN KERJA UNTUK MEMPERCEPAT PEKERJAAN PROYEK PADA KELOMPOK MANDOR DAN TUKANG BANGUNAN, DI KELURAHAN CEMOROKANDANG, KOTA MALANG ', 'string'),
(32, 'id_ID', 'abstract', '', 'string'),
(32, 'id_ID', 'cleanTitle', 'PELATIHAN DAN BIMBINGAN MASYARAKAT MELAUI PERENCANAAN JARINGAN KERJA UNTUK MEMPERCEPAT PEKERJAAN PROYEK PADA KELOMPOK MANDOR DAN TUKANG BANGUNAN DI KELURAHAN CEMOROKANDANG KOTA MALANG ', 'string'),
(32, 'id_ID', 'copyrightHolder', '', 'string'),
(32, 'id_ID', 'prefix', '', 'string'),
(32, 'id_ID', 'subtitle', '', 'string'),
(32, 'id_ID', 'title', 'PELATIHAN DAN BIMBINGAN MASYARAKAT MELAUI PERENCANAAN JARINGAN KERJA UNTUK MEMPERCEPAT PEKERJAAN PROYEK PADA KELOMPOK MANDOR DAN TUKANG BANGUNAN, DI KELURAHAN CEMOROKANDANG, KOTA MALANG ', 'string'),
(33, '', 'copyrightYear', '', 'string'),
(33, '', 'licenseURL', '', 'string'),
(33, 'en_US', 'abstract', '', 'string'),
(33, 'en_US', 'cleanTitle', 'PELATIHAN BIDANG AKUNTANSI SEKTOR PUBLIK KEPADA GURU SMK JURUSAN AKUNTANSI DI KAB LUMAJANG ', 'string'),
(33, 'en_US', 'copyrightHolder', '', 'string'),
(33, 'en_US', 'prefix', '', 'string'),
(33, 'en_US', 'subtitle', '', 'string'),
(33, 'en_US', 'title', 'PELATIHAN BIDANG AKUNTANSI SEKTOR PUBLIK KEPADA GURU SMK JURUSAN AKUNTANSI DI KAB. LUMAJANG ', 'string'),
(33, 'id_ID', 'abstract', '<p>Materi Akuntansi Sektor Publik (ASP) mulai dikenalkan dan menjadi mata pelajaran wajib pada muatan kurikulum nasional di Jurusan Akuntansi pada level SMK di Tahun 2017. Dampaknya guru harus mencari bentuk pembelajaran ASP yang sesuai dengan daya serap murid SMK, karena karakter ASP sangat berbeda dengan akuntansi sektor privat, dan guru akuntansi di tingkat SMK belum mengenal materi pelajaran ASP, selain itu area ASP yang sangat luas, karena terdiri dari Akuntansi Organisasi Nirlaba dan Akuntansi Pemerintahan (Akuntansi Pemerintah Pusat, Akuntansi Pemerintah Daerah, Akuntansi BLU/BLUD, dan Akunatnsi untuk Desa). Tujuan kegiatan PKM ini, untuk menguatkan pemahaman dan memperkaya referensi ASP terhadap Guru SMK, sehingga dapat mengevaluasi kurikulum mata pelajaran ASP. Tim pemateri dari dosen- Jurusan Akuntansi Politeknik Negeri Malang, dan pesertanya adalah Guru SMK yang tergabung dalam MGMP Akuntansi SMK di Kabupaten Lumajang. Metode pelatihan yang digunakan: (1) Ceramah, (2) Diskusi dan Tanya jawab, dan (3) Praktek Proses Akuntansi Keuangan Daerah. Kegiatan PkM dilaksanakan tanggal 12-15 September 2019 (32 Jam Pel), bertempat di SMKN 1 Lumajang, diikuti 31 Peserta. Hasil dari kegiatan PkM adalah: (1) Peserta mendapatkan materi yang ter-update Akuntansi Sektor Publik, dan (2) Peserta mampu mengevaluasi kurikulum mata pelajaran ASP sehingga menghasilkan usulan kurikulum mata pelajaran ASP yang baru.</p>', 'string'),
(33, 'id_ID', 'cleanTitle', 'PELATIHAN BIDANG AKUNTANSI SEKTOR PUBLIK KEPADA GURU SMK JURUSAN AKUNTANSI DI KAB LUMAJANG ', 'string'),
(33, 'id_ID', 'copyrightHolder', '', 'string'),
(33, 'id_ID', 'prefix', '', 'string'),
(33, 'id_ID', 'subtitle', '', 'string'),
(33, 'id_ID', 'title', 'PELATIHAN BIDANG AKUNTANSI SEKTOR PUBLIK KEPADA GURU SMK JURUSAN AKUNTANSI DI KAB. LUMAJANG ', 'string'),
(34, '', 'copyrightYear', '', 'string'),
(34, '', 'licenseURL', '', 'string'),
(34, 'en_US', 'abstract', '', 'string'),
(34, 'en_US', 'cleanTitle', 'PENGENALAN SISTEM KEUNGAN SYARIAH PADA JAMAAH PENGAJIAN MASJID AL MUHAJIRIN JALAN CENGKEH 50 KOTA MALANG ', 'string'),
(34, 'en_US', 'copyrightHolder', '', 'string'),
(34, 'en_US', 'prefix', '', 'string'),
(34, 'en_US', 'subtitle', '', 'string'),
(34, 'en_US', 'title', 'PENGENALAN SISTEM KEUNGAN SYARIAH PADA JAMAAH PENGAJIAN MASJID AL MUHAJIRIN JALAN CENGKEH 50 KOTA MALANG ', 'string'),
(34, 'id_ID', 'abstract', '<p>Kegiatan pengabdian kepada masyarakat ini ditujukan untuk memberikan penyuluhan dan sosialisasi kepada masyarakat khususnya yang tergabung dalam jamaah masjid sebagai tempat interaksi spiritual. Sesuai dengan tujuan suatu masjid selain sebagai tempat ibadah juga untuk menimba ilmu termasuk ilmu muammalah dalam kehidupan. Pelaksanaan kegiatan sesuai dengan yang diharapkan. Jumlah peserta sebanyak 25 orang pengajian Masjid Al Muhajirin. Antusiame peserta cukup baik hal ini dapat dicermati dengan ektifnya audien dalam mendengarkan paparan materi serta berbagai pertanyaan yang dilontarkan. Keberlanjutan kegiatan ini digarapkan dapat dipertahankan. Mengingat kesadaran pentingnya pribadi seorang muslim harus berhati-hati dalam mengais rizki berdasarkan syariah untuk pemenuhan kebutuhan hidup. Menggapai kesejahtera adalah keniscayaan Kebutuhan fisik maupun immaterial adalah ukurannnya. Penyediaan pemenuhan atas kebutuhan untuk sejahtera menjadi tanggung jawab bersama melalui peran pemerintah sebagai penentu kebijakan dan masyarakat sebagai obyek dan pelakunya. Islam telah hadir dengan segenap kesempurnaan konsepnya. Kontribusi ekonomi syariah meningkatkan kesejahteraan masyarakat seharusnya menjadi ruh dalam implementasi ekonomi di Indonesia. Apabila prinsip keadilan akan menjadi solusi yang tepat mengurangi kemiskinan, dan pada akhirnya akan meningkatkan kesejahteraan masyarakat berlandaskan kebersamaan..</p>', 'string'),
(34, 'id_ID', 'cleanTitle', 'PENGENALAN SISTEM KEUNGAN SYARIAH PADA JAMAAH PENGAJIAN MASJID AL MUHAJIRIN JALAN CENGKEH 50 KOTA MALANG ', 'string'),
(34, 'id_ID', 'copyrightHolder', '', 'string'),
(34, 'id_ID', 'prefix', '', 'string'),
(34, 'id_ID', 'subtitle', '', 'string'),
(34, 'id_ID', 'title', 'PENGENALAN SISTEM KEUNGAN SYARIAH PADA JAMAAH PENGAJIAN MASJID AL MUHAJIRIN JALAN CENGKEH 50 KOTA MALANG ', 'string'),
(35, '', 'copyrightYear', '', 'string'),
(35, '', 'licenseURL', '', 'string'),
(35, 'en_US', 'abstract', '', 'string'),
(35, 'en_US', 'cleanTitle', 'PENGADAAN MAINAN EDUKATIF SEBAGAI MEDIA TERAPI UNTUK ANAK BERKEBUTUHAN  KHUSUS DI TAMAN KANAKKANAK PAUD AL FASHA ', 'string'),
(35, 'en_US', 'copyrightHolder', '', 'string'),
(35, 'en_US', 'prefix', '', 'string'),
(35, 'en_US', 'subtitle', '', 'string'),
(35, 'en_US', 'title', 'PENGADAAN MAINAN EDUKATIF SEBAGAI MEDIA TERAPI UNTUK ANAK BERKEBUTUHAN  KHUSUS DI TAMAN KANAK-KANAK PAUD AL FASHA ', 'string'),
(35, 'id_ID', 'abstract', '<p>Keberhasilan pelaksanaan suatu program pendidikan untuk anak Taman Kanak-kanak sangat tergantung pada pengelolaan sumber belajar. Pentingya penggunaan media pembelajaran merupakan salah satu faktor yang senantiasa mendapatkan perhatian dari pengelola taman kanakkanak. Salah satu media edukasi bagi anak-anak adalah mainan. Untuk anak-anak berkebutuhan khusus, mainan edukatif sangat dibutuhkan dikarenakan anak membutuhkan treatment yang lebih. Masalah yang terjadi di TK PAUD Al-Fasha adalah kurangnya mainan edukatif yang tersedia untuk mendukung pembelajaran mereka. Mainan yang ada selain sudah using dan rusak, banyak yang hilang. Oleh karena itu, tim PKM Polinema mengadakan kegiatan Pengabdian Kepada Masyarakat di sekolah ini untuk membantu anak-anak lebih semangat dalam belajar dan terbantu dalam proses belajar. Respon dari sekolah, baik guru, kepala sekolah, dan penilik sekolah sangat baik terhadap kegiatan PKM ini. Mainan ini akan dimanfaatkan semaksimal mungkin untuk kebutuhan pembelajaran ABK..</p>', 'string'),
(35, 'id_ID', 'cleanTitle', 'PENGADAAN MAINAN EDUKATIF SEBAGAI MEDIA TERAPI UNTUK ANAK BERKEBUTUHAN  KHUSUS DI TAMAN KANAKKANAK PAUD AL FASHA ', 'string'),
(35, 'id_ID', 'copyrightHolder', '', 'string'),
(35, 'id_ID', 'prefix', '', 'string'),
(35, 'id_ID', 'subtitle', '', 'string'),
(35, 'id_ID', 'title', 'PENGADAAN MAINAN EDUKATIF SEBAGAI MEDIA TERAPI UNTUK ANAK BERKEBUTUHAN  KHUSUS DI TAMAN KANAK-KANAK PAUD AL FASHA ', 'string'),
(36, '', 'copyrightYear', '', 'string'),
(36, '', 'licenseURL', '', 'string'),
(36, 'en_US', 'abstract', '', 'string'),
(36, 'en_US', 'cleanTitle', 'BIMBINGAN DAN PELATIHAN BAHASA INGGRIS DENGAN METODE PEMBELAJARAN COMMUNICATIVE APPROACH   BAGI SANTRI TPA ALAMIEN  TIDAR PERMAI  KARANGBESUKI  SUKUN  KODYA MALANG', 'string'),
(36, 'en_US', 'copyrightHolder', '', 'string'),
(36, 'en_US', 'prefix', '', 'string'),
(36, 'en_US', 'subtitle', '', 'string'),
(36, 'en_US', 'title', 'BIMBINGAN DAN PELATIHAN BAHASA INGGRIS DENGAN METODE PEMBELAJARAN COMMUNICATIVE APPROACH   BAGI SANTRI TPA AL-AMIEN  TIDAR PERMAI  KARANGBESUKI  SUKUN  KODYA MALANG', 'string'),
(36, 'id_ID', 'abstract', '<p>Dalam pendidikan dan pengajaran Bahasa Inggris di sekolah formal baik di tingkat sekolah dasar maupun di tingkat pendidikan tinggi, metode pembelajaran mempunyai peranan yang sangat penting agar siswa bisa menangkap pelajaran dengan baik. Tidak terkecuali untuk para santri yang sedang belajar membaca Al-Quran di TPA (Taman Pendidikan Al-Quran) Masjid Al-Amien Tidar Permai Malang. Selain para santri belajar Al-Quran, Yayasan dan Takmir Masjid Al-Amien bermaksud untuk menambah pengetahuan atau ketrampilan berbahasa Inggris. Namun para tutor yang diberi tugas untuk mengajari Bahasa Inggris belum faham betul tentang metode pengajaran Bahasa Inggris bagi anak-anak. Oleh karena itu pengajarannya belum sempurna. Berdasarkan analisis situasi yang telah pelaksana PkM ini lakukan, terdapat masalah yang dihadapi oleh TPA Al-Amien Tidar Malang yang barangkali bisa dibantu dengan kegiatan PkM yaitu belum adanya model pembelajaran Bahasa Inggris yang sesuai dengan kebutuhan santri di Masjid Al-Amien Tidar Permai  Karangbesuki  Sukun  Malang yang masih tergolong usia dini dan belum tersedianya media pembelajaran bahasa Inggris yang efektif untuk membantu santri dalam mempelajari Bahasa Inggris. Dengan adanya program Pengabdian Kepada Masyarakat (PkM) ini, yaitu Bimbingan dan Pelatihan Bahasa Inggris dengan Metode Pembelajaran Communicative Approach bagi Santri TPA Al-Amien  Tidar Permai  Karangbesuki  Sukun  Kodya Malang, para tutor akan mengenal dan terampil dalam menggunakan metode pembelajaran yang tepat bagi anak-anak usia dini dan santrinya akan memiliki ketrampilan Bahasa Inggris yang memadai. Jika hal tersebut di atas terpenuhi, kita bisa berharap Indonesia akan memiliki generasi muda yang tangguh, disiplin, beradab, dan berpendidikan. PkM ini difokuskan pada bimbingan dan pelatihan bahasa Inggris bagi tutor Bahasa Inggris di TPA Masjid Al-Amien  Tidar Permai  Karangbesuki  Sukun  Kodya Malang untuk mencarikan model pembelajaran Bahasa Inggris yang sesuai dengan kebutuhan santri dan mencarikan media pembelajaran yang efektif untuk membantu santri dalam mempelajari Bahasa Inggris. Selanjutnya mengajari para santri Bahasa Inggris agar mereka mengetahui cara belajar Bahasa Inggris yang efektif..</p>', 'string'),
(36, 'id_ID', 'cleanTitle', 'BIMBINGAN DAN PELATIHAN BAHASA INGGRIS DENGAN METODE PEMBELAJARAN COMMUNICATIVE APPROACH   BAGI SANTRI TPA ALAMIEN  TIDAR PERMAI  KARANGBESUKI  SUKUN  KODYA MALANG', 'string'),
(36, 'id_ID', 'copyrightHolder', '', 'string'),
(36, 'id_ID', 'prefix', '', 'string'),
(36, 'id_ID', 'subtitle', '', 'string'),
(36, 'id_ID', 'title', 'BIMBINGAN DAN PELATIHAN BAHASA INGGRIS DENGAN METODE PEMBELAJARAN COMMUNICATIVE APPROACH   BAGI SANTRI TPA AL-AMIEN  TIDAR PERMAI  KARANGBESUKI  SUKUN  KODYA MALANG', 'string'),
(37, '', 'copyrightYear', '', 'string'),
(37, '', 'licenseURL', '', 'string'),
(37, 'en_US', 'abstract', '', 'string'),
(37, 'en_US', 'cleanTitle', 'PENDIDIKAN KESEHATAN GIZI PADA LANSIA DAN PEMERIKSAAN KESEHATAN FISIK DI DESA TALOK KECTUREN KABMALANG ', 'string'),
(37, 'en_US', 'copyrightHolder', '', 'string'),
(37, 'en_US', 'prefix', '', 'string'),
(37, 'en_US', 'subtitle', '', 'string'),
(37, 'en_US', 'title', 'PENDIDIKAN KESEHATAN GIZI PADA LANSIA DAN PEMERIKSAAN KESEHATAN FISIK DI DESA TALOK KEC.TUREN KAB.MALANG ', 'string'),
(37, 'id_ID', 'abstract', '<p>Tujuan utama dari dibentuknya Posyandu (Pos Pelayanan Terpadu) di Indonesia adalah sebagai salah satu upaya pembangunan nasional yang tercermin dalam Indeks Pembangunan Manuasia (IPM) yang terdiri dari umur harapan hidup, tingkat melek huruf dan pendapatan per kapita. Posyandu adalah salah satu usaha kesehatan yang bersumberdaya masyarakat (UKBM) yang melibatkan kader yang sudah dipilih dan ditunjuk oleh masyarakat sehingga posyandu bisa dikatakan miliknya masyarakat. Posyandu Lansia Desa Talok dipilih debagai mitra dalam PKM ini karena jumlah lansia di lingkungan posyandu ini cukup tinggi yakni kurang lebih 70 orang dengan tingkat pengetahuan gizi dan kesehatan yang masih perlu ditingkatkan. Sebagian besar para lansia di area ini adalah ibu rumah tangga dengan latar belakang belakang pendidikan SD sampai SMA, namun pengetahuan mereka tentang gizi serta pola makan dan pola hidup yang baik masih minim. Di sisi lain, posyandu ini, sebagaimana posyandu pada umumnya, hanya memfokuskan pada memantau aspek kesehatan fisik lansia dimana tingkat partisipasi lansia masih rendah. Oleh karena itu dibutuhkan penyuluhan tentang gizi pada lansia untuk meningkatkan tingkat kesehatan pada lansia. Pengabdian kepada masyarakat ini dilaksanakan dengan cara memberikan penyuluhan singkat tentang pentingnya menjaga kesehatan pad lansia terutama menjaga tekanan darah, gula darah, kolesterol dan asam urat. Lansia mengalami kemunduran dan keterbatasan maka konsistensi dan tekstur atau bentuk makanan harus disesuaikan. Mengingat kondisi dan permasalahan lanjut usia seperti diuraikan di atas, maka penanganan masalah gizi pada lanjut usia harus menjadi prioritas, karena permasalahannya terus meningkat sesuai dengan pertambahan jumlahnya. Dengan demikian penyuluhan kesehatan gizi pada lansia dan pemeriksaan fisik, penimbangan berat badan, serta pemeriksaan tekanan darah, kolesterol, asam urat dan gula darah pada lansia sangat perlukan, sesuai dengan kebutuhannya dan pada lingkungan yang tepat, sehingga para lansia tidak merasa lagi terabaikan didalam masyarakat.</p>', 'string'),
(37, 'id_ID', 'cleanTitle', 'PENDIDIKAN KESEHATAN GIZI PADA LANSIA DAN PEMERIKSAAN KESEHATAN FISIK DI DESA TALOK KECTUREN KABMALANG ', 'string'),
(37, 'id_ID', 'copyrightHolder', '', 'string'),
(37, 'id_ID', 'prefix', '', 'string'),
(37, 'id_ID', 'subtitle', '', 'string'),
(37, 'id_ID', 'title', 'PENDIDIKAN KESEHATAN GIZI PADA LANSIA DAN PEMERIKSAAN KESEHATAN FISIK DI DESA TALOK KEC.TUREN KAB.MALANG ', 'string');

-- --------------------------------------------------------

--
-- Struktur dari tabel `submission_supplementary_files`
--

CREATE TABLE `submission_supplementary_files` (
  `file_id` bigint(20) NOT NULL,
  `revision` bigint(20) NOT NULL
) ENGINE=InnoDB DEFAULT CHARSET=utf8;

-- --------------------------------------------------------

--
-- Struktur dari tabel `submission_tombstones`
--

CREATE TABLE `submission_tombstones` (
  `tombstone_id` bigint(20) NOT NULL,
  `submission_id` bigint(20) NOT NULL,
  `date_deleted` datetime NOT NULL,
  `journal_id` bigint(20) NOT NULL,
  `section_id` bigint(20) NOT NULL,
  `set_spec` varchar(255) NOT NULL,
  `set_name` varchar(255) NOT NULL,
  `oai_identifier` varchar(255) NOT NULL
) ENGINE=InnoDB DEFAULT CHARSET=utf8;

-- --------------------------------------------------------

--
-- Struktur dari tabel `subscriptions`
--

CREATE TABLE `subscriptions` (
  `subscription_id` bigint(20) NOT NULL,
  `journal_id` bigint(20) NOT NULL,
  `user_id` bigint(20) NOT NULL,
  `type_id` bigint(20) NOT NULL,
  `date_start` date DEFAULT NULL,
  `date_end` datetime DEFAULT NULL,
  `status` tinyint(4) NOT NULL DEFAULT '1',
  `membership` varchar(40) DEFAULT NULL,
  `reference_number` varchar(40) DEFAULT NULL,
  `notes` text
) ENGINE=InnoDB DEFAULT CHARSET=utf8;

-- --------------------------------------------------------

--
-- Struktur dari tabel `subscription_types`
--

CREATE TABLE `subscription_types` (
  `type_id` bigint(20) NOT NULL,
  `journal_id` bigint(20) NOT NULL,
  `cost` double NOT NULL,
  `currency_code_alpha` varchar(3) NOT NULL,
  `non_expiring` tinyint(4) NOT NULL DEFAULT '0',
  `duration` smallint(6) DEFAULT NULL,
  `format` smallint(6) NOT NULL,
  `institutional` tinyint(4) NOT NULL DEFAULT '0',
  `membership` tinyint(4) NOT NULL DEFAULT '0',
  `disable_public_display` tinyint(4) NOT NULL,
  `seq` double NOT NULL
) ENGINE=InnoDB DEFAULT CHARSET=utf8;

-- --------------------------------------------------------

--
-- Struktur dari tabel `subscription_type_settings`
--

CREATE TABLE `subscription_type_settings` (
  `type_id` bigint(20) NOT NULL,
  `locale` varchar(14) NOT NULL DEFAULT '',
  `setting_name` varchar(255) NOT NULL,
  `setting_value` text,
  `setting_type` varchar(6) NOT NULL
) ENGINE=InnoDB DEFAULT CHARSET=utf8;

-- --------------------------------------------------------

--
-- Struktur dari tabel `temporary_files`
--

CREATE TABLE `temporary_files` (
  `file_id` bigint(20) NOT NULL,
  `user_id` bigint(20) NOT NULL,
  `file_name` varchar(90) NOT NULL,
  `file_type` varchar(255) DEFAULT NULL,
  `file_size` bigint(20) NOT NULL,
  `original_file_name` varchar(127) DEFAULT NULL,
  `date_uploaded` datetime NOT NULL
) ENGINE=InnoDB DEFAULT CHARSET=utf8;

-- --------------------------------------------------------

--
-- Struktur dari tabel `usage_stats_temporary_records`
--

CREATE TABLE `usage_stats_temporary_records` (
  `assoc_id` bigint(20) NOT NULL,
  `assoc_type` bigint(20) NOT NULL,
  `day` bigint(20) NOT NULL,
  `entry_time` bigint(20) NOT NULL,
  `metric` bigint(20) NOT NULL DEFAULT '1',
  `country_id` varchar(2) DEFAULT NULL,
  `region` varchar(2) DEFAULT NULL,
  `city` varchar(255) DEFAULT NULL,
  `load_id` varchar(255) NOT NULL,
  `file_type` tinyint(4) DEFAULT NULL
) ENGINE=InnoDB DEFAULT CHARSET=utf8;

-- --------------------------------------------------------

--
-- Struktur dari tabel `users`
--

CREATE TABLE `users` (
  `user_id` bigint(20) NOT NULL,
  `username` varchar(32) NOT NULL,
  `password` varchar(255) NOT NULL,
  `email` varchar(255) NOT NULL,
  `url` varchar(2047) DEFAULT NULL,
  `phone` varchar(32) DEFAULT NULL,
  `mailing_address` varchar(255) DEFAULT NULL,
  `billing_address` varchar(255) DEFAULT NULL,
  `country` varchar(90) DEFAULT NULL,
  `locales` varchar(255) DEFAULT NULL,
  `gossip` text,
  `date_last_email` datetime DEFAULT NULL,
  `date_registered` datetime NOT NULL,
  `date_validated` datetime DEFAULT NULL,
  `date_last_login` datetime NOT NULL,
  `must_change_password` tinyint(4) DEFAULT NULL,
  `auth_id` bigint(20) DEFAULT NULL,
  `auth_str` varchar(255) DEFAULT NULL,
  `disabled` tinyint(4) NOT NULL DEFAULT '0',
  `disabled_reason` text,
  `inline_help` tinyint(4) DEFAULT NULL
) ENGINE=InnoDB DEFAULT CHARSET=utf8;

--
-- Dumping data untuk tabel `users`
--

INSERT INTO `users` (`user_id`, `username`, `password`, `email`, `url`, `phone`, `mailing_address`, `billing_address`, `country`, `locales`, `gossip`, `date_last_email`, `date_registered`, `date_validated`, `date_last_login`, `must_change_password`, `auth_id`, `auth_str`, `disabled`, `disabled_reason`, `inline_help`) VALUES
(1, 'mimin', '$2y$10$y2f30Oy3QDTG3sAqnDXOZO/TdeLDVafbion1WK/xu1Jfo5c.G58UC', 'fariedrahmad@gmail.com', NULL, '', '<p><strong>Editorial Office:</strong></p>\r\n<p>Jurnal Ekonomi Modernisasi</p>\r\n<p>Economics and Business Faculty<br>Universitas Kanjuruhan Malang<br>Jl. S. Supriadi No. 48 Malang Jawa Timur, Indonesia<br>Telp. (0341) 801488 (ext 340)</p>\r\n<p>Email: jurnal.', NULL, 'ID', 'en_US', NULL, NULL, '2020-06-04 16:38:18', NULL, '2020-06-25 03:32:44', 0, NULL, NULL, 0, NULL, 1),
(2, 'faried', '$2y$10$mX6akclboBT5BuntWWUE5eWkLVTzKoO34FSHY0Ago4ZQARWkLQdyO', 'faried@mail.ru', '', '', '', NULL, 'ID', '', NULL, NULL, '2020-06-09 03:38:57', NULL, '2020-06-09 03:40:30', 0, NULL, NULL, 0, NULL, 1),
(3, 'fariedrahmad', '$2y$10$S3uWPDbHMsCBo5qHEdZRK.vgC41eTgAR2.9ruBm0ONhJCLvN2g.ze', 'mrhmt81@gmail.com', NULL, NULL, NULL, NULL, 'ID', '', NULL, NULL, '2020-06-24 01:49:01', NULL, '2020-06-24 01:49:02', 0, NULL, NULL, 0, NULL, 1);

-- --------------------------------------------------------

--
-- Struktur dari tabel `user_groups`
--

CREATE TABLE `user_groups` (
  `user_group_id` bigint(20) NOT NULL,
  `context_id` bigint(20) NOT NULL,
  `role_id` bigint(20) NOT NULL,
  `is_default` tinyint(4) NOT NULL DEFAULT '0',
  `show_title` tinyint(4) NOT NULL DEFAULT '1',
  `permit_self_registration` tinyint(4) NOT NULL DEFAULT '0'
) ENGINE=InnoDB DEFAULT CHARSET=utf8;

--
-- Dumping data untuk tabel `user_groups`
--

INSERT INTO `user_groups` (`user_group_id`, `context_id`, `role_id`, `is_default`, `show_title`, `permit_self_registration`) VALUES
(1, 0, 1, 1, 0, 0),
(2, 1, 16, 1, 0, 0),
(3, 1, 16, 1, 0, 0),
(4, 1, 16, 1, 0, 0),
(5, 1, 17, 1, 0, 0),
(6, 1, 17, 1, 0, 0),
(7, 1, 4097, 1, 0, 0),
(8, 1, 4097, 1, 0, 0),
(9, 1, 4097, 1, 0, 0),
(10, 1, 4097, 1, 0, 0),
(11, 1, 4097, 1, 0, 0),
(12, 1, 4097, 1, 0, 0),
(13, 1, 4097, 1, 0, 0),
(14, 1, 65536, 1, 0, 1),
(15, 1, 65536, 1, 0, 0),
(16, 1, 4096, 1, 0, 1),
(17, 1, 1048576, 1, 0, 1),
(18, 1, 2097152, 1, 0, 0),
(19, 2, 16, 1, 0, 0),
(20, 2, 16, 1, 0, 0),
(21, 2, 16, 1, 0, 0),
(22, 2, 17, 1, 0, 0),
(23, 2, 17, 1, 0, 0),
(24, 2, 4097, 1, 0, 0),
(25, 2, 4097, 1, 0, 0),
(26, 2, 4097, 1, 0, 0),
(27, 2, 4097, 1, 0, 0),
(28, 2, 4097, 1, 0, 0),
(29, 2, 4097, 1, 0, 0),
(30, 2, 4097, 1, 0, 0),
(31, 2, 65536, 1, 0, 1),
(32, 2, 65536, 1, 0, 0),
(33, 2, 4096, 1, 0, 1),
(34, 2, 1048576, 1, 0, 1),
(35, 2, 2097152, 1, 0, 0),
(36, 3, 16, 1, 0, 0),
(37, 3, 16, 1, 0, 0),
(38, 3, 16, 1, 0, 0),
(39, 3, 17, 1, 0, 0),
(40, 3, 17, 1, 0, 0),
(41, 3, 4097, 1, 0, 0),
(42, 3, 4097, 1, 0, 0),
(43, 3, 4097, 1, 0, 0),
(44, 3, 4097, 1, 0, 0),
(45, 3, 4097, 1, 0, 0),
(46, 3, 4097, 1, 0, 0),
(47, 3, 4097, 1, 0, 0),
(48, 3, 65536, 1, 0, 1),
(49, 3, 65536, 1, 0, 0),
(50, 3, 4096, 1, 0, 1),
(51, 3, 1048576, 1, 0, 1),
(52, 3, 2097152, 1, 0, 0),
(53, 4, 16, 1, 0, 0),
(54, 4, 16, 1, 0, 0),
(55, 4, 16, 1, 0, 0),
(56, 4, 17, 1, 0, 0),
(57, 4, 17, 1, 0, 0),
(58, 4, 4097, 1, 0, 0),
(59, 4, 4097, 1, 0, 0),
(60, 4, 4097, 1, 0, 0),
(61, 4, 4097, 1, 0, 0),
(62, 4, 4097, 1, 0, 0),
(63, 4, 4097, 1, 0, 0),
(64, 4, 4097, 1, 0, 0),
(65, 4, 65536, 1, 0, 1),
(66, 4, 65536, 1, 0, 0),
(67, 4, 4096, 1, 0, 1),
(68, 4, 1048576, 1, 0, 1),
(69, 4, 2097152, 1, 0, 0),
(70, 5, 16, 1, 0, 0),
(71, 5, 16, 1, 0, 0),
(72, 5, 16, 1, 0, 0),
(73, 5, 17, 1, 0, 0),
(74, 5, 17, 1, 0, 0),
(75, 5, 4097, 1, 0, 0),
(76, 5, 4097, 1, 0, 0),
(77, 5, 4097, 1, 0, 0),
(78, 5, 4097, 1, 0, 0),
(79, 5, 4097, 1, 0, 0),
(80, 5, 4097, 1, 0, 0),
(81, 5, 4097, 1, 0, 0),
(82, 5, 65536, 1, 0, 1),
(83, 5, 65536, 1, 0, 0),
(84, 5, 4096, 1, 0, 1),
(85, 5, 1048576, 1, 0, 1),
(86, 5, 2097152, 1, 0, 0),
(87, 6, 16, 1, 0, 0),
(88, 6, 16, 1, 0, 0),
(89, 6, 16, 1, 0, 0),
(90, 6, 17, 1, 0, 0),
(91, 6, 17, 1, 0, 0),
(92, 6, 4097, 1, 0, 0),
(93, 6, 4097, 1, 0, 0),
(94, 6, 4097, 1, 0, 0),
(95, 6, 4097, 1, 0, 0),
(96, 6, 4097, 1, 0, 0),
(97, 6, 4097, 1, 0, 0),
(98, 6, 4097, 1, 0, 0),
(99, 6, 65536, 1, 0, 1),
(100, 6, 65536, 1, 0, 0),
(101, 6, 4096, 1, 0, 1),
(102, 6, 1048576, 1, 0, 1),
(103, 6, 2097152, 1, 0, 0),
(104, 7, 16, 1, 0, 0),
(105, 7, 16, 1, 0, 0),
(106, 7, 16, 1, 0, 0),
(107, 7, 17, 1, 0, 0),
(108, 7, 17, 1, 0, 0),
(109, 7, 4097, 1, 0, 0),
(110, 7, 4097, 1, 0, 0),
(111, 7, 4097, 1, 0, 0),
(112, 7, 4097, 1, 0, 0),
(113, 7, 4097, 1, 0, 0),
(114, 7, 4097, 1, 0, 0),
(115, 7, 4097, 1, 0, 0),
(116, 7, 65536, 1, 0, 1),
(117, 7, 65536, 1, 0, 0),
(118, 7, 4096, 1, 0, 1),
(119, 7, 1048576, 1, 0, 1),
(120, 7, 2097152, 1, 0, 0),
(121, 8, 16, 1, 0, 0),
(122, 8, 16, 1, 0, 0),
(123, 8, 16, 1, 0, 0),
(124, 8, 17, 1, 0, 0),
(125, 8, 17, 1, 0, 0),
(126, 8, 4097, 1, 0, 0),
(127, 8, 4097, 1, 0, 0),
(128, 8, 4097, 1, 0, 0),
(129, 8, 4097, 1, 0, 0),
(130, 8, 4097, 1, 0, 0),
(131, 8, 4097, 1, 0, 0),
(132, 8, 4097, 1, 0, 0),
(133, 8, 65536, 1, 0, 1),
(134, 8, 65536, 1, 0, 0),
(135, 8, 4096, 1, 0, 1),
(136, 8, 1048576, 1, 0, 1),
(137, 8, 2097152, 1, 0, 0),
(138, 9, 16, 1, 0, 0),
(139, 9, 16, 1, 0, 0),
(140, 9, 16, 1, 0, 0),
(141, 9, 17, 1, 0, 0),
(142, 9, 17, 1, 0, 0),
(143, 9, 4097, 1, 0, 0),
(144, 9, 4097, 1, 0, 0),
(145, 9, 4097, 1, 0, 0),
(146, 9, 4097, 1, 0, 0),
(147, 9, 4097, 1, 0, 0),
(148, 9, 4097, 1, 0, 0),
(149, 9, 4097, 1, 0, 0),
(150, 9, 65536, 1, 0, 1),
(151, 9, 65536, 1, 0, 0),
(152, 9, 4096, 1, 0, 1),
(153, 9, 1048576, 1, 0, 1),
(154, 9, 2097152, 1, 0, 0),
(155, 10, 16, 1, 0, 0),
(156, 10, 16, 1, 0, 0),
(157, 10, 16, 1, 0, 0),
(158, 10, 17, 1, 0, 0),
(159, 10, 17, 1, 0, 0),
(160, 10, 4097, 1, 0, 0),
(161, 10, 4097, 1, 0, 0),
(162, 10, 4097, 1, 0, 0),
(163, 10, 4097, 1, 0, 0),
(164, 10, 4097, 1, 0, 0),
(165, 10, 4097, 1, 0, 0),
(166, 10, 4097, 1, 0, 0),
(167, 10, 65536, 1, 0, 1),
(168, 10, 65536, 1, 0, 0),
(169, 10, 4096, 1, 0, 1),
(170, 10, 1048576, 1, 0, 1),
(171, 10, 2097152, 1, 0, 0),
(172, 11, 16, 1, 0, 0),
(173, 11, 16, 1, 0, 0),
(174, 11, 16, 1, 0, 0),
(175, 11, 17, 1, 0, 0),
(176, 11, 17, 1, 0, 0),
(177, 11, 4097, 1, 0, 0),
(178, 11, 4097, 1, 0, 0),
(179, 11, 4097, 1, 0, 0),
(180, 11, 4097, 1, 0, 0),
(181, 11, 4097, 1, 0, 0),
(182, 11, 4097, 1, 0, 0),
(183, 11, 4097, 1, 0, 0),
(184, 11, 65536, 1, 0, 1),
(185, 11, 65536, 1, 0, 0),
(186, 11, 4096, 1, 0, 1),
(187, 11, 1048576, 1, 0, 1),
(188, 11, 2097152, 1, 0, 0),
(189, 12, 16, 1, 0, 0),
(190, 12, 16, 1, 0, 0),
(191, 12, 16, 1, 0, 0),
(192, 12, 17, 1, 0, 0),
(193, 12, 17, 1, 0, 0),
(194, 12, 4097, 1, 0, 0),
(195, 12, 4097, 1, 0, 0),
(196, 12, 4097, 1, 0, 0),
(197, 12, 4097, 1, 0, 0),
(198, 12, 4097, 1, 0, 0),
(199, 12, 4097, 1, 0, 0),
(200, 12, 4097, 1, 0, 0),
(201, 12, 65536, 1, 0, 1),
(202, 12, 65536, 1, 0, 0),
(203, 12, 4096, 1, 0, 1),
(204, 12, 1048576, 1, 0, 1),
(205, 12, 2097152, 1, 0, 0),
(206, 13, 16, 1, 0, 0),
(207, 13, 16, 1, 0, 0),
(208, 13, 16, 1, 0, 0),
(209, 13, 17, 1, 0, 0),
(210, 13, 17, 1, 0, 0),
(211, 13, 4097, 1, 0, 0),
(212, 13, 4097, 1, 0, 0),
(213, 13, 4097, 1, 0, 0),
(214, 13, 4097, 1, 0, 0),
(215, 13, 4097, 1, 0, 0),
(216, 13, 4097, 1, 0, 0),
(217, 13, 4097, 1, 0, 0),
(218, 13, 65536, 1, 0, 1),
(219, 13, 65536, 1, 0, 0),
(220, 13, 4096, 1, 0, 1),
(221, 13, 1048576, 1, 0, 1),
(222, 13, 2097152, 1, 0, 0),
(223, 14, 16, 1, 0, 0),
(224, 14, 16, 1, 0, 0),
(225, 14, 16, 1, 0, 0),
(226, 14, 17, 1, 0, 0),
(227, 14, 17, 1, 0, 0),
(228, 14, 4097, 1, 0, 0),
(229, 14, 4097, 1, 0, 0),
(230, 14, 4097, 1, 0, 0),
(231, 14, 4097, 1, 0, 0),
(232, 14, 4097, 1, 0, 0),
(233, 14, 4097, 1, 0, 0),
(234, 14, 4097, 1, 0, 0),
(235, 14, 65536, 1, 0, 1),
(236, 14, 65536, 1, 0, 0),
(237, 14, 4096, 1, 0, 1),
(238, 14, 1048576, 1, 0, 1),
(239, 14, 2097152, 1, 0, 0);

-- --------------------------------------------------------

--
-- Struktur dari tabel `user_group_settings`
--

CREATE TABLE `user_group_settings` (
  `user_group_id` bigint(20) NOT NULL,
  `locale` varchar(14) NOT NULL DEFAULT '',
  `setting_name` varchar(255) NOT NULL,
  `setting_value` text,
  `setting_type` varchar(6) NOT NULL
) ENGINE=InnoDB DEFAULT CHARSET=utf8;

--
-- Dumping data untuk tabel `user_group_settings`
--

INSERT INTO `user_group_settings` (`user_group_id`, `locale`, `setting_name`, `setting_value`, `setting_type`) VALUES
(1, 'en_US', 'name', 'Site Admin', 'string'),
(1, 'id_ID', 'name', '##default.groups.name.siteAdmin##', 'string'),
(2, '', 'abbrevLocaleKey', 'default.groups.abbrev.manager', 'string'),
(2, '', 'nameLocaleKey', 'default.groups.name.manager', 'string'),
(2, 'en_US', 'abbrev', 'JM', 'string'),
(2, 'en_US', 'name', 'Journal manager', 'string'),
(2, 'id_ID', 'abbrev', 'JM', 'string'),
(2, 'id_ID', 'name', 'Manajer Jurnal', 'string'),
(3, '', 'abbrevLocaleKey', 'default.groups.abbrev.editor', 'string'),
(3, '', 'nameLocaleKey', 'default.groups.name.editor', 'string'),
(3, 'en_US', 'abbrev', 'JE', 'string'),
(3, 'en_US', 'name', 'Journal editor', 'string'),
(3, 'id_ID', 'abbrev', 'JE', 'string'),
(3, 'id_ID', 'name', 'Editor Jurnal', 'string'),
(4, '', 'abbrevLocaleKey', 'default.groups.abbrev.productionEditor', 'string'),
(4, '', 'nameLocaleKey', 'default.groups.name.productionEditor', 'string'),
(4, 'en_US', 'abbrev', 'ProdE', 'string'),
(4, 'en_US', 'name', 'Production editor', 'string'),
(4, 'id_ID', 'abbrev', '##default.groups.abbrev.productionEditor##', 'string'),
(4, 'id_ID', 'name', '##default.groups.name.productionEditor##', 'string'),
(5, '', 'abbrevLocaleKey', 'default.groups.abbrev.sectionEditor', 'string'),
(5, '', 'nameLocaleKey', 'default.groups.name.sectionEditor', 'string'),
(5, 'en_US', 'abbrev', 'SecE', 'string'),
(5, 'en_US', 'name', 'Section editor', 'string'),
(5, 'id_ID', 'abbrev', 'SecE', 'string'),
(5, 'id_ID', 'name', 'Editor Bagian', 'string'),
(6, '', 'abbrevLocaleKey', 'default.groups.abbrev.guestEditor', 'string'),
(6, '', 'nameLocaleKey', 'default.groups.name.guestEditor', 'string'),
(6, 'en_US', 'abbrev', 'GE', 'string'),
(6, 'en_US', 'name', 'Guest editor', 'string'),
(6, 'id_ID', 'abbrev', 'GE', 'string'),
(6, 'id_ID', 'name', 'Editor Tamu', 'string'),
(7, '', 'abbrevLocaleKey', 'default.groups.abbrev.copyeditor', 'string'),
(7, '', 'nameLocaleKey', 'default.groups.name.copyeditor', 'string'),
(7, 'en_US', 'abbrev', 'CE', 'string'),
(7, 'en_US', 'name', 'Copyeditor', 'string'),
(7, 'id_ID', 'abbrev', '##default.groups.abbrev.copyeditor##', 'string'),
(7, 'id_ID', 'name', '##default.groups.name.copyeditor##', 'string'),
(8, '', 'abbrevLocaleKey', 'default.groups.abbrev.designer', 'string'),
(8, '', 'nameLocaleKey', 'default.groups.name.designer', 'string'),
(8, 'en_US', 'abbrev', 'Design', 'string'),
(8, 'en_US', 'name', 'Designer', 'string'),
(8, 'id_ID', 'abbrev', '##default.groups.abbrev.designer##', 'string'),
(8, 'id_ID', 'name', '##default.groups.name.designer##', 'string'),
(9, '', 'abbrevLocaleKey', 'default.groups.abbrev.funding', 'string'),
(9, '', 'nameLocaleKey', 'default.groups.name.funding', 'string'),
(9, 'en_US', 'abbrev', 'FC', 'string'),
(9, 'en_US', 'name', 'Funding coordinator', 'string'),
(9, 'id_ID', 'abbrev', '##default.groups.abbrev.funding##', 'string'),
(9, 'id_ID', 'name', '##default.groups.name.funding##', 'string'),
(10, '', 'abbrevLocaleKey', 'default.groups.abbrev.indexer', 'string'),
(10, '', 'nameLocaleKey', 'default.groups.name.indexer', 'string'),
(10, 'en_US', 'abbrev', 'IND', 'string'),
(10, 'en_US', 'name', 'Indexer', 'string'),
(10, 'id_ID', 'abbrev', '##default.groups.abbrev.indexer##', 'string'),
(10, 'id_ID', 'name', '##default.groups.name.indexer##', 'string'),
(11, '', 'abbrevLocaleKey', 'default.groups.abbrev.layoutEditor', 'string'),
(11, '', 'nameLocaleKey', 'default.groups.name.layoutEditor', 'string'),
(11, 'en_US', 'abbrev', 'LE', 'string'),
(11, 'en_US', 'name', 'Layout Editor', 'string'),
(11, 'id_ID', 'abbrev', '##default.groups.abbrev.layoutEditor##', 'string'),
(11, 'id_ID', 'name', '##default.groups.name.layoutEditor##', 'string'),
(12, '', 'abbrevLocaleKey', 'default.groups.abbrev.marketing', 'string'),
(12, '', 'nameLocaleKey', 'default.groups.name.marketing', 'string'),
(12, 'en_US', 'abbrev', 'MS', 'string'),
(12, 'en_US', 'name', 'Marketing and sales coordinator', 'string'),
(12, 'id_ID', 'abbrev', '##default.groups.abbrev.marketing##', 'string'),
(12, 'id_ID', 'name', '##default.groups.name.marketing##', 'string'),
(13, '', 'abbrevLocaleKey', 'default.groups.abbrev.proofreader', 'string'),
(13, '', 'nameLocaleKey', 'default.groups.name.proofreader', 'string'),
(13, 'en_US', 'abbrev', 'PR', 'string'),
(13, 'en_US', 'name', 'Proofreader', 'string'),
(13, 'id_ID', 'abbrev', '##default.groups.abbrev.proofreader##', 'string'),
(13, 'id_ID', 'name', '##default.groups.name.proofreader##', 'string'),
(14, '', 'abbrevLocaleKey', 'default.groups.abbrev.author', 'string'),
(14, '', 'nameLocaleKey', 'default.groups.name.author', 'string'),
(14, 'en_US', 'abbrev', 'AU', 'string'),
(14, 'en_US', 'name', 'Author', 'string'),
(14, 'id_ID', 'abbrev', '##default.groups.abbrev.author##', 'string'),
(14, 'id_ID', 'name', '##default.groups.name.author##', 'string'),
(15, '', 'abbrevLocaleKey', 'default.groups.abbrev.translator', 'string'),
(15, '', 'nameLocaleKey', 'default.groups.name.translator', 'string'),
(15, 'en_US', 'abbrev', 'Trans', 'string'),
(15, 'en_US', 'name', 'Translator', 'string'),
(15, 'id_ID', 'abbrev', '##default.groups.abbrev.translator##', 'string'),
(15, 'id_ID', 'name', '##default.groups.name.translator##', 'string'),
(16, '', 'abbrevLocaleKey', 'default.groups.abbrev.externalReviewer', 'string'),
(16, '', 'nameLocaleKey', 'default.groups.name.externalReviewer', 'string'),
(16, 'en_US', 'abbrev', 'R', 'string'),
(16, 'en_US', 'name', 'Reviewer', 'string'),
(16, 'id_ID', 'abbrev', 'R', 'string'),
(16, 'id_ID', 'name', 'Reviewer', 'string'),
(17, '', 'abbrevLocaleKey', 'default.groups.abbrev.reader', 'string'),
(17, '', 'nameLocaleKey', 'default.groups.name.reader', 'string'),
(17, 'en_US', 'abbrev', 'Read', 'string'),
(17, 'en_US', 'name', 'Reader', 'string'),
(17, 'id_ID', 'abbrev', '##default.groups.abbrev.reader##', 'string'),
(17, 'id_ID', 'name', '##default.groups.name.reader##', 'string'),
(18, '', 'abbrevLocaleKey', 'default.groups.abbrev.subscriptionManager', 'string'),
(18, '', 'nameLocaleKey', 'default.groups.name.subscriptionManager', 'string'),
(18, 'en_US', 'abbrev', 'SubM', 'string'),
(18, 'en_US', 'name', 'Subscription Manager', 'string'),
(18, 'id_ID', 'abbrev', 'SubM', 'string'),
(18, 'id_ID', 'name', 'Manajer Langganan', 'string'),
(19, '', 'abbrevLocaleKey', 'default.groups.abbrev.manager', 'string'),
(19, '', 'nameLocaleKey', 'default.groups.name.manager', 'string'),
(19, 'en_US', 'abbrev', 'JM', 'string'),
(19, 'en_US', 'name', 'Journal manager', 'string'),
(19, 'id_ID', 'abbrev', 'JM', 'string'),
(19, 'id_ID', 'name', 'Manajer Jurnal', 'string'),
(20, '', 'abbrevLocaleKey', 'default.groups.abbrev.editor', 'string'),
(20, '', 'nameLocaleKey', 'default.groups.name.editor', 'string'),
(20, 'en_US', 'abbrev', 'JE', 'string'),
(20, 'en_US', 'name', 'Journal editor', 'string'),
(20, 'id_ID', 'abbrev', 'JE', 'string'),
(20, 'id_ID', 'name', 'Editor Jurnal', 'string'),
(21, '', 'abbrevLocaleKey', 'default.groups.abbrev.productionEditor', 'string'),
(21, '', 'nameLocaleKey', 'default.groups.name.productionEditor', 'string'),
(21, 'en_US', 'abbrev', 'ProdE', 'string'),
(21, 'en_US', 'name', 'Production editor', 'string'),
(21, 'id_ID', 'abbrev', '##default.groups.abbrev.productionEditor##', 'string'),
(21, 'id_ID', 'name', '##default.groups.name.productionEditor##', 'string'),
(22, '', 'abbrevLocaleKey', 'default.groups.abbrev.sectionEditor', 'string'),
(22, '', 'nameLocaleKey', 'default.groups.name.sectionEditor', 'string'),
(22, 'en_US', 'abbrev', 'SecE', 'string'),
(22, 'en_US', 'name', 'Section editor', 'string'),
(22, 'id_ID', 'abbrev', 'SecE', 'string'),
(22, 'id_ID', 'name', 'Editor Bagian', 'string'),
(23, '', 'abbrevLocaleKey', 'default.groups.abbrev.guestEditor', 'string'),
(23, '', 'nameLocaleKey', 'default.groups.name.guestEditor', 'string'),
(23, 'en_US', 'abbrev', 'GE', 'string'),
(23, 'en_US', 'name', 'Guest editor', 'string'),
(23, 'id_ID', 'abbrev', 'GE', 'string'),
(23, 'id_ID', 'name', 'Editor Tamu', 'string'),
(24, '', 'abbrevLocaleKey', 'default.groups.abbrev.copyeditor', 'string'),
(24, '', 'nameLocaleKey', 'default.groups.name.copyeditor', 'string'),
(24, 'en_US', 'abbrev', 'CE', 'string'),
(24, 'en_US', 'name', 'Copyeditor', 'string'),
(24, 'id_ID', 'abbrev', '##default.groups.abbrev.copyeditor##', 'string'),
(24, 'id_ID', 'name', '##default.groups.name.copyeditor##', 'string'),
(25, '', 'abbrevLocaleKey', 'default.groups.abbrev.designer', 'string'),
(25, '', 'nameLocaleKey', 'default.groups.name.designer', 'string'),
(25, 'en_US', 'abbrev', 'Design', 'string'),
(25, 'en_US', 'name', 'Designer', 'string'),
(25, 'id_ID', 'abbrev', '##default.groups.abbrev.designer##', 'string'),
(25, 'id_ID', 'name', '##default.groups.name.designer##', 'string'),
(26, '', 'abbrevLocaleKey', 'default.groups.abbrev.funding', 'string'),
(26, '', 'nameLocaleKey', 'default.groups.name.funding', 'string'),
(26, 'en_US', 'abbrev', 'FC', 'string'),
(26, 'en_US', 'name', 'Funding coordinator', 'string'),
(26, 'id_ID', 'abbrev', '##default.groups.abbrev.funding##', 'string'),
(26, 'id_ID', 'name', '##default.groups.name.funding##', 'string'),
(27, '', 'abbrevLocaleKey', 'default.groups.abbrev.indexer', 'string'),
(27, '', 'nameLocaleKey', 'default.groups.name.indexer', 'string'),
(27, 'en_US', 'abbrev', 'IND', 'string'),
(27, 'en_US', 'name', 'Indexer', 'string'),
(27, 'id_ID', 'abbrev', '##default.groups.abbrev.indexer##', 'string'),
(27, 'id_ID', 'name', '##default.groups.name.indexer##', 'string'),
(28, '', 'abbrevLocaleKey', 'default.groups.abbrev.layoutEditor', 'string'),
(28, '', 'nameLocaleKey', 'default.groups.name.layoutEditor', 'string'),
(28, 'en_US', 'abbrev', 'LE', 'string'),
(28, 'en_US', 'name', 'Layout Editor', 'string'),
(28, 'id_ID', 'abbrev', '##default.groups.abbrev.layoutEditor##', 'string'),
(28, 'id_ID', 'name', '##default.groups.name.layoutEditor##', 'string'),
(29, '', 'abbrevLocaleKey', 'default.groups.abbrev.marketing', 'string'),
(29, '', 'nameLocaleKey', 'default.groups.name.marketing', 'string'),
(29, 'en_US', 'abbrev', 'MS', 'string'),
(29, 'en_US', 'name', 'Marketing and sales coordinator', 'string'),
(29, 'id_ID', 'abbrev', '##default.groups.abbrev.marketing##', 'string'),
(29, 'id_ID', 'name', '##default.groups.name.marketing##', 'string'),
(30, '', 'abbrevLocaleKey', 'default.groups.abbrev.proofreader', 'string'),
(30, '', 'nameLocaleKey', 'default.groups.name.proofreader', 'string'),
(30, 'en_US', 'abbrev', 'PR', 'string'),
(30, 'en_US', 'name', 'Proofreader', 'string'),
(30, 'id_ID', 'abbrev', '##default.groups.abbrev.proofreader##', 'string'),
(30, 'id_ID', 'name', '##default.groups.name.proofreader##', 'string'),
(31, '', 'abbrevLocaleKey', 'default.groups.abbrev.author', 'string'),
(31, '', 'nameLocaleKey', 'default.groups.name.author', 'string'),
(31, 'en_US', 'abbrev', 'AU', 'string'),
(31, 'en_US', 'name', 'Author', 'string'),
(31, 'id_ID', 'abbrev', '##default.groups.abbrev.author##', 'string'),
(31, 'id_ID', 'name', '##default.groups.name.author##', 'string'),
(32, '', 'abbrevLocaleKey', 'default.groups.abbrev.translator', 'string'),
(32, '', 'nameLocaleKey', 'default.groups.name.translator', 'string'),
(32, 'en_US', 'abbrev', 'Trans', 'string'),
(32, 'en_US', 'name', 'Translator', 'string'),
(32, 'id_ID', 'abbrev', '##default.groups.abbrev.translator##', 'string'),
(32, 'id_ID', 'name', '##default.groups.name.translator##', 'string'),
(33, '', 'abbrevLocaleKey', 'default.groups.abbrev.externalReviewer', 'string'),
(33, '', 'nameLocaleKey', 'default.groups.name.externalReviewer', 'string'),
(33, 'en_US', 'abbrev', 'R', 'string'),
(33, 'en_US', 'name', 'Reviewer', 'string'),
(33, 'id_ID', 'abbrev', 'R', 'string'),
(33, 'id_ID', 'name', 'Reviewer', 'string'),
(34, '', 'abbrevLocaleKey', 'default.groups.abbrev.reader', 'string'),
(34, '', 'nameLocaleKey', 'default.groups.name.reader', 'string'),
(34, 'en_US', 'abbrev', 'Read', 'string'),
(34, 'en_US', 'name', 'Reader', 'string'),
(34, 'id_ID', 'abbrev', '##default.groups.abbrev.reader##', 'string'),
(34, 'id_ID', 'name', '##default.groups.name.reader##', 'string'),
(35, '', 'abbrevLocaleKey', 'default.groups.abbrev.subscriptionManager', 'string'),
(35, '', 'nameLocaleKey', 'default.groups.name.subscriptionManager', 'string'),
(35, 'en_US', 'abbrev', 'SubM', 'string'),
(35, 'en_US', 'name', 'Subscription Manager', 'string'),
(35, 'id_ID', 'abbrev', 'SubM', 'string'),
(35, 'id_ID', 'name', 'Manajer Langganan', 'string'),
(36, '', 'abbrevLocaleKey', 'default.groups.abbrev.manager', 'string'),
(36, '', 'nameLocaleKey', 'default.groups.name.manager', 'string'),
(36, 'en_US', 'abbrev', 'JM', 'string'),
(36, 'en_US', 'name', 'Journal manager', 'string'),
(36, 'id_ID', 'abbrev', 'JM', 'string'),
(36, 'id_ID', 'name', 'Manajer Jurnal', 'string'),
(37, '', 'abbrevLocaleKey', 'default.groups.abbrev.editor', 'string'),
(37, '', 'nameLocaleKey', 'default.groups.name.editor', 'string'),
(37, 'en_US', 'abbrev', 'JE', 'string'),
(37, 'en_US', 'name', 'Journal editor', 'string'),
(37, 'id_ID', 'abbrev', 'JE', 'string'),
(37, 'id_ID', 'name', 'Editor Jurnal', 'string'),
(38, '', 'abbrevLocaleKey', 'default.groups.abbrev.productionEditor', 'string'),
(38, '', 'nameLocaleKey', 'default.groups.name.productionEditor', 'string'),
(38, 'en_US', 'abbrev', 'ProdE', 'string'),
(38, 'en_US', 'name', 'Production editor', 'string'),
(38, 'id_ID', 'abbrev', '##default.groups.abbrev.productionEditor##', 'string'),
(38, 'id_ID', 'name', '##default.groups.name.productionEditor##', 'string'),
(39, '', 'abbrevLocaleKey', 'default.groups.abbrev.sectionEditor', 'string'),
(39, '', 'nameLocaleKey', 'default.groups.name.sectionEditor', 'string'),
(39, 'en_US', 'abbrev', 'SecE', 'string'),
(39, 'en_US', 'name', 'Section editor', 'string'),
(39, 'id_ID', 'abbrev', 'SecE', 'string'),
(39, 'id_ID', 'name', 'Editor Bagian', 'string'),
(40, '', 'abbrevLocaleKey', 'default.groups.abbrev.guestEditor', 'string'),
(40, '', 'nameLocaleKey', 'default.groups.name.guestEditor', 'string'),
(40, 'en_US', 'abbrev', 'GE', 'string'),
(40, 'en_US', 'name', 'Guest editor', 'string'),
(40, 'id_ID', 'abbrev', 'GE', 'string'),
(40, 'id_ID', 'name', 'Editor Tamu', 'string'),
(41, '', 'abbrevLocaleKey', 'default.groups.abbrev.copyeditor', 'string'),
(41, '', 'nameLocaleKey', 'default.groups.name.copyeditor', 'string'),
(41, 'en_US', 'abbrev', 'CE', 'string'),
(41, 'en_US', 'name', 'Copyeditor', 'string'),
(41, 'id_ID', 'abbrev', '##default.groups.abbrev.copyeditor##', 'string'),
(41, 'id_ID', 'name', '##default.groups.name.copyeditor##', 'string'),
(42, '', 'abbrevLocaleKey', 'default.groups.abbrev.designer', 'string'),
(42, '', 'nameLocaleKey', 'default.groups.name.designer', 'string'),
(42, 'en_US', 'abbrev', 'Design', 'string'),
(42, 'en_US', 'name', 'Designer', 'string'),
(42, 'id_ID', 'abbrev', '##default.groups.abbrev.designer##', 'string'),
(42, 'id_ID', 'name', '##default.groups.name.designer##', 'string'),
(43, '', 'abbrevLocaleKey', 'default.groups.abbrev.funding', 'string'),
(43, '', 'nameLocaleKey', 'default.groups.name.funding', 'string'),
(43, 'en_US', 'abbrev', 'FC', 'string'),
(43, 'en_US', 'name', 'Funding coordinator', 'string'),
(43, 'id_ID', 'abbrev', '##default.groups.abbrev.funding##', 'string'),
(43, 'id_ID', 'name', '##default.groups.name.funding##', 'string'),
(44, '', 'abbrevLocaleKey', 'default.groups.abbrev.indexer', 'string'),
(44, '', 'nameLocaleKey', 'default.groups.name.indexer', 'string'),
(44, 'en_US', 'abbrev', 'IND', 'string'),
(44, 'en_US', 'name', 'Indexer', 'string'),
(44, 'id_ID', 'abbrev', '##default.groups.abbrev.indexer##', 'string'),
(44, 'id_ID', 'name', '##default.groups.name.indexer##', 'string'),
(45, '', 'abbrevLocaleKey', 'default.groups.abbrev.layoutEditor', 'string'),
(45, '', 'nameLocaleKey', 'default.groups.name.layoutEditor', 'string'),
(45, 'en_US', 'abbrev', 'LE', 'string'),
(45, 'en_US', 'name', 'Layout Editor', 'string'),
(45, 'id_ID', 'abbrev', '##default.groups.abbrev.layoutEditor##', 'string'),
(45, 'id_ID', 'name', '##default.groups.name.layoutEditor##', 'string'),
(46, '', 'abbrevLocaleKey', 'default.groups.abbrev.marketing', 'string'),
(46, '', 'nameLocaleKey', 'default.groups.name.marketing', 'string'),
(46, 'en_US', 'abbrev', 'MS', 'string'),
(46, 'en_US', 'name', 'Marketing and sales coordinator', 'string'),
(46, 'id_ID', 'abbrev', '##default.groups.abbrev.marketing##', 'string'),
(46, 'id_ID', 'name', '##default.groups.name.marketing##', 'string'),
(47, '', 'abbrevLocaleKey', 'default.groups.abbrev.proofreader', 'string'),
(47, '', 'nameLocaleKey', 'default.groups.name.proofreader', 'string'),
(47, 'en_US', 'abbrev', 'PR', 'string'),
(47, 'en_US', 'name', 'Proofreader', 'string'),
(47, 'id_ID', 'abbrev', '##default.groups.abbrev.proofreader##', 'string'),
(47, 'id_ID', 'name', '##default.groups.name.proofreader##', 'string'),
(48, '', 'abbrevLocaleKey', 'default.groups.abbrev.author', 'string'),
(48, '', 'nameLocaleKey', 'default.groups.name.author', 'string'),
(48, 'en_US', 'abbrev', 'AU', 'string'),
(48, 'en_US', 'name', 'Author', 'string'),
(48, 'id_ID', 'abbrev', '##default.groups.abbrev.author##', 'string'),
(48, 'id_ID', 'name', '##default.groups.name.author##', 'string'),
(49, '', 'abbrevLocaleKey', 'default.groups.abbrev.translator', 'string'),
(49, '', 'nameLocaleKey', 'default.groups.name.translator', 'string'),
(49, 'en_US', 'abbrev', 'Trans', 'string'),
(49, 'en_US', 'name', 'Translator', 'string'),
(49, 'id_ID', 'abbrev', '##default.groups.abbrev.translator##', 'string'),
(49, 'id_ID', 'name', '##default.groups.name.translator##', 'string'),
(50, '', 'abbrevLocaleKey', 'default.groups.abbrev.externalReviewer', 'string'),
(50, '', 'nameLocaleKey', 'default.groups.name.externalReviewer', 'string'),
(50, 'en_US', 'abbrev', 'R', 'string'),
(50, 'en_US', 'name', 'Reviewer', 'string'),
(50, 'id_ID', 'abbrev', 'R', 'string'),
(50, 'id_ID', 'name', 'Reviewer', 'string'),
(51, '', 'abbrevLocaleKey', 'default.groups.abbrev.reader', 'string'),
(51, '', 'nameLocaleKey', 'default.groups.name.reader', 'string'),
(51, 'en_US', 'abbrev', 'Read', 'string'),
(51, 'en_US', 'name', 'Reader', 'string'),
(51, 'id_ID', 'abbrev', '##default.groups.abbrev.reader##', 'string'),
(51, 'id_ID', 'name', '##default.groups.name.reader##', 'string'),
(52, '', 'abbrevLocaleKey', 'default.groups.abbrev.subscriptionManager', 'string'),
(52, '', 'nameLocaleKey', 'default.groups.name.subscriptionManager', 'string'),
(52, 'en_US', 'abbrev', 'SubM', 'string'),
(52, 'en_US', 'name', 'Subscription Manager', 'string'),
(52, 'id_ID', 'abbrev', 'SubM', 'string'),
(52, 'id_ID', 'name', 'Manajer Langganan', 'string'),
(53, '', 'abbrevLocaleKey', 'default.groups.abbrev.manager', 'string'),
(53, '', 'nameLocaleKey', 'default.groups.name.manager', 'string'),
(53, 'en_US', 'abbrev', 'JM', 'string'),
(53, 'en_US', 'name', 'Journal manager', 'string'),
(53, 'id_ID', 'abbrev', 'JM', 'string'),
(53, 'id_ID', 'name', 'Manajer Jurnal', 'string'),
(54, '', 'abbrevLocaleKey', 'default.groups.abbrev.editor', 'string'),
(54, '', 'nameLocaleKey', 'default.groups.name.editor', 'string'),
(54, 'en_US', 'abbrev', 'JE', 'string'),
(54, 'en_US', 'name', 'Journal editor', 'string'),
(54, 'id_ID', 'abbrev', 'JE', 'string'),
(54, 'id_ID', 'name', 'Editor Jurnal', 'string'),
(55, '', 'abbrevLocaleKey', 'default.groups.abbrev.productionEditor', 'string'),
(55, '', 'nameLocaleKey', 'default.groups.name.productionEditor', 'string'),
(55, 'en_US', 'abbrev', 'ProdE', 'string'),
(55, 'en_US', 'name', 'Production editor', 'string'),
(55, 'id_ID', 'abbrev', '##default.groups.abbrev.productionEditor##', 'string'),
(55, 'id_ID', 'name', '##default.groups.name.productionEditor##', 'string'),
(56, '', 'abbrevLocaleKey', 'default.groups.abbrev.sectionEditor', 'string'),
(56, '', 'nameLocaleKey', 'default.groups.name.sectionEditor', 'string'),
(56, 'en_US', 'abbrev', 'SecE', 'string'),
(56, 'en_US', 'name', 'Section editor', 'string'),
(56, 'id_ID', 'abbrev', 'SecE', 'string'),
(56, 'id_ID', 'name', 'Editor Bagian', 'string'),
(57, '', 'abbrevLocaleKey', 'default.groups.abbrev.guestEditor', 'string'),
(57, '', 'nameLocaleKey', 'default.groups.name.guestEditor', 'string'),
(57, 'en_US', 'abbrev', 'GE', 'string'),
(57, 'en_US', 'name', 'Guest editor', 'string'),
(57, 'id_ID', 'abbrev', 'GE', 'string'),
(57, 'id_ID', 'name', 'Editor Tamu', 'string'),
(58, '', 'abbrevLocaleKey', 'default.groups.abbrev.copyeditor', 'string'),
(58, '', 'nameLocaleKey', 'default.groups.name.copyeditor', 'string'),
(58, 'en_US', 'abbrev', 'CE', 'string'),
(58, 'en_US', 'name', 'Copyeditor', 'string'),
(58, 'id_ID', 'abbrev', '##default.groups.abbrev.copyeditor##', 'string'),
(58, 'id_ID', 'name', '##default.groups.name.copyeditor##', 'string'),
(59, '', 'abbrevLocaleKey', 'default.groups.abbrev.designer', 'string'),
(59, '', 'nameLocaleKey', 'default.groups.name.designer', 'string'),
(59, 'en_US', 'abbrev', 'Design', 'string'),
(59, 'en_US', 'name', 'Designer', 'string'),
(59, 'id_ID', 'abbrev', '##default.groups.abbrev.designer##', 'string'),
(59, 'id_ID', 'name', '##default.groups.name.designer##', 'string'),
(60, '', 'abbrevLocaleKey', 'default.groups.abbrev.funding', 'string'),
(60, '', 'nameLocaleKey', 'default.groups.name.funding', 'string'),
(60, 'en_US', 'abbrev', 'FC', 'string'),
(60, 'en_US', 'name', 'Funding coordinator', 'string'),
(60, 'id_ID', 'abbrev', '##default.groups.abbrev.funding##', 'string'),
(60, 'id_ID', 'name', '##default.groups.name.funding##', 'string'),
(61, '', 'abbrevLocaleKey', 'default.groups.abbrev.indexer', 'string'),
(61, '', 'nameLocaleKey', 'default.groups.name.indexer', 'string'),
(61, 'en_US', 'abbrev', 'IND', 'string'),
(61, 'en_US', 'name', 'Indexer', 'string'),
(61, 'id_ID', 'abbrev', '##default.groups.abbrev.indexer##', 'string'),
(61, 'id_ID', 'name', '##default.groups.name.indexer##', 'string'),
(62, '', 'abbrevLocaleKey', 'default.groups.abbrev.layoutEditor', 'string'),
(62, '', 'nameLocaleKey', 'default.groups.name.layoutEditor', 'string'),
(62, 'en_US', 'abbrev', 'LE', 'string'),
(62, 'en_US', 'name', 'Layout Editor', 'string'),
(62, 'id_ID', 'abbrev', '##default.groups.abbrev.layoutEditor##', 'string'),
(62, 'id_ID', 'name', '##default.groups.name.layoutEditor##', 'string'),
(63, '', 'abbrevLocaleKey', 'default.groups.abbrev.marketing', 'string'),
(63, '', 'nameLocaleKey', 'default.groups.name.marketing', 'string'),
(63, 'en_US', 'abbrev', 'MS', 'string'),
(63, 'en_US', 'name', 'Marketing and sales coordinator', 'string'),
(63, 'id_ID', 'abbrev', '##default.groups.abbrev.marketing##', 'string'),
(63, 'id_ID', 'name', '##default.groups.name.marketing##', 'string'),
(64, '', 'abbrevLocaleKey', 'default.groups.abbrev.proofreader', 'string'),
(64, '', 'nameLocaleKey', 'default.groups.name.proofreader', 'string'),
(64, 'en_US', 'abbrev', 'PR', 'string'),
(64, 'en_US', 'name', 'Proofreader', 'string'),
(64, 'id_ID', 'abbrev', '##default.groups.abbrev.proofreader##', 'string'),
(64, 'id_ID', 'name', '##default.groups.name.proofreader##', 'string'),
(65, '', 'abbrevLocaleKey', 'default.groups.abbrev.author', 'string'),
(65, '', 'nameLocaleKey', 'default.groups.name.author', 'string'),
(65, 'en_US', 'abbrev', 'AU', 'string'),
(65, 'en_US', 'name', 'Author', 'string'),
(65, 'id_ID', 'abbrev', '##default.groups.abbrev.author##', 'string'),
(65, 'id_ID', 'name', '##default.groups.name.author##', 'string'),
(66, '', 'abbrevLocaleKey', 'default.groups.abbrev.translator', 'string'),
(66, '', 'nameLocaleKey', 'default.groups.name.translator', 'string'),
(66, 'en_US', 'abbrev', 'Trans', 'string'),
(66, 'en_US', 'name', 'Translator', 'string'),
(66, 'id_ID', 'abbrev', '##default.groups.abbrev.translator##', 'string'),
(66, 'id_ID', 'name', '##default.groups.name.translator##', 'string'),
(67, '', 'abbrevLocaleKey', 'default.groups.abbrev.externalReviewer', 'string'),
(67, '', 'nameLocaleKey', 'default.groups.name.externalReviewer', 'string'),
(67, 'en_US', 'abbrev', 'R', 'string'),
(67, 'en_US', 'name', 'Reviewer', 'string'),
(67, 'id_ID', 'abbrev', 'R', 'string'),
(67, 'id_ID', 'name', 'Reviewer', 'string'),
(68, '', 'abbrevLocaleKey', 'default.groups.abbrev.reader', 'string'),
(68, '', 'nameLocaleKey', 'default.groups.name.reader', 'string'),
(68, 'en_US', 'abbrev', 'Read', 'string'),
(68, 'en_US', 'name', 'Reader', 'string'),
(68, 'id_ID', 'abbrev', '##default.groups.abbrev.reader##', 'string'),
(68, 'id_ID', 'name', '##default.groups.name.reader##', 'string'),
(69, '', 'abbrevLocaleKey', 'default.groups.abbrev.subscriptionManager', 'string'),
(69, '', 'nameLocaleKey', 'default.groups.name.subscriptionManager', 'string'),
(69, 'en_US', 'abbrev', 'SubM', 'string'),
(69, 'en_US', 'name', 'Subscription Manager', 'string'),
(69, 'id_ID', 'abbrev', 'SubM', 'string'),
(69, 'id_ID', 'name', 'Manajer Langganan', 'string'),
(70, '', 'abbrevLocaleKey', 'default.groups.abbrev.manager', 'string'),
(70, '', 'nameLocaleKey', 'default.groups.name.manager', 'string'),
(70, 'en_US', 'abbrev', 'JM', 'string'),
(70, 'en_US', 'name', 'Journal manager', 'string'),
(70, 'id_ID', 'abbrev', 'JM', 'string'),
(70, 'id_ID', 'name', 'Manajer Jurnal', 'string'),
(71, '', 'abbrevLocaleKey', 'default.groups.abbrev.editor', 'string'),
(71, '', 'nameLocaleKey', 'default.groups.name.editor', 'string'),
(71, 'en_US', 'abbrev', 'JE', 'string'),
(71, 'en_US', 'name', 'Journal editor', 'string'),
(71, 'id_ID', 'abbrev', 'JE', 'string'),
(71, 'id_ID', 'name', 'Editor Jurnal', 'string'),
(72, '', 'abbrevLocaleKey', 'default.groups.abbrev.productionEditor', 'string'),
(72, '', 'nameLocaleKey', 'default.groups.name.productionEditor', 'string'),
(72, 'en_US', 'abbrev', 'ProdE', 'string'),
(72, 'en_US', 'name', 'Production editor', 'string'),
(72, 'id_ID', 'abbrev', '##default.groups.abbrev.productionEditor##', 'string'),
(72, 'id_ID', 'name', '##default.groups.name.productionEditor##', 'string'),
(73, '', 'abbrevLocaleKey', 'default.groups.abbrev.sectionEditor', 'string'),
(73, '', 'nameLocaleKey', 'default.groups.name.sectionEditor', 'string'),
(73, 'en_US', 'abbrev', 'SecE', 'string'),
(73, 'en_US', 'name', 'Section editor', 'string'),
(73, 'id_ID', 'abbrev', 'SecE', 'string'),
(73, 'id_ID', 'name', 'Editor Bagian', 'string'),
(74, '', 'abbrevLocaleKey', 'default.groups.abbrev.guestEditor', 'string'),
(74, '', 'nameLocaleKey', 'default.groups.name.guestEditor', 'string'),
(74, 'en_US', 'abbrev', 'GE', 'string'),
(74, 'en_US', 'name', 'Guest editor', 'string'),
(74, 'id_ID', 'abbrev', 'GE', 'string'),
(74, 'id_ID', 'name', 'Editor Tamu', 'string'),
(75, '', 'abbrevLocaleKey', 'default.groups.abbrev.copyeditor', 'string'),
(75, '', 'nameLocaleKey', 'default.groups.name.copyeditor', 'string'),
(75, 'en_US', 'abbrev', 'CE', 'string'),
(75, 'en_US', 'name', 'Copyeditor', 'string'),
(75, 'id_ID', 'abbrev', '##default.groups.abbrev.copyeditor##', 'string'),
(75, 'id_ID', 'name', '##default.groups.name.copyeditor##', 'string'),
(76, '', 'abbrevLocaleKey', 'default.groups.abbrev.designer', 'string'),
(76, '', 'nameLocaleKey', 'default.groups.name.designer', 'string'),
(76, 'en_US', 'abbrev', 'Design', 'string'),
(76, 'en_US', 'name', 'Designer', 'string'),
(76, 'id_ID', 'abbrev', '##default.groups.abbrev.designer##', 'string'),
(76, 'id_ID', 'name', '##default.groups.name.designer##', 'string'),
(77, '', 'abbrevLocaleKey', 'default.groups.abbrev.funding', 'string'),
(77, '', 'nameLocaleKey', 'default.groups.name.funding', 'string'),
(77, 'en_US', 'abbrev', 'FC', 'string'),
(77, 'en_US', 'name', 'Funding coordinator', 'string'),
(77, 'id_ID', 'abbrev', '##default.groups.abbrev.funding##', 'string'),
(77, 'id_ID', 'name', '##default.groups.name.funding##', 'string'),
(78, '', 'abbrevLocaleKey', 'default.groups.abbrev.indexer', 'string'),
(78, '', 'nameLocaleKey', 'default.groups.name.indexer', 'string'),
(78, 'en_US', 'abbrev', 'IND', 'string'),
(78, 'en_US', 'name', 'Indexer', 'string'),
(78, 'id_ID', 'abbrev', '##default.groups.abbrev.indexer##', 'string'),
(78, 'id_ID', 'name', '##default.groups.name.indexer##', 'string'),
(79, '', 'abbrevLocaleKey', 'default.groups.abbrev.layoutEditor', 'string'),
(79, '', 'nameLocaleKey', 'default.groups.name.layoutEditor', 'string'),
(79, 'en_US', 'abbrev', 'LE', 'string'),
(79, 'en_US', 'name', 'Layout Editor', 'string'),
(79, 'id_ID', 'abbrev', '##default.groups.abbrev.layoutEditor##', 'string'),
(79, 'id_ID', 'name', '##default.groups.name.layoutEditor##', 'string'),
(80, '', 'abbrevLocaleKey', 'default.groups.abbrev.marketing', 'string'),
(80, '', 'nameLocaleKey', 'default.groups.name.marketing', 'string'),
(80, 'en_US', 'abbrev', 'MS', 'string'),
(80, 'en_US', 'name', 'Marketing and sales coordinator', 'string'),
(80, 'id_ID', 'abbrev', '##default.groups.abbrev.marketing##', 'string'),
(80, 'id_ID', 'name', '##default.groups.name.marketing##', 'string'),
(81, '', 'abbrevLocaleKey', 'default.groups.abbrev.proofreader', 'string'),
(81, '', 'nameLocaleKey', 'default.groups.name.proofreader', 'string'),
(81, 'en_US', 'abbrev', 'PR', 'string'),
(81, 'en_US', 'name', 'Proofreader', 'string'),
(81, 'id_ID', 'abbrev', '##default.groups.abbrev.proofreader##', 'string'),
(81, 'id_ID', 'name', '##default.groups.name.proofreader##', 'string'),
(82, '', 'abbrevLocaleKey', 'default.groups.abbrev.author', 'string'),
(82, '', 'nameLocaleKey', 'default.groups.name.author', 'string'),
(82, 'en_US', 'abbrev', 'AU', 'string'),
(82, 'en_US', 'name', 'Author', 'string'),
(82, 'id_ID', 'abbrev', '##default.groups.abbrev.author##', 'string'),
(82, 'id_ID', 'name', '##default.groups.name.author##', 'string'),
(83, '', 'abbrevLocaleKey', 'default.groups.abbrev.translator', 'string'),
(83, '', 'nameLocaleKey', 'default.groups.name.translator', 'string'),
(83, 'en_US', 'abbrev', 'Trans', 'string'),
(83, 'en_US', 'name', 'Translator', 'string'),
(83, 'id_ID', 'abbrev', '##default.groups.abbrev.translator##', 'string'),
(83, 'id_ID', 'name', '##default.groups.name.translator##', 'string'),
(84, '', 'abbrevLocaleKey', 'default.groups.abbrev.externalReviewer', 'string'),
(84, '', 'nameLocaleKey', 'default.groups.name.externalReviewer', 'string'),
(84, 'en_US', 'abbrev', 'R', 'string'),
(84, 'en_US', 'name', 'Reviewer', 'string'),
(84, 'id_ID', 'abbrev', 'R', 'string'),
(84, 'id_ID', 'name', 'Reviewer', 'string'),
(85, '', 'abbrevLocaleKey', 'default.groups.abbrev.reader', 'string'),
(85, '', 'nameLocaleKey', 'default.groups.name.reader', 'string'),
(85, 'en_US', 'abbrev', 'Read', 'string'),
(85, 'en_US', 'name', 'Reader', 'string'),
(85, 'id_ID', 'abbrev', '##default.groups.abbrev.reader##', 'string'),
(85, 'id_ID', 'name', '##default.groups.name.reader##', 'string'),
(86, '', 'abbrevLocaleKey', 'default.groups.abbrev.subscriptionManager', 'string'),
(86, '', 'nameLocaleKey', 'default.groups.name.subscriptionManager', 'string'),
(86, 'en_US', 'abbrev', 'SubM', 'string'),
(86, 'en_US', 'name', 'Subscription Manager', 'string'),
(86, 'id_ID', 'abbrev', 'SubM', 'string'),
(86, 'id_ID', 'name', 'Manajer Langganan', 'string'),
(87, '', 'abbrevLocaleKey', 'default.groups.abbrev.manager', 'string'),
(87, '', 'nameLocaleKey', 'default.groups.name.manager', 'string'),
(87, 'en_US', 'abbrev', 'JM', 'string'),
(87, 'en_US', 'name', 'Journal manager', 'string'),
(87, 'id_ID', 'abbrev', 'JM', 'string'),
(87, 'id_ID', 'name', 'Manajer Jurnal', 'string'),
(88, '', 'abbrevLocaleKey', 'default.groups.abbrev.editor', 'string'),
(88, '', 'nameLocaleKey', 'default.groups.name.editor', 'string'),
(88, 'en_US', 'abbrev', 'JE', 'string'),
(88, 'en_US', 'name', 'Journal editor', 'string'),
(88, 'id_ID', 'abbrev', 'JE', 'string'),
(88, 'id_ID', 'name', 'Editor Jurnal', 'string'),
(89, '', 'abbrevLocaleKey', 'default.groups.abbrev.productionEditor', 'string'),
(89, '', 'nameLocaleKey', 'default.groups.name.productionEditor', 'string'),
(89, 'en_US', 'abbrev', 'ProdE', 'string'),
(89, 'en_US', 'name', 'Production editor', 'string'),
(89, 'id_ID', 'abbrev', '##default.groups.abbrev.productionEditor##', 'string'),
(89, 'id_ID', 'name', '##default.groups.name.productionEditor##', 'string'),
(90, '', 'abbrevLocaleKey', 'default.groups.abbrev.sectionEditor', 'string'),
(90, '', 'nameLocaleKey', 'default.groups.name.sectionEditor', 'string'),
(90, 'en_US', 'abbrev', 'SecE', 'string'),
(90, 'en_US', 'name', 'Section editor', 'string'),
(90, 'id_ID', 'abbrev', 'SecE', 'string'),
(90, 'id_ID', 'name', 'Editor Bagian', 'string'),
(91, '', 'abbrevLocaleKey', 'default.groups.abbrev.guestEditor', 'string'),
(91, '', 'nameLocaleKey', 'default.groups.name.guestEditor', 'string'),
(91, 'en_US', 'abbrev', 'GE', 'string'),
(91, 'en_US', 'name', 'Guest editor', 'string'),
(91, 'id_ID', 'abbrev', 'GE', 'string'),
(91, 'id_ID', 'name', 'Editor Tamu', 'string'),
(92, '', 'abbrevLocaleKey', 'default.groups.abbrev.copyeditor', 'string'),
(92, '', 'nameLocaleKey', 'default.groups.name.copyeditor', 'string'),
(92, 'en_US', 'abbrev', 'CE', 'string'),
(92, 'en_US', 'name', 'Copyeditor', 'string'),
(92, 'id_ID', 'abbrev', '##default.groups.abbrev.copyeditor##', 'string'),
(92, 'id_ID', 'name', '##default.groups.name.copyeditor##', 'string'),
(93, '', 'abbrevLocaleKey', 'default.groups.abbrev.designer', 'string'),
(93, '', 'nameLocaleKey', 'default.groups.name.designer', 'string'),
(93, 'en_US', 'abbrev', 'Design', 'string'),
(93, 'en_US', 'name', 'Designer', 'string'),
(93, 'id_ID', 'abbrev', '##default.groups.abbrev.designer##', 'string'),
(93, 'id_ID', 'name', '##default.groups.name.designer##', 'string'),
(94, '', 'abbrevLocaleKey', 'default.groups.abbrev.funding', 'string'),
(94, '', 'nameLocaleKey', 'default.groups.name.funding', 'string'),
(94, 'en_US', 'abbrev', 'FC', 'string'),
(94, 'en_US', 'name', 'Funding coordinator', 'string'),
(94, 'id_ID', 'abbrev', '##default.groups.abbrev.funding##', 'string'),
(94, 'id_ID', 'name', '##default.groups.name.funding##', 'string'),
(95, '', 'abbrevLocaleKey', 'default.groups.abbrev.indexer', 'string'),
(95, '', 'nameLocaleKey', 'default.groups.name.indexer', 'string'),
(95, 'en_US', 'abbrev', 'IND', 'string'),
(95, 'en_US', 'name', 'Indexer', 'string'),
(95, 'id_ID', 'abbrev', '##default.groups.abbrev.indexer##', 'string'),
(95, 'id_ID', 'name', '##default.groups.name.indexer##', 'string'),
(96, '', 'abbrevLocaleKey', 'default.groups.abbrev.layoutEditor', 'string'),
(96, '', 'nameLocaleKey', 'default.groups.name.layoutEditor', 'string'),
(96, 'en_US', 'abbrev', 'LE', 'string'),
(96, 'en_US', 'name', 'Layout Editor', 'string'),
(96, 'id_ID', 'abbrev', '##default.groups.abbrev.layoutEditor##', 'string'),
(96, 'id_ID', 'name', '##default.groups.name.layoutEditor##', 'string'),
(97, '', 'abbrevLocaleKey', 'default.groups.abbrev.marketing', 'string'),
(97, '', 'nameLocaleKey', 'default.groups.name.marketing', 'string'),
(97, 'en_US', 'abbrev', 'MS', 'string'),
(97, 'en_US', 'name', 'Marketing and sales coordinator', 'string'),
(97, 'id_ID', 'abbrev', '##default.groups.abbrev.marketing##', 'string'),
(97, 'id_ID', 'name', '##default.groups.name.marketing##', 'string'),
(98, '', 'abbrevLocaleKey', 'default.groups.abbrev.proofreader', 'string'),
(98, '', 'nameLocaleKey', 'default.groups.name.proofreader', 'string'),
(98, 'en_US', 'abbrev', 'PR', 'string'),
(98, 'en_US', 'name', 'Proofreader', 'string'),
(98, 'id_ID', 'abbrev', '##default.groups.abbrev.proofreader##', 'string'),
(98, 'id_ID', 'name', '##default.groups.name.proofreader##', 'string'),
(99, '', 'abbrevLocaleKey', 'default.groups.abbrev.author', 'string'),
(99, '', 'nameLocaleKey', 'default.groups.name.author', 'string'),
(99, 'en_US', 'abbrev', 'AU', 'string'),
(99, 'en_US', 'name', 'Author', 'string'),
(99, 'id_ID', 'abbrev', '##default.groups.abbrev.author##', 'string'),
(99, 'id_ID', 'name', '##default.groups.name.author##', 'string'),
(100, '', 'abbrevLocaleKey', 'default.groups.abbrev.translator', 'string'),
(100, '', 'nameLocaleKey', 'default.groups.name.translator', 'string'),
(100, 'en_US', 'abbrev', 'Trans', 'string'),
(100, 'en_US', 'name', 'Translator', 'string'),
(100, 'id_ID', 'abbrev', '##default.groups.abbrev.translator##', 'string'),
(100, 'id_ID', 'name', '##default.groups.name.translator##', 'string'),
(101, '', 'abbrevLocaleKey', 'default.groups.abbrev.externalReviewer', 'string'),
(101, '', 'nameLocaleKey', 'default.groups.name.externalReviewer', 'string'),
(101, 'en_US', 'abbrev', 'R', 'string'),
(101, 'en_US', 'name', 'Reviewer', 'string'),
(101, 'id_ID', 'abbrev', 'R', 'string'),
(101, 'id_ID', 'name', 'Reviewer', 'string'),
(102, '', 'abbrevLocaleKey', 'default.groups.abbrev.reader', 'string'),
(102, '', 'nameLocaleKey', 'default.groups.name.reader', 'string'),
(102, 'en_US', 'abbrev', 'Read', 'string'),
(102, 'en_US', 'name', 'Reader', 'string'),
(102, 'id_ID', 'abbrev', '##default.groups.abbrev.reader##', 'string'),
(102, 'id_ID', 'name', '##default.groups.name.reader##', 'string'),
(103, '', 'abbrevLocaleKey', 'default.groups.abbrev.subscriptionManager', 'string'),
(103, '', 'nameLocaleKey', 'default.groups.name.subscriptionManager', 'string'),
(103, 'en_US', 'abbrev', 'SubM', 'string'),
(103, 'en_US', 'name', 'Subscription Manager', 'string'),
(103, 'id_ID', 'abbrev', 'SubM', 'string'),
(103, 'id_ID', 'name', 'Manajer Langganan', 'string'),
(104, '', 'abbrevLocaleKey', 'default.groups.abbrev.manager', 'string'),
(104, '', 'nameLocaleKey', 'default.groups.name.manager', 'string'),
(104, 'en_US', 'abbrev', 'JM', 'string'),
(104, 'en_US', 'name', 'Journal manager', 'string'),
(104, 'id_ID', 'abbrev', 'JM', 'string'),
(104, 'id_ID', 'name', 'Manajer Jurnal', 'string'),
(105, '', 'abbrevLocaleKey', 'default.groups.abbrev.editor', 'string'),
(105, '', 'nameLocaleKey', 'default.groups.name.editor', 'string'),
(105, 'en_US', 'abbrev', 'JE', 'string'),
(105, 'en_US', 'name', 'Journal editor', 'string'),
(105, 'id_ID', 'abbrev', 'JE', 'string'),
(105, 'id_ID', 'name', 'Editor Jurnal', 'string'),
(106, '', 'abbrevLocaleKey', 'default.groups.abbrev.productionEditor', 'string'),
(106, '', 'nameLocaleKey', 'default.groups.name.productionEditor', 'string'),
(106, 'en_US', 'abbrev', 'ProdE', 'string'),
(106, 'en_US', 'name', 'Production editor', 'string'),
(106, 'id_ID', 'abbrev', '##default.groups.abbrev.productionEditor##', 'string'),
(106, 'id_ID', 'name', '##default.groups.name.productionEditor##', 'string'),
(107, '', 'abbrevLocaleKey', 'default.groups.abbrev.sectionEditor', 'string'),
(107, '', 'nameLocaleKey', 'default.groups.name.sectionEditor', 'string'),
(107, 'en_US', 'abbrev', 'SecE', 'string'),
(107, 'en_US', 'name', 'Section editor', 'string'),
(107, 'id_ID', 'abbrev', 'SecE', 'string'),
(107, 'id_ID', 'name', 'Editor Bagian', 'string'),
(108, '', 'abbrevLocaleKey', 'default.groups.abbrev.guestEditor', 'string'),
(108, '', 'nameLocaleKey', 'default.groups.name.guestEditor', 'string'),
(108, 'en_US', 'abbrev', 'GE', 'string'),
(108, 'en_US', 'name', 'Guest editor', 'string'),
(108, 'id_ID', 'abbrev', 'GE', 'string'),
(108, 'id_ID', 'name', 'Editor Tamu', 'string'),
(109, '', 'abbrevLocaleKey', 'default.groups.abbrev.copyeditor', 'string'),
(109, '', 'nameLocaleKey', 'default.groups.name.copyeditor', 'string'),
(109, 'en_US', 'abbrev', 'CE', 'string'),
(109, 'en_US', 'name', 'Copyeditor', 'string'),
(109, 'id_ID', 'abbrev', '##default.groups.abbrev.copyeditor##', 'string'),
(109, 'id_ID', 'name', '##default.groups.name.copyeditor##', 'string'),
(110, '', 'abbrevLocaleKey', 'default.groups.abbrev.designer', 'string'),
(110, '', 'nameLocaleKey', 'default.groups.name.designer', 'string'),
(110, 'en_US', 'abbrev', 'Design', 'string'),
(110, 'en_US', 'name', 'Designer', 'string'),
(110, 'id_ID', 'abbrev', '##default.groups.abbrev.designer##', 'string'),
(110, 'id_ID', 'name', '##default.groups.name.designer##', 'string'),
(111, '', 'abbrevLocaleKey', 'default.groups.abbrev.funding', 'string'),
(111, '', 'nameLocaleKey', 'default.groups.name.funding', 'string'),
(111, 'en_US', 'abbrev', 'FC', 'string'),
(111, 'en_US', 'name', 'Funding coordinator', 'string'),
(111, 'id_ID', 'abbrev', '##default.groups.abbrev.funding##', 'string'),
(111, 'id_ID', 'name', '##default.groups.name.funding##', 'string'),
(112, '', 'abbrevLocaleKey', 'default.groups.abbrev.indexer', 'string'),
(112, '', 'nameLocaleKey', 'default.groups.name.indexer', 'string'),
(112, 'en_US', 'abbrev', 'IND', 'string'),
(112, 'en_US', 'name', 'Indexer', 'string'),
(112, 'id_ID', 'abbrev', '##default.groups.abbrev.indexer##', 'string'),
(112, 'id_ID', 'name', '##default.groups.name.indexer##', 'string'),
(113, '', 'abbrevLocaleKey', 'default.groups.abbrev.layoutEditor', 'string'),
(113, '', 'nameLocaleKey', 'default.groups.name.layoutEditor', 'string'),
(113, 'en_US', 'abbrev', 'LE', 'string'),
(113, 'en_US', 'name', 'Layout Editor', 'string'),
(113, 'id_ID', 'abbrev', '##default.groups.abbrev.layoutEditor##', 'string'),
(113, 'id_ID', 'name', '##default.groups.name.layoutEditor##', 'string'),
(114, '', 'abbrevLocaleKey', 'default.groups.abbrev.marketing', 'string'),
(114, '', 'nameLocaleKey', 'default.groups.name.marketing', 'string'),
(114, 'en_US', 'abbrev', 'MS', 'string'),
(114, 'en_US', 'name', 'Marketing and sales coordinator', 'string'),
(114, 'id_ID', 'abbrev', '##default.groups.abbrev.marketing##', 'string'),
(114, 'id_ID', 'name', '##default.groups.name.marketing##', 'string'),
(115, '', 'abbrevLocaleKey', 'default.groups.abbrev.proofreader', 'string'),
(115, '', 'nameLocaleKey', 'default.groups.name.proofreader', 'string'),
(115, 'en_US', 'abbrev', 'PR', 'string'),
(115, 'en_US', 'name', 'Proofreader', 'string'),
(115, 'id_ID', 'abbrev', '##default.groups.abbrev.proofreader##', 'string'),
(115, 'id_ID', 'name', '##default.groups.name.proofreader##', 'string'),
(116, '', 'abbrevLocaleKey', 'default.groups.abbrev.author', 'string'),
(116, '', 'nameLocaleKey', 'default.groups.name.author', 'string'),
(116, 'en_US', 'abbrev', 'AU', 'string'),
(116, 'en_US', 'name', 'Author', 'string'),
(116, 'id_ID', 'abbrev', '##default.groups.abbrev.author##', 'string'),
(116, 'id_ID', 'name', '##default.groups.name.author##', 'string'),
(117, '', 'abbrevLocaleKey', 'default.groups.abbrev.translator', 'string'),
(117, '', 'nameLocaleKey', 'default.groups.name.translator', 'string'),
(117, 'en_US', 'abbrev', 'Trans', 'string'),
(117, 'en_US', 'name', 'Translator', 'string'),
(117, 'id_ID', 'abbrev', '##default.groups.abbrev.translator##', 'string'),
(117, 'id_ID', 'name', '##default.groups.name.translator##', 'string'),
(118, '', 'abbrevLocaleKey', 'default.groups.abbrev.externalReviewer', 'string'),
(118, '', 'nameLocaleKey', 'default.groups.name.externalReviewer', 'string'),
(118, 'en_US', 'abbrev', 'R', 'string'),
(118, 'en_US', 'name', 'Reviewer', 'string'),
(118, 'id_ID', 'abbrev', 'R', 'string'),
(118, 'id_ID', 'name', 'Reviewer', 'string'),
(119, '', 'abbrevLocaleKey', 'default.groups.abbrev.reader', 'string'),
(119, '', 'nameLocaleKey', 'default.groups.name.reader', 'string'),
(119, 'en_US', 'abbrev', 'Read', 'string'),
(119, 'en_US', 'name', 'Reader', 'string'),
(119, 'id_ID', 'abbrev', '##default.groups.abbrev.reader##', 'string'),
(119, 'id_ID', 'name', '##default.groups.name.reader##', 'string'),
(120, '', 'abbrevLocaleKey', 'default.groups.abbrev.subscriptionManager', 'string'),
(120, '', 'nameLocaleKey', 'default.groups.name.subscriptionManager', 'string'),
(120, 'en_US', 'abbrev', 'SubM', 'string'),
(120, 'en_US', 'name', 'Subscription Manager', 'string'),
(120, 'id_ID', 'abbrev', 'SubM', 'string'),
(120, 'id_ID', 'name', 'Manajer Langganan', 'string'),
(121, '', 'abbrevLocaleKey', 'default.groups.abbrev.manager', 'string'),
(121, '', 'nameLocaleKey', 'default.groups.name.manager', 'string'),
(121, 'en_US', 'abbrev', 'JM', 'string'),
(121, 'en_US', 'name', 'Journal manager', 'string'),
(121, 'id_ID', 'abbrev', 'JM', 'string'),
(121, 'id_ID', 'name', 'Manajer Jurnal', 'string'),
(122, '', 'abbrevLocaleKey', 'default.groups.abbrev.editor', 'string'),
(122, '', 'nameLocaleKey', 'default.groups.name.editor', 'string'),
(122, 'en_US', 'abbrev', 'JE', 'string'),
(122, 'en_US', 'name', 'Journal editor', 'string'),
(122, 'id_ID', 'abbrev', 'JE', 'string'),
(122, 'id_ID', 'name', 'Editor Jurnal', 'string'),
(123, '', 'abbrevLocaleKey', 'default.groups.abbrev.productionEditor', 'string'),
(123, '', 'nameLocaleKey', 'default.groups.name.productionEditor', 'string'),
(123, 'en_US', 'abbrev', 'ProdE', 'string'),
(123, 'en_US', 'name', 'Production editor', 'string'),
(123, 'id_ID', 'abbrev', '##default.groups.abbrev.productionEditor##', 'string'),
(123, 'id_ID', 'name', '##default.groups.name.productionEditor##', 'string'),
(124, '', 'abbrevLocaleKey', 'default.groups.abbrev.sectionEditor', 'string'),
(124, '', 'nameLocaleKey', 'default.groups.name.sectionEditor', 'string'),
(124, 'en_US', 'abbrev', 'SecE', 'string'),
(124, 'en_US', 'name', 'Section editor', 'string'),
(124, 'id_ID', 'abbrev', 'SecE', 'string'),
(124, 'id_ID', 'name', 'Editor Bagian', 'string'),
(125, '', 'abbrevLocaleKey', 'default.groups.abbrev.guestEditor', 'string'),
(125, '', 'nameLocaleKey', 'default.groups.name.guestEditor', 'string'),
(125, 'en_US', 'abbrev', 'GE', 'string'),
(125, 'en_US', 'name', 'Guest editor', 'string'),
(125, 'id_ID', 'abbrev', 'GE', 'string'),
(125, 'id_ID', 'name', 'Editor Tamu', 'string'),
(126, '', 'abbrevLocaleKey', 'default.groups.abbrev.copyeditor', 'string'),
(126, '', 'nameLocaleKey', 'default.groups.name.copyeditor', 'string'),
(126, 'en_US', 'abbrev', 'CE', 'string'),
(126, 'en_US', 'name', 'Copyeditor', 'string'),
(126, 'id_ID', 'abbrev', '##default.groups.abbrev.copyeditor##', 'string'),
(126, 'id_ID', 'name', '##default.groups.name.copyeditor##', 'string'),
(127, '', 'abbrevLocaleKey', 'default.groups.abbrev.designer', 'string'),
(127, '', 'nameLocaleKey', 'default.groups.name.designer', 'string'),
(127, 'en_US', 'abbrev', 'Design', 'string'),
(127, 'en_US', 'name', 'Designer', 'string'),
(127, 'id_ID', 'abbrev', '##default.groups.abbrev.designer##', 'string'),
(127, 'id_ID', 'name', '##default.groups.name.designer##', 'string'),
(128, '', 'abbrevLocaleKey', 'default.groups.abbrev.funding', 'string'),
(128, '', 'nameLocaleKey', 'default.groups.name.funding', 'string'),
(128, 'en_US', 'abbrev', 'FC', 'string'),
(128, 'en_US', 'name', 'Funding coordinator', 'string'),
(128, 'id_ID', 'abbrev', '##default.groups.abbrev.funding##', 'string'),
(128, 'id_ID', 'name', '##default.groups.name.funding##', 'string'),
(129, '', 'abbrevLocaleKey', 'default.groups.abbrev.indexer', 'string'),
(129, '', 'nameLocaleKey', 'default.groups.name.indexer', 'string'),
(129, 'en_US', 'abbrev', 'IND', 'string'),
(129, 'en_US', 'name', 'Indexer', 'string'),
(129, 'id_ID', 'abbrev', '##default.groups.abbrev.indexer##', 'string'),
(129, 'id_ID', 'name', '##default.groups.name.indexer##', 'string'),
(130, '', 'abbrevLocaleKey', 'default.groups.abbrev.layoutEditor', 'string'),
(130, '', 'nameLocaleKey', 'default.groups.name.layoutEditor', 'string'),
(130, 'en_US', 'abbrev', 'LE', 'string'),
(130, 'en_US', 'name', 'Layout Editor', 'string'),
(130, 'id_ID', 'abbrev', '##default.groups.abbrev.layoutEditor##', 'string'),
(130, 'id_ID', 'name', '##default.groups.name.layoutEditor##', 'string'),
(131, '', 'abbrevLocaleKey', 'default.groups.abbrev.marketing', 'string'),
(131, '', 'nameLocaleKey', 'default.groups.name.marketing', 'string'),
(131, 'en_US', 'abbrev', 'MS', 'string'),
(131, 'en_US', 'name', 'Marketing and sales coordinator', 'string'),
(131, 'id_ID', 'abbrev', '##default.groups.abbrev.marketing##', 'string'),
(131, 'id_ID', 'name', '##default.groups.name.marketing##', 'string'),
(132, '', 'abbrevLocaleKey', 'default.groups.abbrev.proofreader', 'string'),
(132, '', 'nameLocaleKey', 'default.groups.name.proofreader', 'string'),
(132, 'en_US', 'abbrev', 'PR', 'string'),
(132, 'en_US', 'name', 'Proofreader', 'string'),
(132, 'id_ID', 'abbrev', '##default.groups.abbrev.proofreader##', 'string'),
(132, 'id_ID', 'name', '##default.groups.name.proofreader##', 'string'),
(133, '', 'abbrevLocaleKey', 'default.groups.abbrev.author', 'string'),
(133, '', 'nameLocaleKey', 'default.groups.name.author', 'string'),
(133, 'en_US', 'abbrev', 'AU', 'string'),
(133, 'en_US', 'name', 'Author', 'string'),
(133, 'id_ID', 'abbrev', '##default.groups.abbrev.author##', 'string'),
(133, 'id_ID', 'name', '##default.groups.name.author##', 'string'),
(134, '', 'abbrevLocaleKey', 'default.groups.abbrev.translator', 'string'),
(134, '', 'nameLocaleKey', 'default.groups.name.translator', 'string'),
(134, 'en_US', 'abbrev', 'Trans', 'string'),
(134, 'en_US', 'name', 'Translator', 'string'),
(134, 'id_ID', 'abbrev', '##default.groups.abbrev.translator##', 'string'),
(134, 'id_ID', 'name', '##default.groups.name.translator##', 'string'),
(135, '', 'abbrevLocaleKey', 'default.groups.abbrev.externalReviewer', 'string'),
(135, '', 'nameLocaleKey', 'default.groups.name.externalReviewer', 'string'),
(135, 'en_US', 'abbrev', 'R', 'string'),
(135, 'en_US', 'name', 'Reviewer', 'string'),
(135, 'id_ID', 'abbrev', 'R', 'string'),
(135, 'id_ID', 'name', 'Reviewer', 'string'),
(136, '', 'abbrevLocaleKey', 'default.groups.abbrev.reader', 'string'),
(136, '', 'nameLocaleKey', 'default.groups.name.reader', 'string'),
(136, 'en_US', 'abbrev', 'Read', 'string'),
(136, 'en_US', 'name', 'Reader', 'string'),
(136, 'id_ID', 'abbrev', '##default.groups.abbrev.reader##', 'string'),
(136, 'id_ID', 'name', '##default.groups.name.reader##', 'string'),
(137, '', 'abbrevLocaleKey', 'default.groups.abbrev.subscriptionManager', 'string'),
(137, '', 'nameLocaleKey', 'default.groups.name.subscriptionManager', 'string'),
(137, 'en_US', 'abbrev', 'SubM', 'string'),
(137, 'en_US', 'name', 'Subscription Manager', 'string'),
(137, 'id_ID', 'abbrev', 'SubM', 'string'),
(137, 'id_ID', 'name', 'Manajer Langganan', 'string'),
(138, '', 'abbrevLocaleKey', 'default.groups.abbrev.manager', 'string'),
(138, '', 'nameLocaleKey', 'default.groups.name.manager', 'string'),
(138, 'en_US', 'abbrev', 'JM', 'string'),
(138, 'en_US', 'name', 'Journal manager', 'string'),
(138, 'id_ID', 'abbrev', 'JM', 'string'),
(138, 'id_ID', 'name', 'Manajer Jurnal', 'string'),
(139, '', 'abbrevLocaleKey', 'default.groups.abbrev.editor', 'string'),
(139, '', 'nameLocaleKey', 'default.groups.name.editor', 'string'),
(139, 'en_US', 'abbrev', 'JE', 'string'),
(139, 'en_US', 'name', 'Journal editor', 'string'),
(139, 'id_ID', 'abbrev', 'JE', 'string'),
(139, 'id_ID', 'name', 'Editor Jurnal', 'string'),
(140, '', 'abbrevLocaleKey', 'default.groups.abbrev.productionEditor', 'string'),
(140, '', 'nameLocaleKey', 'default.groups.name.productionEditor', 'string'),
(140, 'en_US', 'abbrev', 'ProdE', 'string'),
(140, 'en_US', 'name', 'Production editor', 'string'),
(140, 'id_ID', 'abbrev', '##default.groups.abbrev.productionEditor##', 'string'),
(140, 'id_ID', 'name', '##default.groups.name.productionEditor##', 'string'),
(141, '', 'abbrevLocaleKey', 'default.groups.abbrev.sectionEditor', 'string'),
(141, '', 'nameLocaleKey', 'default.groups.name.sectionEditor', 'string'),
(141, 'en_US', 'abbrev', 'SecE', 'string'),
(141, 'en_US', 'name', 'Section editor', 'string'),
(141, 'id_ID', 'abbrev', 'SecE', 'string'),
(141, 'id_ID', 'name', 'Editor Bagian', 'string'),
(142, '', 'abbrevLocaleKey', 'default.groups.abbrev.guestEditor', 'string'),
(142, '', 'nameLocaleKey', 'default.groups.name.guestEditor', 'string'),
(142, 'en_US', 'abbrev', 'GE', 'string'),
(142, 'en_US', 'name', 'Guest editor', 'string'),
(142, 'id_ID', 'abbrev', 'GE', 'string'),
(142, 'id_ID', 'name', 'Editor Tamu', 'string');
INSERT INTO `user_group_settings` (`user_group_id`, `locale`, `setting_name`, `setting_value`, `setting_type`) VALUES
(143, '', 'abbrevLocaleKey', 'default.groups.abbrev.copyeditor', 'string'),
(143, '', 'nameLocaleKey', 'default.groups.name.copyeditor', 'string'),
(143, 'en_US', 'abbrev', 'CE', 'string'),
(143, 'en_US', 'name', 'Copyeditor', 'string'),
(143, 'id_ID', 'abbrev', '##default.groups.abbrev.copyeditor##', 'string'),
(143, 'id_ID', 'name', '##default.groups.name.copyeditor##', 'string'),
(144, '', 'abbrevLocaleKey', 'default.groups.abbrev.designer', 'string'),
(144, '', 'nameLocaleKey', 'default.groups.name.designer', 'string'),
(144, 'en_US', 'abbrev', 'Design', 'string'),
(144, 'en_US', 'name', 'Designer', 'string'),
(144, 'id_ID', 'abbrev', '##default.groups.abbrev.designer##', 'string'),
(144, 'id_ID', 'name', '##default.groups.name.designer##', 'string'),
(145, '', 'abbrevLocaleKey', 'default.groups.abbrev.funding', 'string'),
(145, '', 'nameLocaleKey', 'default.groups.name.funding', 'string'),
(145, 'en_US', 'abbrev', 'FC', 'string'),
(145, 'en_US', 'name', 'Funding coordinator', 'string'),
(145, 'id_ID', 'abbrev', '##default.groups.abbrev.funding##', 'string'),
(145, 'id_ID', 'name', '##default.groups.name.funding##', 'string'),
(146, '', 'abbrevLocaleKey', 'default.groups.abbrev.indexer', 'string'),
(146, '', 'nameLocaleKey', 'default.groups.name.indexer', 'string'),
(146, 'en_US', 'abbrev', 'IND', 'string'),
(146, 'en_US', 'name', 'Indexer', 'string'),
(146, 'id_ID', 'abbrev', '##default.groups.abbrev.indexer##', 'string'),
(146, 'id_ID', 'name', '##default.groups.name.indexer##', 'string'),
(147, '', 'abbrevLocaleKey', 'default.groups.abbrev.layoutEditor', 'string'),
(147, '', 'nameLocaleKey', 'default.groups.name.layoutEditor', 'string'),
(147, 'en_US', 'abbrev', 'LE', 'string'),
(147, 'en_US', 'name', 'Layout Editor', 'string'),
(147, 'id_ID', 'abbrev', '##default.groups.abbrev.layoutEditor##', 'string'),
(147, 'id_ID', 'name', '##default.groups.name.layoutEditor##', 'string'),
(148, '', 'abbrevLocaleKey', 'default.groups.abbrev.marketing', 'string'),
(148, '', 'nameLocaleKey', 'default.groups.name.marketing', 'string'),
(148, 'en_US', 'abbrev', 'MS', 'string'),
(148, 'en_US', 'name', 'Marketing and sales coordinator', 'string'),
(148, 'id_ID', 'abbrev', '##default.groups.abbrev.marketing##', 'string'),
(148, 'id_ID', 'name', '##default.groups.name.marketing##', 'string'),
(149, '', 'abbrevLocaleKey', 'default.groups.abbrev.proofreader', 'string'),
(149, '', 'nameLocaleKey', 'default.groups.name.proofreader', 'string'),
(149, 'en_US', 'abbrev', 'PR', 'string'),
(149, 'en_US', 'name', 'Proofreader', 'string'),
(149, 'id_ID', 'abbrev', '##default.groups.abbrev.proofreader##', 'string'),
(149, 'id_ID', 'name', '##default.groups.name.proofreader##', 'string'),
(150, '', 'abbrevLocaleKey', 'default.groups.abbrev.author', 'string'),
(150, '', 'nameLocaleKey', 'default.groups.name.author', 'string'),
(150, 'en_US', 'abbrev', 'AU', 'string'),
(150, 'en_US', 'name', 'Author', 'string'),
(150, 'id_ID', 'abbrev', '##default.groups.abbrev.author##', 'string'),
(150, 'id_ID', 'name', '##default.groups.name.author##', 'string'),
(151, '', 'abbrevLocaleKey', 'default.groups.abbrev.translator', 'string'),
(151, '', 'nameLocaleKey', 'default.groups.name.translator', 'string'),
(151, 'en_US', 'abbrev', 'Trans', 'string'),
(151, 'en_US', 'name', 'Translator', 'string'),
(151, 'id_ID', 'abbrev', '##default.groups.abbrev.translator##', 'string'),
(151, 'id_ID', 'name', '##default.groups.name.translator##', 'string'),
(152, '', 'abbrevLocaleKey', 'default.groups.abbrev.externalReviewer', 'string'),
(152, '', 'nameLocaleKey', 'default.groups.name.externalReviewer', 'string'),
(152, 'en_US', 'abbrev', 'R', 'string'),
(152, 'en_US', 'name', 'Reviewer', 'string'),
(152, 'id_ID', 'abbrev', 'R', 'string'),
(152, 'id_ID', 'name', 'Reviewer', 'string'),
(153, '', 'abbrevLocaleKey', 'default.groups.abbrev.reader', 'string'),
(153, '', 'nameLocaleKey', 'default.groups.name.reader', 'string'),
(153, 'en_US', 'abbrev', 'Read', 'string'),
(153, 'en_US', 'name', 'Reader', 'string'),
(153, 'id_ID', 'abbrev', '##default.groups.abbrev.reader##', 'string'),
(153, 'id_ID', 'name', '##default.groups.name.reader##', 'string'),
(154, '', 'abbrevLocaleKey', 'default.groups.abbrev.subscriptionManager', 'string'),
(154, '', 'nameLocaleKey', 'default.groups.name.subscriptionManager', 'string'),
(154, 'en_US', 'abbrev', 'SubM', 'string'),
(154, 'en_US', 'name', 'Subscription Manager', 'string'),
(154, 'id_ID', 'abbrev', 'SubM', 'string'),
(154, 'id_ID', 'name', 'Manajer Langganan', 'string'),
(155, '', 'abbrevLocaleKey', 'default.groups.abbrev.manager', 'string'),
(155, '', 'nameLocaleKey', 'default.groups.name.manager', 'string'),
(155, 'en_US', 'abbrev', 'JM', 'string'),
(155, 'en_US', 'name', 'Journal manager', 'string'),
(155, 'id_ID', 'abbrev', 'JM', 'string'),
(155, 'id_ID', 'name', 'Manajer Jurnal', 'string'),
(156, '', 'abbrevLocaleKey', 'default.groups.abbrev.editor', 'string'),
(156, '', 'nameLocaleKey', 'default.groups.name.editor', 'string'),
(156, 'en_US', 'abbrev', 'JE', 'string'),
(156, 'en_US', 'name', 'Journal editor', 'string'),
(156, 'id_ID', 'abbrev', 'JE', 'string'),
(156, 'id_ID', 'name', 'Editor Jurnal', 'string'),
(157, '', 'abbrevLocaleKey', 'default.groups.abbrev.productionEditor', 'string'),
(157, '', 'nameLocaleKey', 'default.groups.name.productionEditor', 'string'),
(157, 'en_US', 'abbrev', 'ProdE', 'string'),
(157, 'en_US', 'name', 'Production editor', 'string'),
(157, 'id_ID', 'abbrev', '##default.groups.abbrev.productionEditor##', 'string'),
(157, 'id_ID', 'name', '##default.groups.name.productionEditor##', 'string'),
(158, '', 'abbrevLocaleKey', 'default.groups.abbrev.sectionEditor', 'string'),
(158, '', 'nameLocaleKey', 'default.groups.name.sectionEditor', 'string'),
(158, 'en_US', 'abbrev', 'SecE', 'string'),
(158, 'en_US', 'name', 'Section editor', 'string'),
(158, 'id_ID', 'abbrev', 'SecE', 'string'),
(158, 'id_ID', 'name', 'Editor Bagian', 'string'),
(159, '', 'abbrevLocaleKey', 'default.groups.abbrev.guestEditor', 'string'),
(159, '', 'nameLocaleKey', 'default.groups.name.guestEditor', 'string'),
(159, 'en_US', 'abbrev', 'GE', 'string'),
(159, 'en_US', 'name', 'Guest editor', 'string'),
(159, 'id_ID', 'abbrev', 'GE', 'string'),
(159, 'id_ID', 'name', 'Editor Tamu', 'string'),
(160, '', 'abbrevLocaleKey', 'default.groups.abbrev.copyeditor', 'string'),
(160, '', 'nameLocaleKey', 'default.groups.name.copyeditor', 'string'),
(160, 'en_US', 'abbrev', 'CE', 'string'),
(160, 'en_US', 'name', 'Copyeditor', 'string'),
(160, 'id_ID', 'abbrev', '##default.groups.abbrev.copyeditor##', 'string'),
(160, 'id_ID', 'name', '##default.groups.name.copyeditor##', 'string'),
(161, '', 'abbrevLocaleKey', 'default.groups.abbrev.designer', 'string'),
(161, '', 'nameLocaleKey', 'default.groups.name.designer', 'string'),
(161, 'en_US', 'abbrev', 'Design', 'string'),
(161, 'en_US', 'name', 'Designer', 'string'),
(161, 'id_ID', 'abbrev', '##default.groups.abbrev.designer##', 'string'),
(161, 'id_ID', 'name', '##default.groups.name.designer##', 'string'),
(162, '', 'abbrevLocaleKey', 'default.groups.abbrev.funding', 'string'),
(162, '', 'nameLocaleKey', 'default.groups.name.funding', 'string'),
(162, 'en_US', 'abbrev', 'FC', 'string'),
(162, 'en_US', 'name', 'Funding coordinator', 'string'),
(162, 'id_ID', 'abbrev', '##default.groups.abbrev.funding##', 'string'),
(162, 'id_ID', 'name', '##default.groups.name.funding##', 'string'),
(163, '', 'abbrevLocaleKey', 'default.groups.abbrev.indexer', 'string'),
(163, '', 'nameLocaleKey', 'default.groups.name.indexer', 'string'),
(163, 'en_US', 'abbrev', 'IND', 'string'),
(163, 'en_US', 'name', 'Indexer', 'string'),
(163, 'id_ID', 'abbrev', '##default.groups.abbrev.indexer##', 'string'),
(163, 'id_ID', 'name', '##default.groups.name.indexer##', 'string'),
(164, '', 'abbrevLocaleKey', 'default.groups.abbrev.layoutEditor', 'string'),
(164, '', 'nameLocaleKey', 'default.groups.name.layoutEditor', 'string'),
(164, 'en_US', 'abbrev', 'LE', 'string'),
(164, 'en_US', 'name', 'Layout Editor', 'string'),
(164, 'id_ID', 'abbrev', '##default.groups.abbrev.layoutEditor##', 'string'),
(164, 'id_ID', 'name', '##default.groups.name.layoutEditor##', 'string'),
(165, '', 'abbrevLocaleKey', 'default.groups.abbrev.marketing', 'string'),
(165, '', 'nameLocaleKey', 'default.groups.name.marketing', 'string'),
(165, 'en_US', 'abbrev', 'MS', 'string'),
(165, 'en_US', 'name', 'Marketing and sales coordinator', 'string'),
(165, 'id_ID', 'abbrev', '##default.groups.abbrev.marketing##', 'string'),
(165, 'id_ID', 'name', '##default.groups.name.marketing##', 'string'),
(166, '', 'abbrevLocaleKey', 'default.groups.abbrev.proofreader', 'string'),
(166, '', 'nameLocaleKey', 'default.groups.name.proofreader', 'string'),
(166, 'en_US', 'abbrev', 'PR', 'string'),
(166, 'en_US', 'name', 'Proofreader', 'string'),
(166, 'id_ID', 'abbrev', '##default.groups.abbrev.proofreader##', 'string'),
(166, 'id_ID', 'name', '##default.groups.name.proofreader##', 'string'),
(167, '', 'abbrevLocaleKey', 'default.groups.abbrev.author', 'string'),
(167, '', 'nameLocaleKey', 'default.groups.name.author', 'string'),
(167, 'en_US', 'abbrev', 'AU', 'string'),
(167, 'en_US', 'name', 'Author', 'string'),
(167, 'id_ID', 'abbrev', '##default.groups.abbrev.author##', 'string'),
(167, 'id_ID', 'name', '##default.groups.name.author##', 'string'),
(168, '', 'abbrevLocaleKey', 'default.groups.abbrev.translator', 'string'),
(168, '', 'nameLocaleKey', 'default.groups.name.translator', 'string'),
(168, 'en_US', 'abbrev', 'Trans', 'string'),
(168, 'en_US', 'name', 'Translator', 'string'),
(168, 'id_ID', 'abbrev', '##default.groups.abbrev.translator##', 'string'),
(168, 'id_ID', 'name', '##default.groups.name.translator##', 'string'),
(169, '', 'abbrevLocaleKey', 'default.groups.abbrev.externalReviewer', 'string'),
(169, '', 'nameLocaleKey', 'default.groups.name.externalReviewer', 'string'),
(169, 'en_US', 'abbrev', 'R', 'string'),
(169, 'en_US', 'name', 'Reviewer', 'string'),
(169, 'id_ID', 'abbrev', 'R', 'string'),
(169, 'id_ID', 'name', 'Reviewer', 'string'),
(170, '', 'abbrevLocaleKey', 'default.groups.abbrev.reader', 'string'),
(170, '', 'nameLocaleKey', 'default.groups.name.reader', 'string'),
(170, 'en_US', 'abbrev', 'Read', 'string'),
(170, 'en_US', 'name', 'Reader', 'string'),
(170, 'id_ID', 'abbrev', '##default.groups.abbrev.reader##', 'string'),
(170, 'id_ID', 'name', '##default.groups.name.reader##', 'string'),
(171, '', 'abbrevLocaleKey', 'default.groups.abbrev.subscriptionManager', 'string'),
(171, '', 'nameLocaleKey', 'default.groups.name.subscriptionManager', 'string'),
(171, 'en_US', 'abbrev', 'SubM', 'string'),
(171, 'en_US', 'name', 'Subscription Manager', 'string'),
(171, 'id_ID', 'abbrev', 'SubM', 'string'),
(171, 'id_ID', 'name', 'Manajer Langganan', 'string'),
(172, '', 'abbrevLocaleKey', 'default.groups.abbrev.manager', 'string'),
(172, '', 'nameLocaleKey', 'default.groups.name.manager', 'string'),
(172, 'en_US', 'abbrev', 'JM', 'string'),
(172, 'en_US', 'name', 'Journal manager', 'string'),
(172, 'id_ID', 'abbrev', 'JM', 'string'),
(172, 'id_ID', 'name', 'Manajer Jurnal', 'string'),
(173, '', 'abbrevLocaleKey', 'default.groups.abbrev.editor', 'string'),
(173, '', 'nameLocaleKey', 'default.groups.name.editor', 'string'),
(173, 'en_US', 'abbrev', 'JE', 'string'),
(173, 'en_US', 'name', 'Journal editor', 'string'),
(173, 'id_ID', 'abbrev', 'JE', 'string'),
(173, 'id_ID', 'name', 'Editor Jurnal', 'string'),
(174, '', 'abbrevLocaleKey', 'default.groups.abbrev.productionEditor', 'string'),
(174, '', 'nameLocaleKey', 'default.groups.name.productionEditor', 'string'),
(174, 'en_US', 'abbrev', 'ProdE', 'string'),
(174, 'en_US', 'name', 'Production editor', 'string'),
(174, 'id_ID', 'abbrev', '##default.groups.abbrev.productionEditor##', 'string'),
(174, 'id_ID', 'name', '##default.groups.name.productionEditor##', 'string'),
(175, '', 'abbrevLocaleKey', 'default.groups.abbrev.sectionEditor', 'string'),
(175, '', 'nameLocaleKey', 'default.groups.name.sectionEditor', 'string'),
(175, 'en_US', 'abbrev', 'SecE', 'string'),
(175, 'en_US', 'name', 'Section editor', 'string'),
(175, 'id_ID', 'abbrev', 'SecE', 'string'),
(175, 'id_ID', 'name', 'Editor Bagian', 'string'),
(176, '', 'abbrevLocaleKey', 'default.groups.abbrev.guestEditor', 'string'),
(176, '', 'nameLocaleKey', 'default.groups.name.guestEditor', 'string'),
(176, 'en_US', 'abbrev', 'GE', 'string'),
(176, 'en_US', 'name', 'Guest editor', 'string'),
(176, 'id_ID', 'abbrev', 'GE', 'string'),
(176, 'id_ID', 'name', 'Editor Tamu', 'string'),
(177, '', 'abbrevLocaleKey', 'default.groups.abbrev.copyeditor', 'string'),
(177, '', 'nameLocaleKey', 'default.groups.name.copyeditor', 'string'),
(177, 'en_US', 'abbrev', 'CE', 'string'),
(177, 'en_US', 'name', 'Copyeditor', 'string'),
(177, 'id_ID', 'abbrev', '##default.groups.abbrev.copyeditor##', 'string'),
(177, 'id_ID', 'name', '##default.groups.name.copyeditor##', 'string'),
(178, '', 'abbrevLocaleKey', 'default.groups.abbrev.designer', 'string'),
(178, '', 'nameLocaleKey', 'default.groups.name.designer', 'string'),
(178, 'en_US', 'abbrev', 'Design', 'string'),
(178, 'en_US', 'name', 'Designer', 'string'),
(178, 'id_ID', 'abbrev', '##default.groups.abbrev.designer##', 'string'),
(178, 'id_ID', 'name', '##default.groups.name.designer##', 'string'),
(179, '', 'abbrevLocaleKey', 'default.groups.abbrev.funding', 'string'),
(179, '', 'nameLocaleKey', 'default.groups.name.funding', 'string'),
(179, 'en_US', 'abbrev', 'FC', 'string'),
(179, 'en_US', 'name', 'Funding coordinator', 'string'),
(179, 'id_ID', 'abbrev', '##default.groups.abbrev.funding##', 'string'),
(179, 'id_ID', 'name', '##default.groups.name.funding##', 'string'),
(180, '', 'abbrevLocaleKey', 'default.groups.abbrev.indexer', 'string'),
(180, '', 'nameLocaleKey', 'default.groups.name.indexer', 'string'),
(180, 'en_US', 'abbrev', 'IND', 'string'),
(180, 'en_US', 'name', 'Indexer', 'string'),
(180, 'id_ID', 'abbrev', '##default.groups.abbrev.indexer##', 'string'),
(180, 'id_ID', 'name', '##default.groups.name.indexer##', 'string'),
(181, '', 'abbrevLocaleKey', 'default.groups.abbrev.layoutEditor', 'string'),
(181, '', 'nameLocaleKey', 'default.groups.name.layoutEditor', 'string'),
(181, 'en_US', 'abbrev', 'LE', 'string'),
(181, 'en_US', 'name', 'Layout Editor', 'string'),
(181, 'id_ID', 'abbrev', '##default.groups.abbrev.layoutEditor##', 'string'),
(181, 'id_ID', 'name', '##default.groups.name.layoutEditor##', 'string'),
(182, '', 'abbrevLocaleKey', 'default.groups.abbrev.marketing', 'string'),
(182, '', 'nameLocaleKey', 'default.groups.name.marketing', 'string'),
(182, 'en_US', 'abbrev', 'MS', 'string'),
(182, 'en_US', 'name', 'Marketing and sales coordinator', 'string'),
(182, 'id_ID', 'abbrev', '##default.groups.abbrev.marketing##', 'string'),
(182, 'id_ID', 'name', '##default.groups.name.marketing##', 'string'),
(183, '', 'abbrevLocaleKey', 'default.groups.abbrev.proofreader', 'string'),
(183, '', 'nameLocaleKey', 'default.groups.name.proofreader', 'string'),
(183, 'en_US', 'abbrev', 'PR', 'string'),
(183, 'en_US', 'name', 'Proofreader', 'string'),
(183, 'id_ID', 'abbrev', '##default.groups.abbrev.proofreader##', 'string'),
(183, 'id_ID', 'name', '##default.groups.name.proofreader##', 'string'),
(184, '', 'abbrevLocaleKey', 'default.groups.abbrev.author', 'string'),
(184, '', 'nameLocaleKey', 'default.groups.name.author', 'string'),
(184, 'en_US', 'abbrev', 'AU', 'string'),
(184, 'en_US', 'name', 'Author', 'string'),
(184, 'id_ID', 'abbrev', '##default.groups.abbrev.author##', 'string'),
(184, 'id_ID', 'name', '##default.groups.name.author##', 'string'),
(185, '', 'abbrevLocaleKey', 'default.groups.abbrev.translator', 'string'),
(185, '', 'nameLocaleKey', 'default.groups.name.translator', 'string'),
(185, 'en_US', 'abbrev', 'Trans', 'string'),
(185, 'en_US', 'name', 'Translator', 'string'),
(185, 'id_ID', 'abbrev', '##default.groups.abbrev.translator##', 'string'),
(185, 'id_ID', 'name', '##default.groups.name.translator##', 'string'),
(186, '', 'abbrevLocaleKey', 'default.groups.abbrev.externalReviewer', 'string'),
(186, '', 'nameLocaleKey', 'default.groups.name.externalReviewer', 'string'),
(186, 'en_US', 'abbrev', 'R', 'string'),
(186, 'en_US', 'name', 'Reviewer', 'string'),
(186, 'id_ID', 'abbrev', 'R', 'string'),
(186, 'id_ID', 'name', 'Reviewer', 'string'),
(187, '', 'abbrevLocaleKey', 'default.groups.abbrev.reader', 'string'),
(187, '', 'nameLocaleKey', 'default.groups.name.reader', 'string'),
(187, 'en_US', 'abbrev', 'Read', 'string'),
(187, 'en_US', 'name', 'Reader', 'string'),
(187, 'id_ID', 'abbrev', '##default.groups.abbrev.reader##', 'string'),
(187, 'id_ID', 'name', '##default.groups.name.reader##', 'string'),
(188, '', 'abbrevLocaleKey', 'default.groups.abbrev.subscriptionManager', 'string'),
(188, '', 'nameLocaleKey', 'default.groups.name.subscriptionManager', 'string'),
(188, 'en_US', 'abbrev', 'SubM', 'string'),
(188, 'en_US', 'name', 'Subscription Manager', 'string'),
(188, 'id_ID', 'abbrev', 'SubM', 'string'),
(188, 'id_ID', 'name', 'Manajer Langganan', 'string'),
(189, '', 'abbrevLocaleKey', 'default.groups.abbrev.manager', 'string'),
(189, '', 'nameLocaleKey', 'default.groups.name.manager', 'string'),
(189, 'en_US', 'abbrev', 'JM', 'string'),
(189, 'en_US', 'name', 'Journal manager', 'string'),
(189, 'id_ID', 'abbrev', 'JM', 'string'),
(189, 'id_ID', 'name', 'Manajer Jurnal', 'string'),
(190, '', 'abbrevLocaleKey', 'default.groups.abbrev.editor', 'string'),
(190, '', 'nameLocaleKey', 'default.groups.name.editor', 'string'),
(190, 'en_US', 'abbrev', 'JE', 'string'),
(190, 'en_US', 'name', 'Journal editor', 'string'),
(190, 'id_ID', 'abbrev', 'JE', 'string'),
(190, 'id_ID', 'name', 'Editor Jurnal', 'string'),
(191, '', 'abbrevLocaleKey', 'default.groups.abbrev.productionEditor', 'string'),
(191, '', 'nameLocaleKey', 'default.groups.name.productionEditor', 'string'),
(191, 'en_US', 'abbrev', 'ProdE', 'string'),
(191, 'en_US', 'name', 'Production editor', 'string'),
(191, 'id_ID', 'abbrev', '##default.groups.abbrev.productionEditor##', 'string'),
(191, 'id_ID', 'name', '##default.groups.name.productionEditor##', 'string'),
(192, '', 'abbrevLocaleKey', 'default.groups.abbrev.sectionEditor', 'string'),
(192, '', 'nameLocaleKey', 'default.groups.name.sectionEditor', 'string'),
(192, 'en_US', 'abbrev', 'SecE', 'string'),
(192, 'en_US', 'name', 'Section editor', 'string'),
(192, 'id_ID', 'abbrev', 'SecE', 'string'),
(192, 'id_ID', 'name', 'Editor Bagian', 'string'),
(193, '', 'abbrevLocaleKey', 'default.groups.abbrev.guestEditor', 'string'),
(193, '', 'nameLocaleKey', 'default.groups.name.guestEditor', 'string'),
(193, 'en_US', 'abbrev', 'GE', 'string'),
(193, 'en_US', 'name', 'Guest editor', 'string'),
(193, 'id_ID', 'abbrev', 'GE', 'string'),
(193, 'id_ID', 'name', 'Editor Tamu', 'string'),
(194, '', 'abbrevLocaleKey', 'default.groups.abbrev.copyeditor', 'string'),
(194, '', 'nameLocaleKey', 'default.groups.name.copyeditor', 'string'),
(194, 'en_US', 'abbrev', 'CE', 'string'),
(194, 'en_US', 'name', 'Copyeditor', 'string'),
(194, 'id_ID', 'abbrev', '##default.groups.abbrev.copyeditor##', 'string'),
(194, 'id_ID', 'name', '##default.groups.name.copyeditor##', 'string'),
(195, '', 'abbrevLocaleKey', 'default.groups.abbrev.designer', 'string'),
(195, '', 'nameLocaleKey', 'default.groups.name.designer', 'string'),
(195, 'en_US', 'abbrev', 'Design', 'string'),
(195, 'en_US', 'name', 'Designer', 'string'),
(195, 'id_ID', 'abbrev', '##default.groups.abbrev.designer##', 'string'),
(195, 'id_ID', 'name', '##default.groups.name.designer##', 'string'),
(196, '', 'abbrevLocaleKey', 'default.groups.abbrev.funding', 'string'),
(196, '', 'nameLocaleKey', 'default.groups.name.funding', 'string'),
(196, 'en_US', 'abbrev', 'FC', 'string'),
(196, 'en_US', 'name', 'Funding coordinator', 'string'),
(196, 'id_ID', 'abbrev', '##default.groups.abbrev.funding##', 'string'),
(196, 'id_ID', 'name', '##default.groups.name.funding##', 'string'),
(197, '', 'abbrevLocaleKey', 'default.groups.abbrev.indexer', 'string'),
(197, '', 'nameLocaleKey', 'default.groups.name.indexer', 'string'),
(197, 'en_US', 'abbrev', 'IND', 'string'),
(197, 'en_US', 'name', 'Indexer', 'string'),
(197, 'id_ID', 'abbrev', '##default.groups.abbrev.indexer##', 'string'),
(197, 'id_ID', 'name', '##default.groups.name.indexer##', 'string'),
(198, '', 'abbrevLocaleKey', 'default.groups.abbrev.layoutEditor', 'string'),
(198, '', 'nameLocaleKey', 'default.groups.name.layoutEditor', 'string'),
(198, 'en_US', 'abbrev', 'LE', 'string'),
(198, 'en_US', 'name', 'Layout Editor', 'string'),
(198, 'id_ID', 'abbrev', '##default.groups.abbrev.layoutEditor##', 'string'),
(198, 'id_ID', 'name', '##default.groups.name.layoutEditor##', 'string'),
(199, '', 'abbrevLocaleKey', 'default.groups.abbrev.marketing', 'string'),
(199, '', 'nameLocaleKey', 'default.groups.name.marketing', 'string'),
(199, 'en_US', 'abbrev', 'MS', 'string'),
(199, 'en_US', 'name', 'Marketing and sales coordinator', 'string'),
(199, 'id_ID', 'abbrev', '##default.groups.abbrev.marketing##', 'string'),
(199, 'id_ID', 'name', '##default.groups.name.marketing##', 'string'),
(200, '', 'abbrevLocaleKey', 'default.groups.abbrev.proofreader', 'string'),
(200, '', 'nameLocaleKey', 'default.groups.name.proofreader', 'string'),
(200, 'en_US', 'abbrev', 'PR', 'string'),
(200, 'en_US', 'name', 'Proofreader', 'string'),
(200, 'id_ID', 'abbrev', '##default.groups.abbrev.proofreader##', 'string'),
(200, 'id_ID', 'name', '##default.groups.name.proofreader##', 'string'),
(201, '', 'abbrevLocaleKey', 'default.groups.abbrev.author', 'string'),
(201, '', 'nameLocaleKey', 'default.groups.name.author', 'string'),
(201, 'en_US', 'abbrev', 'AU', 'string'),
(201, 'en_US', 'name', 'Author', 'string'),
(201, 'id_ID', 'abbrev', '##default.groups.abbrev.author##', 'string'),
(201, 'id_ID', 'name', '##default.groups.name.author##', 'string'),
(202, '', 'abbrevLocaleKey', 'default.groups.abbrev.translator', 'string'),
(202, '', 'nameLocaleKey', 'default.groups.name.translator', 'string'),
(202, 'en_US', 'abbrev', 'Trans', 'string'),
(202, 'en_US', 'name', 'Translator', 'string'),
(202, 'id_ID', 'abbrev', '##default.groups.abbrev.translator##', 'string'),
(202, 'id_ID', 'name', '##default.groups.name.translator##', 'string'),
(203, '', 'abbrevLocaleKey', 'default.groups.abbrev.externalReviewer', 'string'),
(203, '', 'nameLocaleKey', 'default.groups.name.externalReviewer', 'string'),
(203, 'en_US', 'abbrev', 'R', 'string'),
(203, 'en_US', 'name', 'Reviewer', 'string'),
(203, 'id_ID', 'abbrev', 'R', 'string'),
(203, 'id_ID', 'name', 'Reviewer', 'string'),
(204, '', 'abbrevLocaleKey', 'default.groups.abbrev.reader', 'string'),
(204, '', 'nameLocaleKey', 'default.groups.name.reader', 'string'),
(204, 'en_US', 'abbrev', 'Read', 'string'),
(204, 'en_US', 'name', 'Reader', 'string'),
(204, 'id_ID', 'abbrev', '##default.groups.abbrev.reader##', 'string'),
(204, 'id_ID', 'name', '##default.groups.name.reader##', 'string'),
(205, '', 'abbrevLocaleKey', 'default.groups.abbrev.subscriptionManager', 'string'),
(205, '', 'nameLocaleKey', 'default.groups.name.subscriptionManager', 'string'),
(205, 'en_US', 'abbrev', 'SubM', 'string'),
(205, 'en_US', 'name', 'Subscription Manager', 'string'),
(205, 'id_ID', 'abbrev', 'SubM', 'string'),
(205, 'id_ID', 'name', 'Manajer Langganan', 'string'),
(206, '', 'abbrevLocaleKey', 'default.groups.abbrev.manager', 'string'),
(206, '', 'nameLocaleKey', 'default.groups.name.manager', 'string'),
(206, 'en_US', 'abbrev', 'JM', 'string'),
(206, 'en_US', 'name', 'Journal manager', 'string'),
(206, 'id_ID', 'abbrev', 'JM', 'string'),
(206, 'id_ID', 'name', 'Manajer Jurnal', 'string'),
(207, '', 'abbrevLocaleKey', 'default.groups.abbrev.editor', 'string'),
(207, '', 'nameLocaleKey', 'default.groups.name.editor', 'string'),
(207, 'en_US', 'abbrev', 'JE', 'string'),
(207, 'en_US', 'name', 'Journal editor', 'string'),
(207, 'id_ID', 'abbrev', 'JE', 'string'),
(207, 'id_ID', 'name', 'Editor Jurnal', 'string'),
(208, '', 'abbrevLocaleKey', 'default.groups.abbrev.productionEditor', 'string'),
(208, '', 'nameLocaleKey', 'default.groups.name.productionEditor', 'string'),
(208, 'en_US', 'abbrev', 'ProdE', 'string'),
(208, 'en_US', 'name', 'Production editor', 'string'),
(208, 'id_ID', 'abbrev', '##default.groups.abbrev.productionEditor##', 'string'),
(208, 'id_ID', 'name', '##default.groups.name.productionEditor##', 'string'),
(209, '', 'abbrevLocaleKey', 'default.groups.abbrev.sectionEditor', 'string'),
(209, '', 'nameLocaleKey', 'default.groups.name.sectionEditor', 'string'),
(209, 'en_US', 'abbrev', 'SecE', 'string'),
(209, 'en_US', 'name', 'Section editor', 'string'),
(209, 'id_ID', 'abbrev', 'SecE', 'string'),
(209, 'id_ID', 'name', 'Editor Bagian', 'string'),
(210, '', 'abbrevLocaleKey', 'default.groups.abbrev.guestEditor', 'string'),
(210, '', 'nameLocaleKey', 'default.groups.name.guestEditor', 'string'),
(210, 'en_US', 'abbrev', 'GE', 'string'),
(210, 'en_US', 'name', 'Guest editor', 'string'),
(210, 'id_ID', 'abbrev', 'GE', 'string'),
(210, 'id_ID', 'name', 'Editor Tamu', 'string'),
(211, '', 'abbrevLocaleKey', 'default.groups.abbrev.copyeditor', 'string'),
(211, '', 'nameLocaleKey', 'default.groups.name.copyeditor', 'string'),
(211, 'en_US', 'abbrev', 'CE', 'string'),
(211, 'en_US', 'name', 'Copyeditor', 'string'),
(211, 'id_ID', 'abbrev', '##default.groups.abbrev.copyeditor##', 'string'),
(211, 'id_ID', 'name', '##default.groups.name.copyeditor##', 'string'),
(212, '', 'abbrevLocaleKey', 'default.groups.abbrev.designer', 'string'),
(212, '', 'nameLocaleKey', 'default.groups.name.designer', 'string'),
(212, 'en_US', 'abbrev', 'Design', 'string'),
(212, 'en_US', 'name', 'Designer', 'string'),
(212, 'id_ID', 'abbrev', '##default.groups.abbrev.designer##', 'string'),
(212, 'id_ID', 'name', '##default.groups.name.designer##', 'string'),
(213, '', 'abbrevLocaleKey', 'default.groups.abbrev.funding', 'string'),
(213, '', 'nameLocaleKey', 'default.groups.name.funding', 'string'),
(213, 'en_US', 'abbrev', 'FC', 'string'),
(213, 'en_US', 'name', 'Funding coordinator', 'string'),
(213, 'id_ID', 'abbrev', '##default.groups.abbrev.funding##', 'string'),
(213, 'id_ID', 'name', '##default.groups.name.funding##', 'string'),
(214, '', 'abbrevLocaleKey', 'default.groups.abbrev.indexer', 'string'),
(214, '', 'nameLocaleKey', 'default.groups.name.indexer', 'string'),
(214, 'en_US', 'abbrev', 'IND', 'string'),
(214, 'en_US', 'name', 'Indexer', 'string'),
(214, 'id_ID', 'abbrev', '##default.groups.abbrev.indexer##', 'string'),
(214, 'id_ID', 'name', '##default.groups.name.indexer##', 'string'),
(215, '', 'abbrevLocaleKey', 'default.groups.abbrev.layoutEditor', 'string'),
(215, '', 'nameLocaleKey', 'default.groups.name.layoutEditor', 'string'),
(215, 'en_US', 'abbrev', 'LE', 'string'),
(215, 'en_US', 'name', 'Layout Editor', 'string'),
(215, 'id_ID', 'abbrev', '##default.groups.abbrev.layoutEditor##', 'string'),
(215, 'id_ID', 'name', '##default.groups.name.layoutEditor##', 'string'),
(216, '', 'abbrevLocaleKey', 'default.groups.abbrev.marketing', 'string'),
(216, '', 'nameLocaleKey', 'default.groups.name.marketing', 'string'),
(216, 'en_US', 'abbrev', 'MS', 'string'),
(216, 'en_US', 'name', 'Marketing and sales coordinator', 'string'),
(216, 'id_ID', 'abbrev', '##default.groups.abbrev.marketing##', 'string'),
(216, 'id_ID', 'name', '##default.groups.name.marketing##', 'string'),
(217, '', 'abbrevLocaleKey', 'default.groups.abbrev.proofreader', 'string'),
(217, '', 'nameLocaleKey', 'default.groups.name.proofreader', 'string'),
(217, 'en_US', 'abbrev', 'PR', 'string'),
(217, 'en_US', 'name', 'Proofreader', 'string'),
(217, 'id_ID', 'abbrev', '##default.groups.abbrev.proofreader##', 'string'),
(217, 'id_ID', 'name', '##default.groups.name.proofreader##', 'string'),
(218, '', 'abbrevLocaleKey', 'default.groups.abbrev.author', 'string'),
(218, '', 'nameLocaleKey', 'default.groups.name.author', 'string'),
(218, 'en_US', 'abbrev', 'AU', 'string'),
(218, 'en_US', 'name', 'Author', 'string'),
(218, 'id_ID', 'abbrev', '##default.groups.abbrev.author##', 'string'),
(218, 'id_ID', 'name', '##default.groups.name.author##', 'string'),
(219, '', 'abbrevLocaleKey', 'default.groups.abbrev.translator', 'string'),
(219, '', 'nameLocaleKey', 'default.groups.name.translator', 'string'),
(219, 'en_US', 'abbrev', 'Trans', 'string'),
(219, 'en_US', 'name', 'Translator', 'string'),
(219, 'id_ID', 'abbrev', '##default.groups.abbrev.translator##', 'string'),
(219, 'id_ID', 'name', '##default.groups.name.translator##', 'string'),
(220, '', 'abbrevLocaleKey', 'default.groups.abbrev.externalReviewer', 'string'),
(220, '', 'nameLocaleKey', 'default.groups.name.externalReviewer', 'string'),
(220, 'en_US', 'abbrev', 'R', 'string'),
(220, 'en_US', 'name', 'Reviewer', 'string'),
(220, 'id_ID', 'abbrev', 'R', 'string'),
(220, 'id_ID', 'name', 'Reviewer', 'string'),
(221, '', 'abbrevLocaleKey', 'default.groups.abbrev.reader', 'string'),
(221, '', 'nameLocaleKey', 'default.groups.name.reader', 'string'),
(221, 'en_US', 'abbrev', 'Read', 'string'),
(221, 'en_US', 'name', 'Reader', 'string'),
(221, 'id_ID', 'abbrev', '##default.groups.abbrev.reader##', 'string'),
(221, 'id_ID', 'name', '##default.groups.name.reader##', 'string'),
(222, '', 'abbrevLocaleKey', 'default.groups.abbrev.subscriptionManager', 'string'),
(222, '', 'nameLocaleKey', 'default.groups.name.subscriptionManager', 'string'),
(222, 'en_US', 'abbrev', 'SubM', 'string'),
(222, 'en_US', 'name', 'Subscription Manager', 'string'),
(222, 'id_ID', 'abbrev', 'SubM', 'string'),
(222, 'id_ID', 'name', 'Manajer Langganan', 'string'),
(223, '', 'abbrevLocaleKey', 'default.groups.abbrev.manager', 'string'),
(223, '', 'nameLocaleKey', 'default.groups.name.manager', 'string'),
(223, 'en_US', 'abbrev', 'JM', 'string'),
(223, 'en_US', 'name', 'Journal manager', 'string'),
(223, 'id_ID', 'abbrev', 'JM', 'string'),
(223, 'id_ID', 'name', 'Manajer Jurnal', 'string'),
(224, '', 'abbrevLocaleKey', 'default.groups.abbrev.editor', 'string'),
(224, '', 'nameLocaleKey', 'default.groups.name.editor', 'string'),
(224, 'en_US', 'abbrev', 'JE', 'string'),
(224, 'en_US', 'name', 'Journal editor', 'string'),
(224, 'id_ID', 'abbrev', 'JE', 'string'),
(224, 'id_ID', 'name', 'Editor Jurnal', 'string'),
(225, '', 'abbrevLocaleKey', 'default.groups.abbrev.productionEditor', 'string'),
(225, '', 'nameLocaleKey', 'default.groups.name.productionEditor', 'string'),
(225, 'en_US', 'abbrev', 'ProdE', 'string'),
(225, 'en_US', 'name', 'Production editor', 'string'),
(225, 'id_ID', 'abbrev', '##default.groups.abbrev.productionEditor##', 'string'),
(225, 'id_ID', 'name', '##default.groups.name.productionEditor##', 'string'),
(226, '', 'abbrevLocaleKey', 'default.groups.abbrev.sectionEditor', 'string'),
(226, '', 'nameLocaleKey', 'default.groups.name.sectionEditor', 'string'),
(226, 'en_US', 'abbrev', 'SecE', 'string'),
(226, 'en_US', 'name', 'Section editor', 'string'),
(226, 'id_ID', 'abbrev', 'SecE', 'string'),
(226, 'id_ID', 'name', 'Editor Bagian', 'string'),
(227, '', 'abbrevLocaleKey', 'default.groups.abbrev.guestEditor', 'string'),
(227, '', 'nameLocaleKey', 'default.groups.name.guestEditor', 'string'),
(227, 'en_US', 'abbrev', 'GE', 'string'),
(227, 'en_US', 'name', 'Guest editor', 'string'),
(227, 'id_ID', 'abbrev', 'GE', 'string'),
(227, 'id_ID', 'name', 'Editor Tamu', 'string'),
(228, '', 'abbrevLocaleKey', 'default.groups.abbrev.copyeditor', 'string'),
(228, '', 'nameLocaleKey', 'default.groups.name.copyeditor', 'string'),
(228, 'en_US', 'abbrev', 'CE', 'string'),
(228, 'en_US', 'name', 'Copyeditor', 'string'),
(228, 'id_ID', 'abbrev', '##default.groups.abbrev.copyeditor##', 'string'),
(228, 'id_ID', 'name', '##default.groups.name.copyeditor##', 'string'),
(229, '', 'abbrevLocaleKey', 'default.groups.abbrev.designer', 'string'),
(229, '', 'nameLocaleKey', 'default.groups.name.designer', 'string'),
(229, 'en_US', 'abbrev', 'Design', 'string'),
(229, 'en_US', 'name', 'Designer', 'string'),
(229, 'id_ID', 'abbrev', '##default.groups.abbrev.designer##', 'string'),
(229, 'id_ID', 'name', '##default.groups.name.designer##', 'string'),
(230, '', 'abbrevLocaleKey', 'default.groups.abbrev.funding', 'string'),
(230, '', 'nameLocaleKey', 'default.groups.name.funding', 'string'),
(230, 'en_US', 'abbrev', 'FC', 'string'),
(230, 'en_US', 'name', 'Funding coordinator', 'string'),
(230, 'id_ID', 'abbrev', '##default.groups.abbrev.funding##', 'string'),
(230, 'id_ID', 'name', '##default.groups.name.funding##', 'string'),
(231, '', 'abbrevLocaleKey', 'default.groups.abbrev.indexer', 'string'),
(231, '', 'nameLocaleKey', 'default.groups.name.indexer', 'string'),
(231, 'en_US', 'abbrev', 'IND', 'string'),
(231, 'en_US', 'name', 'Indexer', 'string'),
(231, 'id_ID', 'abbrev', '##default.groups.abbrev.indexer##', 'string'),
(231, 'id_ID', 'name', '##default.groups.name.indexer##', 'string'),
(232, '', 'abbrevLocaleKey', 'default.groups.abbrev.layoutEditor', 'string'),
(232, '', 'nameLocaleKey', 'default.groups.name.layoutEditor', 'string'),
(232, 'en_US', 'abbrev', 'LE', 'string'),
(232, 'en_US', 'name', 'Layout Editor', 'string'),
(232, 'id_ID', 'abbrev', '##default.groups.abbrev.layoutEditor##', 'string'),
(232, 'id_ID', 'name', '##default.groups.name.layoutEditor##', 'string'),
(233, '', 'abbrevLocaleKey', 'default.groups.abbrev.marketing', 'string'),
(233, '', 'nameLocaleKey', 'default.groups.name.marketing', 'string'),
(233, 'en_US', 'abbrev', 'MS', 'string'),
(233, 'en_US', 'name', 'Marketing and sales coordinator', 'string'),
(233, 'id_ID', 'abbrev', '##default.groups.abbrev.marketing##', 'string'),
(233, 'id_ID', 'name', '##default.groups.name.marketing##', 'string'),
(234, '', 'abbrevLocaleKey', 'default.groups.abbrev.proofreader', 'string'),
(234, '', 'nameLocaleKey', 'default.groups.name.proofreader', 'string'),
(234, 'en_US', 'abbrev', 'PR', 'string'),
(234, 'en_US', 'name', 'Proofreader', 'string'),
(234, 'id_ID', 'abbrev', '##default.groups.abbrev.proofreader##', 'string'),
(234, 'id_ID', 'name', '##default.groups.name.proofreader##', 'string'),
(235, '', 'abbrevLocaleKey', 'default.groups.abbrev.author', 'string'),
(235, '', 'nameLocaleKey', 'default.groups.name.author', 'string'),
(235, 'en_US', 'abbrev', 'AU', 'string'),
(235, 'en_US', 'name', 'Author', 'string'),
(235, 'id_ID', 'abbrev', '##default.groups.abbrev.author##', 'string'),
(235, 'id_ID', 'name', '##default.groups.name.author##', 'string'),
(236, '', 'abbrevLocaleKey', 'default.groups.abbrev.translator', 'string'),
(236, '', 'nameLocaleKey', 'default.groups.name.translator', 'string'),
(236, 'en_US', 'abbrev', 'Trans', 'string'),
(236, 'en_US', 'name', 'Translator', 'string'),
(236, 'id_ID', 'abbrev', '##default.groups.abbrev.translator##', 'string'),
(236, 'id_ID', 'name', '##default.groups.name.translator##', 'string'),
(237, '', 'abbrevLocaleKey', 'default.groups.abbrev.externalReviewer', 'string'),
(237, '', 'nameLocaleKey', 'default.groups.name.externalReviewer', 'string'),
(237, 'en_US', 'abbrev', 'R', 'string'),
(237, 'en_US', 'name', 'Reviewer', 'string'),
(237, 'id_ID', 'abbrev', 'R', 'string'),
(237, 'id_ID', 'name', 'Reviewer', 'string'),
(238, '', 'abbrevLocaleKey', 'default.groups.abbrev.reader', 'string'),
(238, '', 'nameLocaleKey', 'default.groups.name.reader', 'string'),
(238, 'en_US', 'abbrev', 'Read', 'string'),
(238, 'en_US', 'name', 'Reader', 'string'),
(238, 'id_ID', 'abbrev', '##default.groups.abbrev.reader##', 'string'),
(238, 'id_ID', 'name', '##default.groups.name.reader##', 'string'),
(239, '', 'abbrevLocaleKey', 'default.groups.abbrev.subscriptionManager', 'string'),
(239, '', 'nameLocaleKey', 'default.groups.name.subscriptionManager', 'string'),
(239, 'en_US', 'abbrev', 'SubM', 'string'),
(239, 'en_US', 'name', 'Subscription Manager', 'string'),
(239, 'id_ID', 'abbrev', 'SubM', 'string'),
(239, 'id_ID', 'name', 'Manajer Langganan', 'string');

-- --------------------------------------------------------

--
-- Struktur dari tabel `user_group_stage`
--

CREATE TABLE `user_group_stage` (
  `context_id` bigint(20) NOT NULL,
  `user_group_id` bigint(20) NOT NULL,
  `stage_id` bigint(20) NOT NULL
) ENGINE=InnoDB DEFAULT CHARSET=utf8;

--
-- Dumping data untuk tabel `user_group_stage`
--

INSERT INTO `user_group_stage` (`context_id`, `user_group_id`, `stage_id`) VALUES
(1, 3, 1),
(1, 3, 3),
(1, 3, 4),
(1, 3, 5),
(1, 4, 4),
(1, 4, 5),
(1, 5, 1),
(1, 5, 3),
(1, 5, 4),
(1, 5, 5),
(1, 6, 1),
(1, 6, 3),
(1, 6, 4),
(1, 6, 5),
(1, 7, 4),
(1, 8, 5),
(1, 9, 1),
(1, 9, 3),
(1, 10, 5),
(1, 11, 5),
(1, 12, 4),
(1, 13, 5),
(1, 14, 1),
(1, 14, 3),
(1, 14, 4),
(1, 14, 5),
(1, 15, 1),
(1, 15, 3),
(1, 15, 4),
(1, 15, 5),
(1, 16, 3),
(2, 20, 1),
(2, 20, 3),
(2, 20, 4),
(2, 20, 5),
(2, 21, 4),
(2, 21, 5),
(2, 22, 1),
(2, 22, 3),
(2, 22, 4),
(2, 22, 5),
(2, 23, 1),
(2, 23, 3),
(2, 23, 4),
(2, 23, 5),
(2, 24, 4),
(2, 25, 5),
(2, 26, 1),
(2, 26, 3),
(2, 27, 5),
(2, 28, 5),
(2, 29, 4),
(2, 30, 5),
(2, 31, 1),
(2, 31, 3),
(2, 31, 4),
(2, 31, 5),
(2, 32, 1),
(2, 32, 3),
(2, 32, 4),
(2, 32, 5),
(2, 33, 3),
(3, 37, 1),
(3, 37, 3),
(3, 37, 4),
(3, 37, 5),
(3, 38, 4),
(3, 38, 5),
(3, 39, 1),
(3, 39, 3),
(3, 39, 4),
(3, 39, 5),
(3, 40, 1),
(3, 40, 3),
(3, 40, 4),
(3, 40, 5),
(3, 41, 4),
(3, 42, 5),
(3, 43, 1),
(3, 43, 3),
(3, 44, 5),
(3, 45, 5),
(3, 46, 4),
(3, 47, 5),
(3, 48, 1),
(3, 48, 3),
(3, 48, 4),
(3, 48, 5),
(3, 49, 1),
(3, 49, 3),
(3, 49, 4),
(3, 49, 5),
(3, 50, 3),
(4, 54, 1),
(4, 54, 3),
(4, 54, 4),
(4, 54, 5),
(4, 55, 4),
(4, 55, 5),
(4, 56, 1),
(4, 56, 3),
(4, 56, 4),
(4, 56, 5),
(4, 57, 1),
(4, 57, 3),
(4, 57, 4),
(4, 57, 5),
(4, 58, 4),
(4, 59, 5),
(4, 60, 1),
(4, 60, 3),
(4, 61, 5),
(4, 62, 5),
(4, 63, 4),
(4, 64, 5),
(4, 65, 1),
(4, 65, 3),
(4, 65, 4),
(4, 65, 5),
(4, 66, 1),
(4, 66, 3),
(4, 66, 4),
(4, 66, 5),
(4, 67, 3),
(5, 71, 1),
(5, 71, 3),
(5, 71, 4),
(5, 71, 5),
(5, 72, 4),
(5, 72, 5),
(5, 73, 1),
(5, 73, 3),
(5, 73, 4),
(5, 73, 5),
(5, 74, 1),
(5, 74, 3),
(5, 74, 4),
(5, 74, 5),
(5, 75, 4),
(5, 76, 5),
(5, 77, 1),
(5, 77, 3),
(5, 78, 5),
(5, 79, 5),
(5, 80, 4),
(5, 81, 5),
(5, 82, 1),
(5, 82, 3),
(5, 82, 4),
(5, 82, 5),
(5, 83, 1),
(5, 83, 3),
(5, 83, 4),
(5, 83, 5),
(5, 84, 3),
(6, 88, 1),
(6, 88, 3),
(6, 88, 4),
(6, 88, 5),
(6, 89, 4),
(6, 89, 5),
(6, 90, 1),
(6, 90, 3),
(6, 90, 4),
(6, 90, 5),
(6, 91, 1),
(6, 91, 3),
(6, 91, 4),
(6, 91, 5),
(6, 92, 4),
(6, 93, 5),
(6, 94, 1),
(6, 94, 3),
(6, 95, 5),
(6, 96, 5),
(6, 97, 4),
(6, 98, 5),
(6, 99, 1),
(6, 99, 3),
(6, 99, 4),
(6, 99, 5),
(6, 100, 1),
(6, 100, 3),
(6, 100, 4),
(6, 100, 5),
(6, 101, 3),
(7, 105, 1),
(7, 105, 3),
(7, 105, 4),
(7, 105, 5),
(7, 106, 4),
(7, 106, 5),
(7, 107, 1),
(7, 107, 3),
(7, 107, 4),
(7, 107, 5),
(7, 108, 1),
(7, 108, 3),
(7, 108, 4),
(7, 108, 5),
(7, 109, 4),
(7, 110, 5),
(7, 111, 1),
(7, 111, 3),
(7, 112, 5),
(7, 113, 5),
(7, 114, 4),
(7, 115, 5),
(7, 116, 1),
(7, 116, 3),
(7, 116, 4),
(7, 116, 5),
(7, 117, 1),
(7, 117, 3),
(7, 117, 4),
(7, 117, 5),
(7, 118, 3),
(8, 122, 1),
(8, 122, 3),
(8, 122, 4),
(8, 122, 5),
(8, 123, 4),
(8, 123, 5),
(8, 124, 1),
(8, 124, 3),
(8, 124, 4),
(8, 124, 5),
(8, 125, 1),
(8, 125, 3),
(8, 125, 4),
(8, 125, 5),
(8, 126, 4),
(8, 127, 5),
(8, 128, 1),
(8, 128, 3),
(8, 129, 5),
(8, 130, 5),
(8, 131, 4),
(8, 132, 5),
(8, 133, 1),
(8, 133, 3),
(8, 133, 4),
(8, 133, 5),
(8, 134, 1),
(8, 134, 3),
(8, 134, 4),
(8, 134, 5),
(8, 135, 3),
(9, 139, 1),
(9, 139, 3),
(9, 139, 4),
(9, 139, 5),
(9, 140, 4),
(9, 140, 5),
(9, 141, 1),
(9, 141, 3),
(9, 141, 4),
(9, 141, 5),
(9, 142, 1),
(9, 142, 3),
(9, 142, 4),
(9, 142, 5),
(9, 143, 4),
(9, 144, 5),
(9, 145, 1),
(9, 145, 3),
(9, 146, 5),
(9, 147, 5),
(9, 148, 4),
(9, 149, 5),
(9, 150, 1),
(9, 150, 3),
(9, 150, 4),
(9, 150, 5),
(9, 151, 1),
(9, 151, 3),
(9, 151, 4),
(9, 151, 5),
(9, 152, 3),
(10, 156, 1),
(10, 156, 3),
(10, 156, 4),
(10, 156, 5),
(10, 157, 4),
(10, 157, 5),
(10, 158, 1),
(10, 158, 3),
(10, 158, 4),
(10, 158, 5),
(10, 159, 1),
(10, 159, 3),
(10, 159, 4),
(10, 159, 5),
(10, 160, 4),
(10, 161, 5),
(10, 162, 1),
(10, 162, 3),
(10, 163, 5),
(10, 164, 5),
(10, 165, 4),
(10, 166, 5),
(10, 167, 1),
(10, 167, 3),
(10, 167, 4),
(10, 167, 5),
(10, 168, 1),
(10, 168, 3),
(10, 168, 4),
(10, 168, 5),
(10, 169, 3),
(11, 173, 1),
(11, 173, 3),
(11, 173, 4),
(11, 173, 5),
(11, 174, 4),
(11, 174, 5),
(11, 175, 1),
(11, 175, 3),
(11, 175, 4),
(11, 175, 5),
(11, 176, 1),
(11, 176, 3),
(11, 176, 4),
(11, 176, 5),
(11, 177, 4),
(11, 178, 5),
(11, 179, 1),
(11, 179, 3),
(11, 180, 5),
(11, 181, 5),
(11, 182, 4),
(11, 183, 5),
(11, 184, 1),
(11, 184, 3),
(11, 184, 4),
(11, 184, 5),
(11, 185, 1),
(11, 185, 3),
(11, 185, 4),
(11, 185, 5),
(11, 186, 3),
(12, 190, 1),
(12, 190, 3),
(12, 190, 4),
(12, 190, 5),
(12, 191, 4),
(12, 191, 5),
(12, 192, 1),
(12, 192, 3),
(12, 192, 4),
(12, 192, 5),
(12, 193, 1),
(12, 193, 3),
(12, 193, 4),
(12, 193, 5),
(12, 194, 4),
(12, 195, 5),
(12, 196, 1),
(12, 196, 3),
(12, 197, 5),
(12, 198, 5),
(12, 199, 4),
(12, 200, 5),
(12, 201, 1),
(12, 201, 3),
(12, 201, 4),
(12, 201, 5),
(12, 202, 1),
(12, 202, 3),
(12, 202, 4),
(12, 202, 5),
(12, 203, 3),
(13, 207, 1),
(13, 207, 3),
(13, 207, 4),
(13, 207, 5),
(13, 208, 4),
(13, 208, 5),
(13, 209, 1),
(13, 209, 3),
(13, 209, 4),
(13, 209, 5),
(13, 210, 1),
(13, 210, 3),
(13, 210, 4),
(13, 210, 5),
(13, 211, 4),
(13, 212, 5),
(13, 213, 1),
(13, 213, 3),
(13, 214, 5),
(13, 215, 5),
(13, 216, 4),
(13, 217, 5),
(13, 218, 1),
(13, 218, 3),
(13, 218, 4),
(13, 218, 5),
(13, 219, 1),
(13, 219, 3),
(13, 219, 4),
(13, 219, 5),
(13, 220, 3),
(14, 224, 1),
(14, 224, 3),
(14, 224, 4),
(14, 224, 5),
(14, 225, 4),
(14, 225, 5),
(14, 226, 1),
(14, 226, 3),
(14, 226, 4),
(14, 226, 5),
(14, 227, 1),
(14, 227, 3),
(14, 227, 4),
(14, 227, 5),
(14, 228, 4),
(14, 229, 5),
(14, 230, 1),
(14, 230, 3),
(14, 231, 5),
(14, 232, 5),
(14, 233, 4),
(14, 234, 5),
(14, 235, 1),
(14, 235, 3),
(14, 235, 4),
(14, 235, 5),
(14, 236, 1),
(14, 236, 3),
(14, 236, 4),
(14, 236, 5),
(14, 237, 3);

-- --------------------------------------------------------

--
-- Struktur dari tabel `user_interests`
--

CREATE TABLE `user_interests` (
  `user_id` bigint(20) NOT NULL,
  `controlled_vocab_entry_id` bigint(20) NOT NULL
) ENGINE=InnoDB DEFAULT CHARSET=utf8;

--
-- Dumping data untuk tabel `user_interests`
--

INSERT INTO `user_interests` (`user_id`, `controlled_vocab_entry_id`) VALUES
(2, 42),
(3, 42);

-- --------------------------------------------------------

--
-- Struktur dari tabel `user_settings`
--

CREATE TABLE `user_settings` (
  `user_id` bigint(20) NOT NULL,
  `locale` varchar(14) NOT NULL DEFAULT '',
  `setting_name` varchar(255) NOT NULL,
  `assoc_type` bigint(20) DEFAULT '0',
  `assoc_id` bigint(20) DEFAULT '0',
  `setting_value` text,
  `setting_type` varchar(6) NOT NULL
) ENGINE=InnoDB DEFAULT CHARSET=utf8;

--
-- Dumping data untuk tabel `user_settings`
--

INSERT INTO `user_settings` (`user_id`, `locale`, `setting_name`, `assoc_type`, `assoc_id`, `setting_value`, `setting_type`) VALUES
(1, 'en_US', 'givenName', 0, 0, 'mimin', 'string'),
(1, 'en_US', 'familyName', 0, 0, 'mimin', 'string'),
(1, 'en_US', 'signature', 0, 0, '', 'string'),
(1, 'id_ID', 'signature', 0, 0, '', 'string'),
(1, 'en_US', 'affiliation', 0, 0, '', 'string'),
(1, 'id_ID', 'affiliation', 0, 0, '', 'string'),
(2, 'en_US', 'biography', 0, 0, '', 'string'),
(2, 'en_US', 'signature', 0, 0, '', 'string'),
(2, 'en_US', 'affiliation', 0, 0, 'Politeknik Negeri Malang', 'string'),
(2, 'en_US', 'givenName', 0, 0, 'Mohammad Faried', 'string'),
(2, 'en_US', 'familyName', 0, 0, '', 'string'),
(2, 'en_US', 'preferredPublicName', 0, 0, 'Mohammad Faried Rahmat', 'string'),
(2, '', 'orcid', 0, 0, '', 'string'),
(3, 'en_US', 'affiliation', 0, 0, 'Politeknik Negeri Malang', 'string'),
(3, 'en_US', 'givenName', 0, 0, 'Mohammad Faried', 'string'),
(3, 'en_US', 'familyName', 0, 0, 'Faried', 'string');

-- --------------------------------------------------------

--
-- Struktur dari tabel `user_user_groups`
--

CREATE TABLE `user_user_groups` (
  `user_group_id` bigint(20) NOT NULL,
  `user_id` bigint(20) NOT NULL
) ENGINE=InnoDB DEFAULT CHARSET=utf8;

--
-- Dumping data untuk tabel `user_user_groups`
--

INSERT INTO `user_user_groups` (`user_group_id`, `user_id`) VALUES
(1, 1),
(2, 1),
(19, 1),
(36, 1),
(53, 1),
(70, 1),
(87, 1),
(104, 1),
(121, 1),
(138, 1),
(155, 1),
(172, 1),
(189, 1),
(189, 2),
(206, 1),
(223, 1),
(235, 3),
(237, 3);

-- --------------------------------------------------------

--
-- Struktur dari tabel `versions`
--

CREATE TABLE `versions` (
  `major` int(11) NOT NULL DEFAULT '0',
  `minor` int(11) NOT NULL DEFAULT '0',
  `revision` int(11) NOT NULL DEFAULT '0',
  `build` int(11) NOT NULL DEFAULT '0',
  `date_installed` datetime NOT NULL,
  `current` tinyint(4) NOT NULL DEFAULT '0',
  `product_type` varchar(30) DEFAULT NULL,
  `product` varchar(30) DEFAULT NULL,
  `product_class_name` varchar(80) DEFAULT NULL,
  `lazy_load` tinyint(4) NOT NULL DEFAULT '0',
  `sitewide` tinyint(4) NOT NULL DEFAULT '0'
) ENGINE=InnoDB DEFAULT CHARSET=utf8;

--
-- Dumping data untuk tabel `versions`
--

INSERT INTO `versions` (`major`, `minor`, `revision`, `build`, `date_installed`, `current`, `product_type`, `product`, `product_class_name`, `lazy_load`, `sitewide`) VALUES
(1, 0, 0, 0, '2020-06-04 16:38:19', 1, 'plugins.metadata', 'dc11', '', 0, 0),
(1, 0, 0, 0, '2020-06-04 16:38:19', 1, 'plugins.metadata', 'mods34', '', 0, 0),
(1, 0, 0, 0, '2020-06-04 16:38:19', 1, 'plugins.metadata', 'openurl10', '', 0, 0),
(1, 0, 0, 0, '2020-06-04 16:38:19', 1, 'plugins.blocks', 'browse', 'BrowseBlockPlugin', 1, 0),
(1, 0, 0, 0, '2020-06-04 16:38:19', 1, 'plugins.blocks', 'information', 'InformationBlockPlugin', 1, 0),
(1, 0, 0, 0, '2020-06-04 16:38:19', 1, 'plugins.blocks', 'makeSubmission', 'MakeSubmissionBlockPlugin', 1, 0),
(1, 1, 0, 0, '2020-06-04 16:38:19', 1, 'plugins.blocks', 'subscription', 'SubscriptionBlockPlugin', 1, 0),
(1, 0, 0, 0, '2020-06-04 16:38:19', 1, 'plugins.blocks', 'developedBy', 'DevelopedByBlockPlugin', 1, 0),
(1, 0, 0, 0, '2020-06-04 16:38:19', 1, 'plugins.blocks', 'languageToggle', 'LanguageToggleBlockPlugin', 1, 0),
(1, 0, 0, 0, '2020-06-04 16:38:19', 1, 'plugins.gateways', 'resolver', '', 0, 0),
(1, 2, 0, 0, '2020-06-04 16:38:19', 1, 'plugins.generic', 'acron', 'AcronPlugin', 1, 1),
(1, 2, 0, 0, '2020-06-04 16:38:19', 1, 'plugins.generic', 'openAIRE', 'OpenAIREPlugin', 1, 0),
(1, 0, 0, 0, '2020-06-04 16:38:19', 1, 'plugins.generic', 'usageStats', 'UsageStatsPlugin', 0, 1),
(1, 0, 0, 0, '2020-06-04 16:38:19', 1, 'plugins.generic', 'usageEvent', '', 0, 0),
(1, 0, 0, 0, '2020-06-04 16:38:19', 1, 'plugins.generic', 'tinymce', 'TinyMCEPlugin', 1, 0),
(1, 2, 0, 0, '2020-06-04 16:38:19', 1, 'plugins.generic', 'staticPages', 'StaticPagesPlugin', 1, 0),
(1, 0, 0, 0, '2020-06-04 16:38:19', 1, 'plugins.generic', 'recommendByAuthor', 'RecommendByAuthorPlugin', 1, 1),
(1, 0, 1, 0, '2020-06-04 16:38:19', 1, 'plugins.generic', 'pdfJsViewer', 'PdfJsViewerPlugin', 1, 0),
(1, 1, 1, 1, '2020-06-04 16:38:19', 1, 'plugins.generic', 'orcidProfile', 'OrcidProfilePlugin', 1, 0),
(1, 0, 0, 0, '2020-06-04 16:38:19', 1, 'plugins.generic', 'lensGalley', 'LensGalleyPlugin', 1, 0),
(0, 1, 0, 0, '2020-06-04 16:38:19', 1, 'plugins.generic', 'citationStyleLanguage', 'CitationStyleLanguagePlugin', 1, 0),
(1, 0, 0, 0, '2020-06-04 16:38:19', 1, 'plugins.generic', 'htmlArticleGalley', 'HtmlArticleGalleyPlugin', 1, 0),
(1, 0, 0, 0, '2020-06-04 16:38:19', 1, 'plugins.generic', 'googleScholar', 'GoogleScholarPlugin', 1, 0),
(1, 0, 0, 0, '2020-06-04 16:38:19', 1, 'plugins.generic', 'googleAnalytics', 'GoogleAnalyticsPlugin', 1, 0),
(1, 0, 0, 0, '2020-06-04 16:38:19', 1, 'plugins.generic', 'dublinCoreMeta', 'DublinCoreMetaPlugin', 1, 0),
(1, 0, 0, 0, '2020-06-04 16:38:19', 1, 'plugins.generic', 'driver', 'DRIVERPlugin', 1, 0),
(1, 2, 0, 0, '2020-06-04 16:38:19', 1, 'plugins.generic', 'customBlockManager', 'CustomBlockManagerPlugin', 1, 0),
(1, 0, 0, 0, '2020-06-04 16:38:19', 1, 'plugins.generic', 'webFeed', 'WebFeedPlugin', 1, 0),
(2, 1, 0, 0, '2020-06-04 16:38:19', 1, 'plugins.importexport', 'crossref', '', 0, 0),
(2, 0, 0, 0, '2020-06-04 16:38:19', 1, 'plugins.importexport', 'datacite', '', 0, 0),
(1, 1, 0, 0, '2020-06-04 16:38:19', 1, 'plugins.importexport', 'doaj', '', 0, 0),
(2, 0, 0, 0, '2020-06-04 16:38:19', 1, 'plugins.importexport', 'medra', '', 0, 0),
(1, 0, 0, 0, '2020-06-04 16:38:19', 1, 'plugins.importexport', 'native', '', 0, 0),
(1, 0, 0, 0, '2020-06-04 16:38:19', 1, 'plugins.importexport', 'pubmed', '', 0, 0),
(1, 0, 0, 0, '2020-06-04 16:38:19', 1, 'plugins.importexport', 'users', '', 0, 0),
(1, 0, 0, 0, '2020-06-04 16:38:19', 1, 'plugins.oaiMetadataFormats', 'dc', '', 0, 0),
(1, 0, 0, 0, '2020-06-04 16:38:19', 1, 'plugins.oaiMetadataFormats', 'marc', '', 0, 0),
(1, 0, 0, 0, '2020-06-04 16:38:19', 1, 'plugins.oaiMetadataFormats', 'marcxml', '', 0, 0),
(1, 0, 0, 0, '2020-06-04 16:38:19', 1, 'plugins.oaiMetadataFormats', 'rfc1807', '', 0, 0),
(1, 0, 0, 0, '2020-06-04 16:38:19', 1, 'plugins.paymethod', 'manual', '', 0, 0),
(1, 0, 0, 0, '2020-06-04 16:38:19', 1, 'plugins.paymethod', 'paypal', '', 0, 0),
(1, 0, 0, 0, '2020-06-04 16:38:19', 1, 'plugins.pubIds', 'doi', 'DOIPubIdPlugin', 1, 0),
(1, 0, 0, 0, '2020-06-04 16:38:19', 1, 'plugins.pubIds', 'urn', 'URNPubIdPlugin', 1, 0),
(1, 0, 0, 0, '2020-06-04 16:38:19', 1, 'plugins.reports', 'articles', '', 0, 0),
(1, 1, 0, 0, '2020-06-04 16:38:19', 1, 'plugins.reports', 'counterReport', '', 0, 0),
(2, 0, 0, 0, '2020-06-04 16:38:19', 1, 'plugins.reports', 'reviewReport', '', 0, 0),
(1, 0, 0, 0, '2020-06-04 16:38:19', 1, 'plugins.reports', 'views', '', 0, 0),
(1, 0, 0, 0, '2020-06-04 16:38:19', 1, 'plugins.themes', 'default', 'DefaultThemePlugin', 1, 0),
(3, 1, 2, 4, '2020-06-04 16:38:11', 1, 'core', 'ojs2', '', 0, 1),
(1, 0, 3, 0, '2020-06-24 13:20:07', 0, 'plugins.importexport', 'quickSubmit', '', 0, 0),
(1, 0, 4, 1, '2020-06-24 14:21:24', 1, 'plugins.importexport', 'quickSubmit', '', 0, 0);

--
-- Indexes for dumped tables
--

--
-- Indeks untuk tabel `access_keys`
--
ALTER TABLE `access_keys`
  ADD PRIMARY KEY (`access_key_id`),
  ADD KEY `access_keys_hash` (`key_hash`,`user_id`,`context`);

--
-- Indeks untuk tabel `announcements`
--
ALTER TABLE `announcements`
  ADD PRIMARY KEY (`announcement_id`),
  ADD KEY `announcements_assoc` (`assoc_type`,`assoc_id`);

--
-- Indeks untuk tabel `announcement_settings`
--
ALTER TABLE `announcement_settings`
  ADD UNIQUE KEY `announcement_settings_pkey` (`announcement_id`,`locale`,`setting_name`),
  ADD KEY `announcement_settings_announcement_id` (`announcement_id`);

--
-- Indeks untuk tabel `announcement_types`
--
ALTER TABLE `announcement_types`
  ADD PRIMARY KEY (`type_id`),
  ADD KEY `announcement_types_assoc` (`assoc_type`,`assoc_id`);

--
-- Indeks untuk tabel `announcement_type_settings`
--
ALTER TABLE `announcement_type_settings`
  ADD UNIQUE KEY `announcement_type_settings_pkey` (`type_id`,`locale`,`setting_name`),
  ADD KEY `announcement_type_settings_type_id` (`type_id`);

--
-- Indeks untuk tabel `authors`
--
ALTER TABLE `authors`
  ADD PRIMARY KEY (`author_id`),
  ADD KEY `authors_submission_id` (`submission_id`);

--
-- Indeks untuk tabel `author_settings`
--
ALTER TABLE `author_settings`
  ADD UNIQUE KEY `author_settings_pkey` (`author_id`,`locale`,`setting_name`),
  ADD KEY `author_settings_author_id` (`author_id`);

--
-- Indeks untuk tabel `auth_sources`
--
ALTER TABLE `auth_sources`
  ADD PRIMARY KEY (`auth_id`);

--
-- Indeks untuk tabel `categories`
--
ALTER TABLE `categories`
  ADD PRIMARY KEY (`category_id`),
  ADD UNIQUE KEY `category_path` (`context_id`,`path`),
  ADD KEY `category_context_id` (`context_id`,`parent_id`);

--
-- Indeks untuk tabel `category_settings`
--
ALTER TABLE `category_settings`
  ADD UNIQUE KEY `category_settings_pkey` (`category_id`,`locale`,`setting_name`);

--
-- Indeks untuk tabel `citations`
--
ALTER TABLE `citations`
  ADD PRIMARY KEY (`citation_id`),
  ADD UNIQUE KEY `citations_submission_seq` (`submission_id`,`seq`),
  ADD KEY `citations_submission` (`submission_id`);

--
-- Indeks untuk tabel `citation_settings`
--
ALTER TABLE `citation_settings`
  ADD UNIQUE KEY `citation_settings_pkey` (`citation_id`,`locale`,`setting_name`),
  ADD KEY `citation_settings_citation_id` (`citation_id`);

--
-- Indeks untuk tabel `completed_payments`
--
ALTER TABLE `completed_payments`
  ADD PRIMARY KEY (`completed_payment_id`);

--
-- Indeks untuk tabel `controlled_vocabs`
--
ALTER TABLE `controlled_vocabs`
  ADD PRIMARY KEY (`controlled_vocab_id`),
  ADD UNIQUE KEY `controlled_vocab_symbolic` (`symbolic`,`assoc_type`,`assoc_id`);

--
-- Indeks untuk tabel `controlled_vocab_entries`
--
ALTER TABLE `controlled_vocab_entries`
  ADD PRIMARY KEY (`controlled_vocab_entry_id`),
  ADD KEY `controlled_vocab_entries_cv_id` (`controlled_vocab_id`,`seq`);

--
-- Indeks untuk tabel `controlled_vocab_entry_settings`
--
ALTER TABLE `controlled_vocab_entry_settings`
  ADD UNIQUE KEY `c_v_e_s_pkey` (`controlled_vocab_entry_id`,`locale`,`setting_name`),
  ADD KEY `c_v_e_s_entry_id` (`controlled_vocab_entry_id`);

--
-- Indeks untuk tabel `custom_issue_orders`
--
ALTER TABLE `custom_issue_orders`
  ADD UNIQUE KEY `custom_issue_orders_pkey` (`issue_id`);

--
-- Indeks untuk tabel `custom_section_orders`
--
ALTER TABLE `custom_section_orders`
  ADD UNIQUE KEY `custom_section_orders_pkey` (`issue_id`,`section_id`);

--
-- Indeks untuk tabel `data_object_tombstones`
--
ALTER TABLE `data_object_tombstones`
  ADD PRIMARY KEY (`tombstone_id`),
  ADD KEY `data_object_tombstones_data_object_id` (`data_object_id`);

--
-- Indeks untuk tabel `data_object_tombstone_oai_set_objects`
--
ALTER TABLE `data_object_tombstone_oai_set_objects`
  ADD PRIMARY KEY (`object_id`),
  ADD KEY `data_object_tombstone_oai_set_objects_tombstone_id` (`tombstone_id`);

--
-- Indeks untuk tabel `data_object_tombstone_settings`
--
ALTER TABLE `data_object_tombstone_settings`
  ADD UNIQUE KEY `data_object_tombstone_settings_pkey` (`tombstone_id`,`locale`,`setting_name`),
  ADD KEY `data_object_tombstone_settings_tombstone_id` (`tombstone_id`);

--
-- Indeks untuk tabel `edit_decisions`
--
ALTER TABLE `edit_decisions`
  ADD PRIMARY KEY (`edit_decision_id`),
  ADD KEY `edit_decisions_submission_id` (`submission_id`),
  ADD KEY `edit_decisions_editor_id` (`editor_id`);

--
-- Indeks untuk tabel `email_log`
--
ALTER TABLE `email_log`
  ADD PRIMARY KEY (`log_id`),
  ADD KEY `email_log_assoc` (`assoc_type`,`assoc_id`);

--
-- Indeks untuk tabel `email_log_users`
--
ALTER TABLE `email_log_users`
  ADD UNIQUE KEY `email_log_user_id` (`email_log_id`,`user_id`);

--
-- Indeks untuk tabel `email_templates`
--
ALTER TABLE `email_templates`
  ADD PRIMARY KEY (`email_id`),
  ADD UNIQUE KEY `email_templates_email_key` (`email_key`,`assoc_type`,`assoc_id`),
  ADD KEY `email_templates_assoc` (`assoc_type`,`assoc_id`);

--
-- Indeks untuk tabel `email_templates_data`
--
ALTER TABLE `email_templates_data`
  ADD UNIQUE KEY `email_templates_data_pkey` (`email_key`,`locale`,`assoc_type`,`assoc_id`);

--
-- Indeks untuk tabel `email_templates_default`
--
ALTER TABLE `email_templates_default`
  ADD PRIMARY KEY (`email_id`),
  ADD KEY `email_templates_default_email_key` (`email_key`);

--
-- Indeks untuk tabel `email_templates_default_data`
--
ALTER TABLE `email_templates_default_data`
  ADD UNIQUE KEY `email_templates_default_data_pkey` (`email_key`,`locale`);

--
-- Indeks untuk tabel `event_log`
--
ALTER TABLE `event_log`
  ADD PRIMARY KEY (`log_id`),
  ADD KEY `event_log_assoc` (`assoc_type`,`assoc_id`);

--
-- Indeks untuk tabel `event_log_settings`
--
ALTER TABLE `event_log_settings`
  ADD UNIQUE KEY `event_log_settings_pkey` (`log_id`,`setting_name`),
  ADD KEY `event_log_settings_log_id` (`log_id`);

--
-- Indeks untuk tabel `filters`
--
ALTER TABLE `filters`
  ADD PRIMARY KEY (`filter_id`);

--
-- Indeks untuk tabel `filter_groups`
--
ALTER TABLE `filter_groups`
  ADD PRIMARY KEY (`filter_group_id`),
  ADD UNIQUE KEY `filter_groups_symbolic` (`symbolic`);

--
-- Indeks untuk tabel `filter_settings`
--
ALTER TABLE `filter_settings`
  ADD UNIQUE KEY `filter_settings_pkey` (`filter_id`,`locale`,`setting_name`),
  ADD KEY `filter_settings_id` (`filter_id`);

--
-- Indeks untuk tabel `genres`
--
ALTER TABLE `genres`
  ADD PRIMARY KEY (`genre_id`);

--
-- Indeks untuk tabel `genre_settings`
--
ALTER TABLE `genre_settings`
  ADD UNIQUE KEY `genre_settings_pkey` (`genre_id`,`locale`,`setting_name`),
  ADD KEY `genre_settings_genre_id` (`genre_id`);

--
-- Indeks untuk tabel `institutional_subscriptions`
--
ALTER TABLE `institutional_subscriptions`
  ADD PRIMARY KEY (`institutional_subscription_id`),
  ADD KEY `institutional_subscriptions_subscription_id` (`subscription_id`),
  ADD KEY `institutional_subscriptions_domain` (`domain`);

--
-- Indeks untuk tabel `institutional_subscription_ip`
--
ALTER TABLE `institutional_subscription_ip`
  ADD PRIMARY KEY (`institutional_subscription_ip_id`),
  ADD KEY `institutional_subscription_ip_subscription_id` (`subscription_id`),
  ADD KEY `institutional_subscription_ip_start` (`ip_start`),
  ADD KEY `institutional_subscription_ip_end` (`ip_end`);

--
-- Indeks untuk tabel `issues`
--
ALTER TABLE `issues`
  ADD PRIMARY KEY (`issue_id`),
  ADD KEY `issues_journal_id` (`journal_id`);

--
-- Indeks untuk tabel `issue_files`
--
ALTER TABLE `issue_files`
  ADD PRIMARY KEY (`file_id`),
  ADD KEY `issue_files_issue_id` (`issue_id`);

--
-- Indeks untuk tabel `issue_galleys`
--
ALTER TABLE `issue_galleys`
  ADD PRIMARY KEY (`galley_id`),
  ADD KEY `issue_galleys_issue_id` (`issue_id`);

--
-- Indeks untuk tabel `issue_galley_settings`
--
ALTER TABLE `issue_galley_settings`
  ADD UNIQUE KEY `issue_galley_settings_pkey` (`galley_id`,`locale`,`setting_name`),
  ADD KEY `issue_galley_settings_galley_id` (`galley_id`);

--
-- Indeks untuk tabel `issue_settings`
--
ALTER TABLE `issue_settings`
  ADD UNIQUE KEY `issue_settings_pkey` (`issue_id`,`locale`,`setting_name`),
  ADD KEY `issue_settings_issue_id` (`issue_id`),
  ADD KEY `issue_settings_name_value` (`setting_name`(50),`setting_value`(150));

--
-- Indeks untuk tabel `item_views`
--
ALTER TABLE `item_views`
  ADD UNIQUE KEY `item_views_pkey` (`assoc_type`,`assoc_id`,`user_id`);

--
-- Indeks untuk tabel `journals`
--
ALTER TABLE `journals`
  ADD PRIMARY KEY (`journal_id`),
  ADD UNIQUE KEY `journals_path` (`path`);

--
-- Indeks untuk tabel `journal_settings`
--
ALTER TABLE `journal_settings`
  ADD UNIQUE KEY `journal_settings_pkey` (`journal_id`,`locale`,`setting_name`),
  ADD KEY `journal_settings_journal_id` (`journal_id`);

--
-- Indeks untuk tabel `library_files`
--
ALTER TABLE `library_files`
  ADD PRIMARY KEY (`file_id`),
  ADD KEY `library_files_submission_id` (`submission_id`);

--
-- Indeks untuk tabel `library_file_settings`
--
ALTER TABLE `library_file_settings`
  ADD UNIQUE KEY `library_file_settings_pkey` (`file_id`,`locale`,`setting_name`),
  ADD KEY `library_file_settings_id` (`file_id`);

--
-- Indeks untuk tabel `metadata_descriptions`
--
ALTER TABLE `metadata_descriptions`
  ADD PRIMARY KEY (`metadata_description_id`),
  ADD KEY `metadata_descriptions_assoc` (`assoc_type`,`assoc_id`);

--
-- Indeks untuk tabel `metadata_description_settings`
--
ALTER TABLE `metadata_description_settings`
  ADD UNIQUE KEY `metadata_descripton_settings_pkey` (`metadata_description_id`,`locale`,`setting_name`),
  ADD KEY `metadata_description_settings_id` (`metadata_description_id`);

--
-- Indeks untuk tabel `metrics`
--
ALTER TABLE `metrics`
  ADD KEY `metrics_load_id` (`load_id`),
  ADD KEY `metrics_metric_type_context_id` (`metric_type`,`context_id`),
  ADD KEY `metrics_metric_type_submission_id_assoc_type` (`metric_type`,`submission_id`,`assoc_type`),
  ADD KEY `metrics_metric_type_submission_id_assoc` (`metric_type`,`context_id`,`assoc_type`,`assoc_id`);

--
-- Indeks untuk tabel `navigation_menus`
--
ALTER TABLE `navigation_menus`
  ADD PRIMARY KEY (`navigation_menu_id`);

--
-- Indeks untuk tabel `navigation_menu_items`
--
ALTER TABLE `navigation_menu_items`
  ADD PRIMARY KEY (`navigation_menu_item_id`);

--
-- Indeks untuk tabel `navigation_menu_item_assignments`
--
ALTER TABLE `navigation_menu_item_assignments`
  ADD PRIMARY KEY (`navigation_menu_item_assignment_id`);

--
-- Indeks untuk tabel `navigation_menu_item_assignment_settings`
--
ALTER TABLE `navigation_menu_item_assignment_settings`
  ADD UNIQUE KEY `navigation_menu_item_assignment_settings_pkey` (`navigation_menu_item_assignment_id`,`locale`,`setting_name`),
  ADD KEY `assignment_settings_navigation_menu_item_assignment_id` (`navigation_menu_item_assignment_id`);

--
-- Indeks untuk tabel `navigation_menu_item_settings`
--
ALTER TABLE `navigation_menu_item_settings`
  ADD UNIQUE KEY `navigation_menu_item_settings_pkey` (`navigation_menu_item_id`,`locale`,`setting_name`),
  ADD KEY `navigation_menu_item_settings_navigation_menu_id` (`navigation_menu_item_id`);

--
-- Indeks untuk tabel `notes`
--
ALTER TABLE `notes`
  ADD PRIMARY KEY (`note_id`),
  ADD KEY `notes_assoc` (`assoc_type`,`assoc_id`);

--
-- Indeks untuk tabel `notifications`
--
ALTER TABLE `notifications`
  ADD PRIMARY KEY (`notification_id`),
  ADD KEY `notifications_context_id_user_id` (`context_id`,`user_id`,`level`),
  ADD KEY `notifications_context_id` (`context_id`,`level`),
  ADD KEY `notifications_assoc` (`assoc_type`,`assoc_id`);

--
-- Indeks untuk tabel `notification_mail_list`
--
ALTER TABLE `notification_mail_list`
  ADD PRIMARY KEY (`notification_mail_list_id`),
  ADD UNIQUE KEY `notification_mail_list_email_context` (`email`,`context`);

--
-- Indeks untuk tabel `notification_settings`
--
ALTER TABLE `notification_settings`
  ADD UNIQUE KEY `notification_settings_pkey` (`notification_id`,`locale`,`setting_name`);

--
-- Indeks untuk tabel `notification_subscription_settings`
--
ALTER TABLE `notification_subscription_settings`
  ADD PRIMARY KEY (`setting_id`);

--
-- Indeks untuk tabel `oai_resumption_tokens`
--
ALTER TABLE `oai_resumption_tokens`
  ADD UNIQUE KEY `oai_resumption_tokens_pkey` (`token`);

--
-- Indeks untuk tabel `plugin_settings`
--
ALTER TABLE `plugin_settings`
  ADD UNIQUE KEY `plugin_settings_pkey` (`plugin_name`,`context_id`,`setting_name`),
  ADD KEY `plugin_settings_plugin_name` (`plugin_name`);

--
-- Indeks untuk tabel `published_submissions`
--
ALTER TABLE `published_submissions`
  ADD PRIMARY KEY (`published_submission_id`),
  ADD UNIQUE KEY `published_submissions_submission_id` (`submission_id`),
  ADD KEY `published_submissions_issue_id` (`issue_id`);

--
-- Indeks untuk tabel `queries`
--
ALTER TABLE `queries`
  ADD PRIMARY KEY (`query_id`),
  ADD KEY `queries_assoc_id` (`assoc_type`,`assoc_id`);

--
-- Indeks untuk tabel `query_participants`
--
ALTER TABLE `query_participants`
  ADD UNIQUE KEY `query_participants_pkey` (`query_id`,`user_id`);

--
-- Indeks untuk tabel `queued_payments`
--
ALTER TABLE `queued_payments`
  ADD PRIMARY KEY (`queued_payment_id`);

--
-- Indeks untuk tabel `review_assignments`
--
ALTER TABLE `review_assignments`
  ADD PRIMARY KEY (`review_id`),
  ADD KEY `review_assignments_submission_id` (`submission_id`),
  ADD KEY `review_assignments_reviewer_id` (`reviewer_id`),
  ADD KEY `review_assignments_form_id` (`review_form_id`),
  ADD KEY `review_assignments_reviewer_review` (`reviewer_id`,`review_id`);

--
-- Indeks untuk tabel `review_files`
--
ALTER TABLE `review_files`
  ADD UNIQUE KEY `review_files_pkey` (`review_id`,`file_id`),
  ADD KEY `review_files_review_id` (`review_id`);

--
-- Indeks untuk tabel `review_forms`
--
ALTER TABLE `review_forms`
  ADD PRIMARY KEY (`review_form_id`);

--
-- Indeks untuk tabel `review_form_elements`
--
ALTER TABLE `review_form_elements`
  ADD PRIMARY KEY (`review_form_element_id`),
  ADD KEY `review_form_elements_review_form_id` (`review_form_id`);

--
-- Indeks untuk tabel `review_form_element_settings`
--
ALTER TABLE `review_form_element_settings`
  ADD UNIQUE KEY `review_form_element_settings_pkey` (`review_form_element_id`,`locale`,`setting_name`),
  ADD KEY `review_form_element_settings_review_form_element_id` (`review_form_element_id`);

--
-- Indeks untuk tabel `review_form_responses`
--
ALTER TABLE `review_form_responses`
  ADD KEY `review_form_responses_pkey` (`review_form_element_id`,`review_id`);

--
-- Indeks untuk tabel `review_form_settings`
--
ALTER TABLE `review_form_settings`
  ADD UNIQUE KEY `review_form_settings_pkey` (`review_form_id`,`locale`,`setting_name`),
  ADD KEY `review_form_settings_review_form_id` (`review_form_id`);

--
-- Indeks untuk tabel `review_rounds`
--
ALTER TABLE `review_rounds`
  ADD PRIMARY KEY (`review_round_id`),
  ADD UNIQUE KEY `review_rounds_submission_id_stage_id_round_pkey` (`submission_id`,`stage_id`,`round`),
  ADD KEY `review_rounds_submission_id` (`submission_id`);

--
-- Indeks untuk tabel `review_round_files`
--
ALTER TABLE `review_round_files`
  ADD UNIQUE KEY `review_round_files_pkey` (`submission_id`,`review_round_id`,`file_id`,`revision`),
  ADD KEY `review_round_files_submission_id` (`submission_id`);

--
-- Indeks untuk tabel `rt_contexts`
--
ALTER TABLE `rt_contexts`
  ADD PRIMARY KEY (`context_id`),
  ADD KEY `rt_contexts_version_id` (`version_id`);

--
-- Indeks untuk tabel `rt_searches`
--
ALTER TABLE `rt_searches`
  ADD PRIMARY KEY (`search_id`),
  ADD KEY `rt_searches_context_id` (`context_id`);

--
-- Indeks untuk tabel `rt_versions`
--
ALTER TABLE `rt_versions`
  ADD PRIMARY KEY (`version_id`),
  ADD KEY `rt_versions_journal_id` (`journal_id`),
  ADD KEY `rt_versions_version_key` (`version_key`);

--
-- Indeks untuk tabel `scheduled_tasks`
--
ALTER TABLE `scheduled_tasks`
  ADD UNIQUE KEY `scheduled_tasks_pkey` (`class_name`);

--
-- Indeks untuk tabel `sections`
--
ALTER TABLE `sections`
  ADD PRIMARY KEY (`section_id`),
  ADD KEY `sections_journal_id` (`journal_id`);

--
-- Indeks untuk tabel `section_editors`
--
ALTER TABLE `section_editors`
  ADD UNIQUE KEY `section_editors_pkey` (`context_id`,`section_id`,`user_id`),
  ADD KEY `section_editors_context_id` (`context_id`),
  ADD KEY `section_editors_section_id` (`section_id`),
  ADD KEY `section_editors_user_id` (`user_id`);

--
-- Indeks untuk tabel `section_settings`
--
ALTER TABLE `section_settings`
  ADD UNIQUE KEY `section_settings_pkey` (`section_id`,`locale`,`setting_name`),
  ADD KEY `section_settings_section_id` (`section_id`);

--
-- Indeks untuk tabel `sessions`
--
ALTER TABLE `sessions`
  ADD UNIQUE KEY `sessions_pkey` (`session_id`),
  ADD KEY `sessions_user_id` (`user_id`);

--
-- Indeks untuk tabel `site_settings`
--
ALTER TABLE `site_settings`
  ADD UNIQUE KEY `site_settings_pkey` (`setting_name`,`locale`);

--
-- Indeks untuk tabel `stage_assignments`
--
ALTER TABLE `stage_assignments`
  ADD PRIMARY KEY (`stage_assignment_id`),
  ADD UNIQUE KEY `stage_assignment` (`submission_id`,`user_group_id`,`user_id`),
  ADD KEY `stage_assignments_submission_id` (`submission_id`),
  ADD KEY `stage_assignments_user_group_id` (`user_group_id`),
  ADD KEY `stage_assignments_user_id` (`user_id`);

--
-- Indeks untuk tabel `static_pages`
--
ALTER TABLE `static_pages`
  ADD PRIMARY KEY (`static_page_id`);

--
-- Indeks untuk tabel `static_page_settings`
--
ALTER TABLE `static_page_settings`
  ADD UNIQUE KEY `static_page_settings_pkey` (`static_page_id`,`locale`,`setting_name`),
  ADD KEY `static_page_settings_static_page_id` (`static_page_id`);

--
-- Indeks untuk tabel `submissions`
--
ALTER TABLE `submissions`
  ADD PRIMARY KEY (`submission_id`),
  ADD KEY `submissions_section_id` (`section_id`);

--
-- Indeks untuk tabel `submission_artwork_files`
--
ALTER TABLE `submission_artwork_files`
  ADD PRIMARY KEY (`file_id`,`revision`);

--
-- Indeks untuk tabel `submission_categories`
--
ALTER TABLE `submission_categories`
  ADD UNIQUE KEY `submission_categories_id` (`submission_id`,`category_id`);

--
-- Indeks untuk tabel `submission_comments`
--
ALTER TABLE `submission_comments`
  ADD PRIMARY KEY (`comment_id`),
  ADD KEY `submission_comments_submission_id` (`submission_id`);

--
-- Indeks untuk tabel `submission_files`
--
ALTER TABLE `submission_files`
  ADD PRIMARY KEY (`file_id`,`revision`),
  ADD KEY `submission_files_submission_id` (`submission_id`);

--
-- Indeks untuk tabel `submission_file_settings`
--
ALTER TABLE `submission_file_settings`
  ADD UNIQUE KEY `submission_file_settings_pkey` (`file_id`,`locale`,`setting_name`),
  ADD KEY `submission_file_settings_id` (`file_id`);

--
-- Indeks untuk tabel `submission_galleys`
--
ALTER TABLE `submission_galleys`
  ADD PRIMARY KEY (`galley_id`),
  ADD KEY `submission_galleys_submission_id` (`submission_id`);

--
-- Indeks untuk tabel `submission_galley_settings`
--
ALTER TABLE `submission_galley_settings`
  ADD UNIQUE KEY `submission_galley_settings_pkey` (`galley_id`,`locale`,`setting_name`),
  ADD KEY `submission_galley_settings_galley_id` (`galley_id`),
  ADD KEY `submission_galley_settings_name_value` (`setting_name`(50),`setting_value`(150));

--
-- Indeks untuk tabel `submission_search_keyword_list`
--
ALTER TABLE `submission_search_keyword_list`
  ADD PRIMARY KEY (`keyword_id`),
  ADD UNIQUE KEY `submission_search_keyword_text` (`keyword_text`);

--
-- Indeks untuk tabel `submission_search_objects`
--
ALTER TABLE `submission_search_objects`
  ADD PRIMARY KEY (`object_id`);

--
-- Indeks untuk tabel `submission_search_object_keywords`
--
ALTER TABLE `submission_search_object_keywords`
  ADD UNIQUE KEY `submission_search_object_keywords_pkey` (`object_id`,`pos`),
  ADD KEY `submission_search_object_keywords_keyword_id` (`keyword_id`);

--
-- Indeks untuk tabel `submission_settings`
--
ALTER TABLE `submission_settings`
  ADD UNIQUE KEY `submission_settings_pkey` (`submission_id`,`locale`,`setting_name`),
  ADD KEY `submission_settings_submission_id` (`submission_id`),
  ADD KEY `submission_settings_name_value` (`setting_name`(50),`setting_value`(150));

--
-- Indeks untuk tabel `submission_supplementary_files`
--
ALTER TABLE `submission_supplementary_files`
  ADD PRIMARY KEY (`file_id`,`revision`);

--
-- Indeks untuk tabel `submission_tombstones`
--
ALTER TABLE `submission_tombstones`
  ADD PRIMARY KEY (`tombstone_id`),
  ADD KEY `submission_tombstones_journal_id` (`journal_id`),
  ADD KEY `submission_tombstones_submission_id` (`submission_id`);

--
-- Indeks untuk tabel `subscriptions`
--
ALTER TABLE `subscriptions`
  ADD PRIMARY KEY (`subscription_id`);

--
-- Indeks untuk tabel `subscription_types`
--
ALTER TABLE `subscription_types`
  ADD PRIMARY KEY (`type_id`);

--
-- Indeks untuk tabel `subscription_type_settings`
--
ALTER TABLE `subscription_type_settings`
  ADD UNIQUE KEY `subscription_type_settings_pkey` (`type_id`,`locale`,`setting_name`),
  ADD KEY `subscription_type_settings_type_id` (`type_id`);

--
-- Indeks untuk tabel `temporary_files`
--
ALTER TABLE `temporary_files`
  ADD PRIMARY KEY (`file_id`),
  ADD KEY `temporary_files_user_id` (`user_id`);

--
-- Indeks untuk tabel `users`
--
ALTER TABLE `users`
  ADD PRIMARY KEY (`user_id`),
  ADD UNIQUE KEY `users_username` (`username`),
  ADD UNIQUE KEY `users_email` (`email`);

--
-- Indeks untuk tabel `user_groups`
--
ALTER TABLE `user_groups`
  ADD PRIMARY KEY (`user_group_id`),
  ADD KEY `user_groups_user_group_id` (`user_group_id`),
  ADD KEY `user_groups_context_id` (`context_id`),
  ADD KEY `user_groups_role_id` (`role_id`);

--
-- Indeks untuk tabel `user_group_settings`
--
ALTER TABLE `user_group_settings`
  ADD UNIQUE KEY `user_group_settings_pkey` (`user_group_id`,`locale`,`setting_name`);

--
-- Indeks untuk tabel `user_group_stage`
--
ALTER TABLE `user_group_stage`
  ADD UNIQUE KEY `user_group_stage_pkey` (`context_id`,`user_group_id`,`stage_id`),
  ADD KEY `user_group_stage_context_id` (`context_id`),
  ADD KEY `user_group_stage_user_group_id` (`user_group_id`),
  ADD KEY `user_group_stage_stage_id` (`stage_id`);

--
-- Indeks untuk tabel `user_interests`
--
ALTER TABLE `user_interests`
  ADD UNIQUE KEY `u_e_pkey` (`user_id`,`controlled_vocab_entry_id`);

--
-- Indeks untuk tabel `user_settings`
--
ALTER TABLE `user_settings`
  ADD UNIQUE KEY `user_settings_pkey` (`user_id`,`locale`,`setting_name`,`assoc_type`,`assoc_id`),
  ADD KEY `user_settings_user_id` (`user_id`);

--
-- Indeks untuk tabel `user_user_groups`
--
ALTER TABLE `user_user_groups`
  ADD UNIQUE KEY `user_user_groups_pkey` (`user_group_id`,`user_id`),
  ADD KEY `user_user_groups_user_group_id` (`user_group_id`),
  ADD KEY `user_user_groups_user_id` (`user_id`);

--
-- Indeks untuk tabel `versions`
--
ALTER TABLE `versions`
  ADD UNIQUE KEY `versions_pkey` (`product_type`,`product`,`major`,`minor`,`revision`,`build`);

--
-- AUTO_INCREMENT untuk tabel yang dibuang
--

--
-- AUTO_INCREMENT untuk tabel `access_keys`
--
ALTER TABLE `access_keys`
  MODIFY `access_key_id` bigint(20) NOT NULL AUTO_INCREMENT;

--
-- AUTO_INCREMENT untuk tabel `announcements`
--
ALTER TABLE `announcements`
  MODIFY `announcement_id` bigint(20) NOT NULL AUTO_INCREMENT;

--
-- AUTO_INCREMENT untuk tabel `announcement_types`
--
ALTER TABLE `announcement_types`
  MODIFY `type_id` bigint(20) NOT NULL AUTO_INCREMENT;

--
-- AUTO_INCREMENT untuk tabel `authors`
--
ALTER TABLE `authors`
  MODIFY `author_id` bigint(20) NOT NULL AUTO_INCREMENT, AUTO_INCREMENT=136;

--
-- AUTO_INCREMENT untuk tabel `auth_sources`
--
ALTER TABLE `auth_sources`
  MODIFY `auth_id` bigint(20) NOT NULL AUTO_INCREMENT;

--
-- AUTO_INCREMENT untuk tabel `categories`
--
ALTER TABLE `categories`
  MODIFY `category_id` bigint(20) NOT NULL AUTO_INCREMENT;

--
-- AUTO_INCREMENT untuk tabel `citations`
--
ALTER TABLE `citations`
  MODIFY `citation_id` bigint(20) NOT NULL AUTO_INCREMENT;

--
-- AUTO_INCREMENT untuk tabel `completed_payments`
--
ALTER TABLE `completed_payments`
  MODIFY `completed_payment_id` bigint(20) NOT NULL AUTO_INCREMENT;

--
-- AUTO_INCREMENT untuk tabel `controlled_vocabs`
--
ALTER TABLE `controlled_vocabs`
  MODIFY `controlled_vocab_id` bigint(20) NOT NULL AUTO_INCREMENT, AUTO_INCREMENT=2312;

--
-- AUTO_INCREMENT untuk tabel `controlled_vocab_entries`
--
ALTER TABLE `controlled_vocab_entries`
  MODIFY `controlled_vocab_entry_id` bigint(20) NOT NULL AUTO_INCREMENT, AUTO_INCREMENT=133;

--
-- AUTO_INCREMENT untuk tabel `data_object_tombstones`
--
ALTER TABLE `data_object_tombstones`
  MODIFY `tombstone_id` bigint(20) NOT NULL AUTO_INCREMENT;

--
-- AUTO_INCREMENT untuk tabel `data_object_tombstone_oai_set_objects`
--
ALTER TABLE `data_object_tombstone_oai_set_objects`
  MODIFY `object_id` bigint(20) NOT NULL AUTO_INCREMENT;

--
-- AUTO_INCREMENT untuk tabel `edit_decisions`
--
ALTER TABLE `edit_decisions`
  MODIFY `edit_decision_id` bigint(20) NOT NULL AUTO_INCREMENT;

--
-- AUTO_INCREMENT untuk tabel `email_log`
--
ALTER TABLE `email_log`
  MODIFY `log_id` bigint(20) NOT NULL AUTO_INCREMENT;

--
-- AUTO_INCREMENT untuk tabel `email_templates`
--
ALTER TABLE `email_templates`
  MODIFY `email_id` bigint(20) NOT NULL AUTO_INCREMENT;

--
-- AUTO_INCREMENT untuk tabel `email_templates_default`
--
ALTER TABLE `email_templates_default`
  MODIFY `email_id` bigint(20) NOT NULL AUTO_INCREMENT, AUTO_INCREMENT=58;

--
-- AUTO_INCREMENT untuk tabel `event_log`
--
ALTER TABLE `event_log`
  MODIFY `log_id` bigint(20) NOT NULL AUTO_INCREMENT, AUTO_INCREMENT=80;

--
-- AUTO_INCREMENT untuk tabel `filters`
--
ALTER TABLE `filters`
  MODIFY `filter_id` bigint(20) NOT NULL AUTO_INCREMENT, AUTO_INCREMENT=36;

--
-- AUTO_INCREMENT untuk tabel `filter_groups`
--
ALTER TABLE `filter_groups`
  MODIFY `filter_group_id` bigint(20) NOT NULL AUTO_INCREMENT, AUTO_INCREMENT=36;

--
-- AUTO_INCREMENT untuk tabel `genres`
--
ALTER TABLE `genres`
  MODIFY `genre_id` bigint(20) NOT NULL AUTO_INCREMENT, AUTO_INCREMENT=169;

--
-- AUTO_INCREMENT untuk tabel `institutional_subscriptions`
--
ALTER TABLE `institutional_subscriptions`
  MODIFY `institutional_subscription_id` bigint(20) NOT NULL AUTO_INCREMENT;

--
-- AUTO_INCREMENT untuk tabel `institutional_subscription_ip`
--
ALTER TABLE `institutional_subscription_ip`
  MODIFY `institutional_subscription_ip_id` bigint(20) NOT NULL AUTO_INCREMENT;

--
-- AUTO_INCREMENT untuk tabel `issues`
--
ALTER TABLE `issues`
  MODIFY `issue_id` bigint(20) NOT NULL AUTO_INCREMENT, AUTO_INCREMENT=4;

--
-- AUTO_INCREMENT untuk tabel `issue_files`
--
ALTER TABLE `issue_files`
  MODIFY `file_id` bigint(20) NOT NULL AUTO_INCREMENT;

--
-- AUTO_INCREMENT untuk tabel `issue_galleys`
--
ALTER TABLE `issue_galleys`
  MODIFY `galley_id` bigint(20) NOT NULL AUTO_INCREMENT;

--
-- AUTO_INCREMENT untuk tabel `journals`
--
ALTER TABLE `journals`
  MODIFY `journal_id` bigint(20) NOT NULL AUTO_INCREMENT, AUTO_INCREMENT=15;

--
-- AUTO_INCREMENT untuk tabel `library_files`
--
ALTER TABLE `library_files`
  MODIFY `file_id` bigint(20) NOT NULL AUTO_INCREMENT;

--
-- AUTO_INCREMENT untuk tabel `metadata_descriptions`
--
ALTER TABLE `metadata_descriptions`
  MODIFY `metadata_description_id` bigint(20) NOT NULL AUTO_INCREMENT;

--
-- AUTO_INCREMENT untuk tabel `navigation_menus`
--
ALTER TABLE `navigation_menus`
  MODIFY `navigation_menu_id` bigint(20) NOT NULL AUTO_INCREMENT, AUTO_INCREMENT=30;

--
-- AUTO_INCREMENT untuk tabel `navigation_menu_items`
--
ALTER TABLE `navigation_menu_items`
  MODIFY `navigation_menu_item_id` bigint(20) NOT NULL AUTO_INCREMENT, AUTO_INCREMENT=256;

--
-- AUTO_INCREMENT untuk tabel `navigation_menu_item_assignments`
--
ALTER TABLE `navigation_menu_item_assignments`
  MODIFY `navigation_menu_item_assignment_id` bigint(20) NOT NULL AUTO_INCREMENT, AUTO_INCREMENT=333;

--
-- AUTO_INCREMENT untuk tabel `notes`
--
ALTER TABLE `notes`
  MODIFY `note_id` bigint(20) NOT NULL AUTO_INCREMENT, AUTO_INCREMENT=2;

--
-- AUTO_INCREMENT untuk tabel `notifications`
--
ALTER TABLE `notifications`
  MODIFY `notification_id` bigint(20) NOT NULL AUTO_INCREMENT, AUTO_INCREMENT=261;

--
-- AUTO_INCREMENT untuk tabel `notification_mail_list`
--
ALTER TABLE `notification_mail_list`
  MODIFY `notification_mail_list_id` bigint(20) NOT NULL AUTO_INCREMENT;

--
-- AUTO_INCREMENT untuk tabel `notification_subscription_settings`
--
ALTER TABLE `notification_subscription_settings`
  MODIFY `setting_id` bigint(20) NOT NULL AUTO_INCREMENT;

--
-- AUTO_INCREMENT untuk tabel `published_submissions`
--
ALTER TABLE `published_submissions`
  MODIFY `published_submission_id` bigint(20) NOT NULL AUTO_INCREMENT, AUTO_INCREMENT=32;

--
-- AUTO_INCREMENT untuk tabel `queries`
--
ALTER TABLE `queries`
  MODIFY `query_id` bigint(20) NOT NULL AUTO_INCREMENT, AUTO_INCREMENT=2;

--
-- AUTO_INCREMENT untuk tabel `queued_payments`
--
ALTER TABLE `queued_payments`
  MODIFY `queued_payment_id` bigint(20) NOT NULL AUTO_INCREMENT;

--
-- AUTO_INCREMENT untuk tabel `review_assignments`
--
ALTER TABLE `review_assignments`
  MODIFY `review_id` bigint(20) NOT NULL AUTO_INCREMENT;

--
-- AUTO_INCREMENT untuk tabel `review_forms`
--
ALTER TABLE `review_forms`
  MODIFY `review_form_id` bigint(20) NOT NULL AUTO_INCREMENT;

--
-- AUTO_INCREMENT untuk tabel `review_form_elements`
--
ALTER TABLE `review_form_elements`
  MODIFY `review_form_element_id` bigint(20) NOT NULL AUTO_INCREMENT;

--
-- AUTO_INCREMENT untuk tabel `review_rounds`
--
ALTER TABLE `review_rounds`
  MODIFY `review_round_id` bigint(20) NOT NULL AUTO_INCREMENT;

--
-- AUTO_INCREMENT untuk tabel `rt_contexts`
--
ALTER TABLE `rt_contexts`
  MODIFY `context_id` bigint(20) NOT NULL AUTO_INCREMENT;

--
-- AUTO_INCREMENT untuk tabel `rt_searches`
--
ALTER TABLE `rt_searches`
  MODIFY `search_id` bigint(20) NOT NULL AUTO_INCREMENT;

--
-- AUTO_INCREMENT untuk tabel `rt_versions`
--
ALTER TABLE `rt_versions`
  MODIFY `version_id` bigint(20) NOT NULL AUTO_INCREMENT;

--
-- AUTO_INCREMENT untuk tabel `sections`
--
ALTER TABLE `sections`
  MODIFY `section_id` bigint(20) NOT NULL AUTO_INCREMENT, AUTO_INCREMENT=15;

--
-- AUTO_INCREMENT untuk tabel `stage_assignments`
--
ALTER TABLE `stage_assignments`
  MODIFY `stage_assignment_id` bigint(20) NOT NULL AUTO_INCREMENT, AUTO_INCREMENT=41;

--
-- AUTO_INCREMENT untuk tabel `static_pages`
--
ALTER TABLE `static_pages`
  MODIFY `static_page_id` bigint(20) NOT NULL AUTO_INCREMENT, AUTO_INCREMENT=6;

--
-- AUTO_INCREMENT untuk tabel `submissions`
--
ALTER TABLE `submissions`
  MODIFY `submission_id` bigint(20) NOT NULL AUTO_INCREMENT, AUTO_INCREMENT=39;

--
-- AUTO_INCREMENT untuk tabel `submission_comments`
--
ALTER TABLE `submission_comments`
  MODIFY `comment_id` bigint(20) NOT NULL AUTO_INCREMENT;

--
-- AUTO_INCREMENT untuk tabel `submission_files`
--
ALTER TABLE `submission_files`
  MODIFY `file_id` bigint(20) NOT NULL AUTO_INCREMENT, AUTO_INCREMENT=76;

--
-- AUTO_INCREMENT untuk tabel `submission_galleys`
--
ALTER TABLE `submission_galleys`
  MODIFY `galley_id` bigint(20) NOT NULL AUTO_INCREMENT, AUTO_INCREMENT=47;

--
-- AUTO_INCREMENT untuk tabel `submission_search_keyword_list`
--
ALTER TABLE `submission_search_keyword_list`
  MODIFY `keyword_id` bigint(20) NOT NULL AUTO_INCREMENT, AUTO_INCREMENT=1829;

--
-- AUTO_INCREMENT untuk tabel `submission_search_objects`
--
ALTER TABLE `submission_search_objects`
  MODIFY `object_id` bigint(20) NOT NULL AUTO_INCREMENT, AUTO_INCREMENT=218;

--
-- AUTO_INCREMENT untuk tabel `submission_tombstones`
--
ALTER TABLE `submission_tombstones`
  MODIFY `tombstone_id` bigint(20) NOT NULL AUTO_INCREMENT;

--
-- AUTO_INCREMENT untuk tabel `subscriptions`
--
ALTER TABLE `subscriptions`
  MODIFY `subscription_id` bigint(20) NOT NULL AUTO_INCREMENT;

--
-- AUTO_INCREMENT untuk tabel `subscription_types`
--
ALTER TABLE `subscription_types`
  MODIFY `type_id` bigint(20) NOT NULL AUTO_INCREMENT;

--
-- AUTO_INCREMENT untuk tabel `temporary_files`
--
ALTER TABLE `temporary_files`
  MODIFY `file_id` bigint(20) NOT NULL AUTO_INCREMENT;

--
-- AUTO_INCREMENT untuk tabel `users`
--
ALTER TABLE `users`
  MODIFY `user_id` bigint(20) NOT NULL AUTO_INCREMENT, AUTO_INCREMENT=4;

--
-- AUTO_INCREMENT untuk tabel `user_groups`
--
ALTER TABLE `user_groups`
  MODIFY `user_group_id` bigint(20) NOT NULL AUTO_INCREMENT, AUTO_INCREMENT=240;
COMMIT;

/*!40101 SET CHARACTER_SET_CLIENT=@OLD_CHARACTER_SET_CLIENT */;
/*!40101 SET CHARACTER_SET_RESULTS=@OLD_CHARACTER_SET_RESULTS */;
/*!40101 SET COLLATION_CONNECTION=@OLD_COLLATION_CONNECTION */;
